cashout_id,mule_account,terminal_id,terminal_type,amount_withdrawn,timestamp,latitude,longitude
6983e82c-dcd9-4c18-8a0f-d7c6e8793fcd,735d7382bc84f337,ATM-MPEI-8781,ATM,97937.11,2023-04-13 20:04:16.320712,19.036506,72.877605
2fc25ddd-6a4a-46cc-95f7-189fcfee6e5c,2a1810e23521088f,MIC-YRKT-0158,MICRO_ATM_CSP,97937.11,2023-04-13 20:00:00.386869,28.108594,77.089625
a0508d00-9f4b-4904-b51f-441a8a9cb5d8,3d2337c8db88cc60,ATM-VIID-4490,ATM,25334.83,2023-11-27 10:30:29.702220,28.044749,77.045275
5a8c0ece-f397-44a5-8135-74a8a58144e1,8cb14c1df286e985,MIC-UJJO-2497,MICRO_ATM_CSP,25334.83,2023-11-27 11:24:22.632304,30.900981,75.877939
16beb240-fd68-452c-ad7c-300cff73fb21,77323791caaf34e8,ATM-BNOH-9887,ATM,25334.83,2023-11-27 11:05:51.838849,28.542432,77.336694
7f12dfc1-1bce-4038-b133-d72177caffc1,1fbd0c1ad65a3618,ATM-TMQV-9675,ATM,11226.24,2023-05-30 20:29:00.777268,24.037428,86.801322
125dac43-a1be-459d-b265-c5d554efcfc2,d0d470cfc4fc7e7d,ATM-YTEE-8722,ATM,11226.24,2023-05-30 20:45:12.328195,13.079753,80.253883
448145ef-b0d9-4807-902d-ceb0032152f9,b81bb0e12f7fe3b4,MIC-YWTH-0249,MICRO_ATM_CSP,11226.24,2023-05-30 20:21:26.399609,28.466056,77.406003
2904a628-07b8-4922-a2d9-dda37a936d34,a069a748d2be8bed,MIC-XFMT-0989,MICRO_ATM_CSP,16839.36,2023-05-30 20:14:54.805653,22.554844,88.384541
083ec9f4-3210-486a-a46e-c0498f69b08d,2a5119a5778f8fb7,MIC-DELG-9497,MICRO_ATM_CSP,16839.36,2023-05-30 20:28:18.914308,28.488515,77.448878
f4f28e9a-56d4-4ff5-9184-29a00190c106,7fe57d0ff66463b7,POS-AFRO-5083,POS,33678.73,2023-05-30 20:17:00.106091,22.57116,88.297375
cd02f7a9-db5e-444c-b007-f1f06e261809,91b86f426cd2cf59,ATM-BFXU-4055,ATM,50518.09,2023-05-30 20:18:19.324480,28.569511,77.381058
c4224623-2d66-455b-809f-c1ba17d0ff0d,2e4345eca1b5a34c,ATM-ZMOR-0858,ATM,50518.09,2023-05-30 20:15:20.594332,28.58583,77.455107
2a4c2237-3dc0-4668-801c-7c1a1a06a25e,f79cd1fb09127f5f,POS-VAPC-4250,POS,25259.04,2023-05-30 20:28:33.862683,30.881982,75.864466
b335ff3e-d149-43a1-b4b9-100b7284b7cf,cb9fa8bf15d4a4db,ATM-FKFV-3805,ATM,25259.04,2023-05-30 20:19:33.660777,24.197527,86.37659
9ad8d437-0f1b-48ea-bd21-ef2df6512d71,9f2c367e9ecb304a,ATM-AKTD-5344,ATM,25259.04,2023-05-30 20:13:11.766580,23.916564,86.741742
db08b68d-06cc-4e16-b7d5-c63e8c4f2fa0,82040f84c6d17a60,MIC-KVTQ-8965,MICRO_ATM_CSP,25259.04,2023-05-30 20:31:40.016068,28.525576,77.346905
269a8c96-ceef-414d-9c6f-d67848bef1c3,73c1232d5b4b4de7,POS-MFGY-4252,POS,50518.09,2023-05-30 20:42:28.979839,19.068182,72.947877
e50bd6e9-a966-4469-be4a-5473593645be,e3af0705ba5a43fa,ATM-POXT-7910,ATM,50518.09,2023-05-30 20:30:07.394321,13.097399,80.290348
87cd82d9-0d8e-4dda-ad64-c01fd2222f76,450ed2cd4f37f2a0,ATM-NQWR-5688,ATM,19086.57,2023-11-10 22:01:32.527061,19.056363,72.865981
04f2abc0-497a-4102-9060-70c13f117e2b,36ebcda7e8ca8c5d,ATM-HZZT-5455,ATM,19086.57,2023-11-10 21:59:08.937323,30.853126,75.875667
0c35a3ff-e0ac-44e4-9ddb-709df279c8b9,a624ff50d385a48f,POS-QEFF-9953,POS,38173.14,2023-11-10 22:17:32.482594,28.541552,77.415829
a03add80-4df5-463f-8c91-ded86b50a6e0,0c3bb40dc19d9219,ATM-JAUG-3848,ATM,19086.57,2023-11-10 23:01:25.216133,28.027277,77.018042
bb51d169-819f-4e79-b074-cdd442540f7a,cb9fa8bf15d4a4db,MIC-KBCA-8440,MICRO_ATM_CSP,19086.57,2023-11-10 23:12:18.376808,24.09572,86.293321
2199444f-fa7d-496a-b28c-b64a9e9470b6,78a973ba4ad6b938,MIC-WARM-1089,MICRO_ATM_CSP,19086.57,2023-11-10 22:32:16.048798,28.129723,77.04397
8cec1e1d-2233-4fa4-b43d-905bce12e759,5234e2681fb4977e,ATM-OXAW-7447,ATM,19086.57,2023-11-10 23:18:57.032905,24.18005,86.276642
480f7b81-1e21-4ffc-9099-ef408fd7d04e,6da47df28d1aad11,ATM-QNEF-9888,ATM,19086.57,2023-11-10 22:20:27.289200,30.842251,75.770467
7bbe9dcc-4a36-4c7d-996d-491de29e899e,a34fc46ca7398755,MIC-IHPW-0488,MICRO_ATM_CSP,19086.57,2023-11-10 22:14:47.850095,28.115437,76.898999
0f9893d7-d4a2-443a-a567-09ad83df9b20,78a973ba4ad6b938,ATM-HSSN-9992,ATM,19086.57,2023-11-10 21:57:38.983205,27.992217,77.011408
966bf5bf-89f1-45ba-83c5-7987072cddcc,6719077e3a6cd655,POS-WLYC-1831,POS,19086.57,2023-11-10 22:03:31.619568,23.907632,86.722423
3d9be446-2cc1-4f84-b208-003f772fa957,47dbc2f354f604d2,MIC-KTSZ-1695,MICRO_ATM_CSP,24956.74,2023-07-07 15:50:47.112291,28.165939,77.020107
e8ec2ade-06a2-45cc-9b0f-b3506b1c3488,c3f72c30b76aac18,ATM-GPON-6436,ATM,24956.74,2023-07-07 17:05:33.794887,28.478786,77.383413
8f7df373-e3e4-4795-b978-e1054729d2eb,fed6a0b55d80fbac,ATM-YEIB-2626,ATM,24956.74,2023-07-07 16:52:21.674394,28.153038,76.990591
4a1a8331-b3db-41f8-bb95-c929fd67e370,fe37a32105f85e14,MIC-KWLZ-4450,MICRO_ATM_CSP,18717.56,2023-07-07 15:28:53.556271,28.546593,77.370414
abc73e2e-284b-4609-8288-c702c8c336b1,a40844e151329aea,ATM-PBXN-2564,ATM,18717.56,2023-07-07 16:03:36.569332,24.158653,86.160628
f348bf11-f114-43a5-9daf-15225555b628,292f6186c375903b,MIC-RQDO-1088,MICRO_ATM_CSP,12478.37,2023-07-07 15:32:48.867651,28.009385,76.962604
4e9bf7e1-a887-4a52-87ea-abab5bcda01a,7b68689a915b1865,ATM-BHXA-7133,ATM,12478.37,2023-07-07 15:38:56.237808,28.509965,77.448043
dbe65cc5-d9eb-4fd9-a0d5-a5a0f9633a0e,c6add401e808d068,ATM-XOQW-4528,ATM,12478.37,2023-07-07 15:53:59.969063,28.489177,77.342994
e374ed0a-a5c8-4c67-93c8-0d1bf63c38ed,6da47df28d1aad11,POS-ZAOF-4513,POS,37435.12,2023-07-07 16:03:27.544410,30.993796,75.90574
f27534fd-3e2a-4a53-8efe-eb4e340c0e05,2647f966c1839f83,ATM-JQTD-7364,ATM,18717.56,2023-07-07 15:52:15.804596,28.263736,77.04153
9eaeeaeb-a9b2-4156-8481-96a41090b4d8,5eb59abc9c970d06,ATM-BLJJ-7247,ATM,18717.56,2023-07-07 15:28:59.147461,28.491627,77.270773
6c0ac971-2b00-499d-a60e-2e1c099cd365,38a341c387bf6b0b,ATM-AACW-2714,ATM,219207.4,2023-05-11 05:11:30.769544,28.153402,76.967797
22910883-299e-4e46-876c-076b3a5b5f50,6da47df28d1aad11,ATM-GQSZ-2879,ATM,8695.02,2023-03-30 14:07:15.433706,30.965304,75.857925
1107cc48-a907-4cfc-ac84-e290395e627a,48446ecf394d530e,MIC-UWHZ-8180,MICRO_ATM_CSP,8695.02,2023-03-30 14:14:49.488339,28.57205,77.417922
d604fbae-381d-4551-b7c7-9a93afe78292,91ff603347d3f90a,POS-PHBI-5164,POS,8695.02,2023-03-30 15:21:40.332646,28.148787,77.129918
6de721b0-0318-493d-b1e2-1172cb0948f4,48446ecf394d530e,ATM-AFIR-1625,ATM,26085.07,2023-03-30 14:18:13.214019,28.644755,77.356664
7215717a-8f13-40c8-a9e0-8ca3c3d23e3b,001cc7c523c48f43,ATM-XUGQ-9984,ATM,17390.05,2023-03-30 14:38:14.532946,24.219955,86.217486
ae8d3403-4756-41be-a7f0-f77a4707dc66,78412091d3702307,ATM-SZUW-0227,ATM,17390.05,2023-03-30 14:14:34.712330,28.154403,77.063754
50d41d72-a4c5-48c9-a6bf-2e318aaa2aa6,095c1c65e3981f27,POS-FRWV-6214,POS,17390.05,2023-03-30 14:09:59.717846,23.854576,86.813098
b77faf14-0c5d-4a1c-8891-a956c02eee78,4d9d93596a6dbe06,ATM-EEEE-4819,ATM,19548.46,2023-09-21 14:50:48.499244,30.856051,75.899679
b142f3d1-3b73-46ff-96c3-b2457d92c7d0,c05a5b6ef117bd25,ATM-OCGZ-2256,ATM,19548.46,2023-09-21 14:47:25.362452,28.190291,77.065126
1cdbf411-0660-4e5a-91ab-1083f26782e6,83537c7c9fe41c3e,ATM-DKQP-1524,ATM,19548.46,2023-09-21 16:27:18.114279,23.977445,86.848649
fa97469b-493b-4f0b-9712-c5e79e58c444,6da47df28d1aad11,MIC-FWDS-2982,MICRO_ATM_CSP,14661.35,2023-09-21 15:15:37.370846,30.845815,75.885823
8371a586-2054-4b93-b3a7-127993924429,b54aa42950315b45,ATM-PNPN-2092,ATM,14661.35,2023-09-21 18:31:05.108489,30.845555,75.95534
47216f93-2941-4dfe-9fa3-bf1b4afea3c9,6da47df28d1aad11,ATM-GWUR-5720,ATM,14661.35,2023-09-21 15:17:10.565104,30.900854,75.831129
72dc144e-ba2a-47fe-bb55-dd3fe8f94eae,735d7382bc84f337,MIC-AKGV-7167,MICRO_ATM_CSP,14661.35,2023-09-21 14:53:14.002703,19.0296,72.915773
fd5a4902-2023-44e8-854f-754dd3e4b2fa,4c0944feeeafc246,ATM-CBCW-4535,ATM,17639.27,2023-01-02 07:06:34.146745,22.531814,88.419667
226716ba-7930-4a99-88ee-25eef30d9c35,6877ffca8e5a30eb,ATM-RINJ-9027,ATM,17639.27,2023-01-02 06:37:10.298012,24.216991,86.21458
d15ff5b4-badb-4a87-8fe2-70c04d71d19c,d95d8cbc786fbe44,ATM-OHBQ-0040,ATM,17639.27,2023-01-02 06:41:12.630425,30.912617,75.904921
2237ed68-f655-4a82-94fe-87490a8d04cb,09faa805bb9366e1,MIC-IZGK-9328,MICRO_ATM_CSP,17639.27,2023-01-02 06:47:09.447114,13.032108,80.299437
e1749d4c-27a6-45f4-ab09-0b2086ab21be,7dfe46ee8d6ea258,MIC-ZPOI-3887,MICRO_ATM_CSP,17639.27,2023-01-02 06:39:28.707796,24.130825,86.365124
c7c58c72-da3f-44a8-b878-8e9174f1881c,8595d99a4d487472,MIC-UKPG-0626,MICRO_ATM_CSP,17639.27,2023-01-02 06:53:06.540263,28.472629,77.381938
8a65054b-9eed-4b1c-b80e-59cb161e27ea,25b04eca97925f46,MIC-VWQE-8367,MICRO_ATM_CSP,52917.8,2023-01-02 08:31:15.178004,24.228339,86.292404
4827b188-02d5-4c8b-9854-896f865b733f,9bbadf1ea0aacb76,ATM-BEJN-5936,ATM,8819.63,2023-01-02 06:47:46.058864,12.938392,80.27491
b8cd0a22-b223-4d71-abbb-38ecd432efc7,81db70f41785c665,ATM-QRUW-8834,ATM,8819.63,2023-01-02 06:50:31.986990,22.523262,88.321781
e6f4a535-e53f-4caf-a9c7-ec265b1ead28,6719077e3a6cd655,ATM-BCIU-2315,ATM,8819.63,2023-01-02 06:15:16.522773,24.003765,86.890517
958e7f22-b3f7-47f3-8941-fdf8bf8d1526,f35940835bdb022f,ATM-RYFM-7642,ATM,8819.63,2023-01-02 06:26:24.127043,24.210135,86.312234
9c7c871d-412d-4ab2-be46-cfbd8eac6c91,3dcd069dfca35470,ATM-QLAY-3785,ATM,8819.63,2023-01-02 06:38:00.332682,12.953147,80.373811
7027881a-696d-4747-abf0-d057a840fac7,2bc3bef98dc93ad5,ATM-CZQD-4369,ATM,8819.63,2023-01-02 07:06:07.174778,24.20358,86.314261
66340c81-eeae-4725-b984-1df47b86a820,044beed55d80dc2b,ATM-PBKO-6535,ATM,17639.27,2023-01-02 06:18:18.762356,24.165224,86.309189
e7b00d17-0902-459c-a5b6-763583721b57,4b2f70600e0981d6,MIC-AFSC-7459,MICRO_ATM_CSP,17639.27,2023-01-02 06:40:02.325114,28.583673,77.477966
4d49612d-45dc-4887-8f18-58eed12ce086,3d2337c8db88cc60,ATM-FBFG-5259,ATM,17639.27,2023-01-02 06:33:04.534082,28.125112,76.914145
d0aa0750-444d-4c57-ada0-dc9cb0571fac,3df284a919e148a8,MIC-BXUV-4479,MICRO_ATM_CSP,5879.76,2023-01-02 07:09:57.220795,22.554242,88.354633
e5408667-469b-4a24-baa4-f9ee25a57d44,99a3e1da6dbb6224,ATM-SFNB-9284,ATM,5879.76,2023-01-02 06:55:53.220984,13.147309,80.258098
fa0bb13c-cd95-4d0d-b39d-6d0219d84af9,9bbadf1ea0aacb76,ATM-VDZA-6146,ATM,5879.76,2023-01-02 07:37:35.220437,13.19426,80.22633
ba2585fa-8716-4872-98a3-699ef3f04d8b,9bbadf1ea0aacb76,ATM-OUBC-3149,ATM,8819.63,2023-01-02 06:49:44.901584,13.027762,80.306356
0d9d8aad-156e-4d23-9c37-cb7e20d172cb,4a2108204892de8a,MIC-ZACT-0829,MICRO_ATM_CSP,8819.63,2023-01-02 07:03:19.424012,23.95803,86.769519
65eddea4-86bd-45ff-b126-d3b27b98534e,b8fbafa1b8d2fdba,ATM-QPGG-3515,ATM,17639.27,2023-01-02 06:55:55.897548,23.890852,86.798777
7a48353f-aadd-484f-9f1c-2fbf380a7b69,3c0b67ba74cbafec,ATM-ZZQD-0644,ATM,76714.75,2023-07-21 03:31:00.359346,28.513347,77.452022
74c6c545-13b2-43b7-a66f-567630dd71de,ce42adff5fb0bcc0,MIC-KYAS-4187,MICRO_ATM_CSP,76714.75,2023-07-21 03:25:16.151523,24.259804,86.278753
4f46919f-f0f9-4e13-becc-720e704a48ec,a016bd797b31afda,ATM-AEKF-1572,ATM,55596.75,2023-09-09 07:57:29.305490,22.598334,88.344958
3d9a4877-42b5-4438-8b51-f03dea995b5b,1363f80c2a6ea929,ATM-HGDJ-2428,ATM,55596.75,2023-09-09 08:10:31.284493,19.106491,72.773718
bb390a9d-1db7-41f6-8d62-3de907bb06fa,87cc051ae08428cf,ATM-JMVG-3705,ATM,55596.75,2023-09-09 08:13:29.727274,24.22886,86.248122
fbcdbe83-c1bb-4e1a-8de3-ea4d51b9b066,ba7a465e61a11230,MIC-YSNE-7559,MICRO_ATM_CSP,111362.77,2023-06-06 16:02:38.654639,19.065567,72.862067
7078c2ff-fbbb-4361-870a-6bb819cb8589,f6b2ba68fde1e997,MIC-MOTQ-8424,MICRO_ATM_CSP,111362.77,2023-06-06 15:42:50.796199,22.559735,88.417906
ac409f73-c69e-4a43-84e7-4622bca2786d,98768ceed9627cfa,ATM-DDDK-2233,ATM,111362.77,2023-06-06 15:06:32.847155,23.920351,86.765263
3709cd58-c54d-4381-b6cc-8ea3523eedf6,6da47df28d1aad11,MIC-TRWO-9108,MICRO_ATM_CSP,111362.77,2023-06-06 15:01:50.597653,30.887279,75.918886
83249822-d000-4cc3-93ea-7e534582dc72,bda9d41fa5c88946,ATM-MDOI-2548,ATM,21983.89,2023-05-09 11:14:50.759228,24.193502,86.293312
529ae539-cb4d-4e5b-ad50-42fe8a4ed260,6ccfba4193d971a0,ATM-UKPQ-7562,ATM,21983.89,2023-05-09 11:43:44.917394,24.15186,86.330063
be92b57d-2281-4e06-a922-e0f532aadef1,3690c9c1867520be,MIC-LBXR-4657,MICRO_ATM_CSP,54511.01,2023-02-10 07:15:04.837635,13.161587,80.249609
84f0783d-454c-4965-86ac-eb48340e4554,9fb71d78ccc4f2b1,POS-NVND-9855,POS,54511.01,2023-02-10 06:53:56.818280,28.53791,77.340252
1a7803cf-725e-437b-80f1-ac52cc53b9c2,25b04eca97925f46,ATM-MXHK-6237,ATM,54511.01,2023-02-10 06:18:50.456909,24.158791,86.299216
3d01399c-e5f2-4231-8ed0-e6ed48ea4f1f,026a402f7a19d725,MIC-LBRS-4135,MICRO_ATM_CSP,76438.68,2023-03-03 23:49:48.738647,23.963215,86.721971
7031eeae-8a6e-40b0-a1de-2a4db318ea56,4b2f70600e0981d6,MIC-WCXX-3467,MICRO_ATM_CSP,76438.68,2023-03-03 23:55:30.387646,28.597977,77.412059
b7850f3c-2873-40c2-95d5-c530a8bb27fe,40b46b1908cf6f3c,ATM-AFFX-9950,ATM,76438.68,2023-03-03 23:40:33.400660,24.23499,86.217129
2a276f10-97b0-49f8-ab8a-4be0f8f088b0,c7f66b5e1cfdc547,POS-PTNR-3097,POS,27705.64,2023-05-11 01:30:00.959304,19.034666,72.916205
f4748f05-1a62-4a17-a39f-5ca0e267ac9c,6cf7d73eadf5dbda,ATM-TYCV-4292,ATM,27705.64,2023-05-11 00:36:58.820478,13.120708,80.248018
8bf8a5f1-cb5c-4aff-8b40-8a514f339b3b,efdb8fa983319ec0,ATM-EVVO-4508,ATM,27705.64,2023-05-11 00:30:21.362783,24.185918,86.331015
5c2c0948-f87d-49b0-bcd0-a8cddd9dfea8,dd9de6b05ff51602,ATM-BXOO-2740,ATM,27705.64,2023-05-11 00:23:52.348227,24.13417,86.351202
d0ed6fdf-6de7-4bc4-bf52-322cd29eaa03,1060b2a279af1d01,ATM-YORR-0180,ATM,27705.64,2023-05-11 00:52:02.609232,24.006549,86.857325
966edb4a-bd68-4044-adbe-80e610cb0696,8c19faaa8bd5ac32,ATM-EPJE-5711,ATM,27705.64,2023-05-11 00:37:25.657225,28.088195,77.054223
78b708a7-b960-48d8-a118-1ee27631165a,f8e2a6843d0b843b,ATM-PWFW-1281,ATM,27705.64,2023-05-11 00:40:07.875414,30.890178,75.913121
fd531670-7ec5-46cc-af02-901e1eb3b7c5,2c44e83fabfdabca,ATM-RLBB-8868,ATM,27705.64,2023-05-11 00:52:29.445357,23.914114,86.825725
c4d26c1c-9873-4f1a-bed2-4f8ceffbd3d2,062371f93ac5416d,ATM-BVEW-6882,ATM,55411.28,2023-05-11 00:54:33.437223,28.049042,76.979907
c7fa4a9a-a95b-4352-8b26-274b18a69a7f,f8e2a6843d0b843b,MIC-QMEE-3357,MICRO_ATM_CSP,27705.64,2023-05-11 01:15:59.621186,30.865696,75.82591
b7d1e1b8-52cf-4c51-ab66-818c6a3731bd,7fe57d0ff66463b7,MIC-LIBO-2712,MICRO_ATM_CSP,27705.64,2023-05-11 00:31:21.235341,22.530861,88.34056
bfe55cbc-9c9b-4f82-b2a8-141a93db0be9,0cb4fa04eec264fc,ATM-JCVA-1705,ATM,8043.43,2023-10-10 08:36:43.991662,24.016231,86.820028
ddacf7fc-0a46-4015-af70-a82c4eaf077e,2a5119a5778f8fb7,ATM-XYRG-8606,ATM,8043.43,2023-10-10 09:38:49.647072,28.641551,77.37959
0a82b161-7a22-49ac-a6e7-6b3e4e0e44bf,5ea4882b1d06781b,ATM-JNKF-2992,ATM,8043.43,2023-10-10 08:35:07.484276,23.983396,86.847045
af4f04c1-39b0-490d-888f-430d0d958534,6da47df28d1aad11,ATM-URNR-7889,ATM,37179.39,2023-08-29 20:05:49.685109,30.918498,75.9062
4d76fa02-5894-47d6-b1f6-8935aefd9b53,186923cec964032c,MIC-RCZZ-7793,MICRO_ATM_CSP,37179.39,2023-08-29 20:22:33.928368,24.128326,86.259679
f5ab4dd3-5b8c-42f1-8b1a-9d075d4ae743,6877ffca8e5a30eb,MIC-ZENH-2971,MICRO_ATM_CSP,47521.66,2023-08-25 14:56:54.629861,24.187281,86.259054
6b5e3c19-bf14-4f18-a438-da79af4a356b,20d1004be5275449,ATM-EUSE-9266,ATM,47521.66,2023-08-25 16:24:55.966662,22.47364,88.350354
93c9e925-6269-4c6f-b587-82fae76dcdd6,15bc62bab6812a87,MIC-GGOH-6999,MICRO_ATM_CSP,47521.66,2023-08-25 15:11:23.647123,22.620462,88.334656
3f737c8e-e75a-4793-bfde-67b32bac3725,78412091d3702307,MIC-NTBE-1163,MICRO_ATM_CSP,47521.66,2023-08-25 15:16:50.431359,28.117298,76.980842
676efe72-0e2e-4d78-b7ed-72a3e19ebd6b,15bc62bab6812a87,MIC-MNPX-4962,MICRO_ATM_CSP,47521.66,2023-08-25 14:59:41.490964,22.593249,88.349152
adb95943-5962-4356-ae15-99ec1b1820b8,78412091d3702307,ATM-KEYJ-3962,ATM,47521.66,2023-08-25 15:42:14.501311,27.982042,76.945674
dac11eb5-73e0-4bf6-9dc7-b8f5f88770bc,6719077e3a6cd655,MIC-YJFU-2114,MICRO_ATM_CSP,189825.97,2023-05-14 12:33:40.123889,23.979843,86.750416
d2972035-483d-49a2-abad-9feeb16e2f3e,1e8b570b4f4e8db8,ATM-KLSE-7923,ATM,94912.98,2023-05-14 12:24:56.548104,22.462881,88.443774
3d56af19-b1c9-4111-8217-33386f2de80b,450ed2cd4f37f2a0,MIC-RTJG-5815,MICRO_ATM_CSP,94912.98,2023-05-14 13:09:12.659047,19.08427,72.808599
898c0c15-fd6a-49d2-aade-14e6722bcabd,0f402318041204af,ATM-UGPE-0343,ATM,37214.54,2023-12-14 08:18:31.593263,24.186037,86.2966
62a5435f-1116-427f-9100-388887600bf0,f1768bad6f1e3ce2,ATM-MCSA-5987,ATM,37214.54,2023-12-14 07:52:20.790150,19.141775,72.888225
950681a3-5cd3-4860-800d-cbd6b33ba331,43b282632be789d4,POS-MONK-7367,POS,12404.84,2023-12-14 07:44:47.170251,13.074579,80.395745
9a2fcdbc-a125-4679-8c8f-06abae93f8f4,6719077e3a6cd655,ATM-IGTQ-7289,ATM,12404.84,2023-12-14 09:05:37.035752,23.905518,86.796516
b850b73d-009d-486f-9c19-77b9ab8a5c49,f253d605f12974cd,MIC-JPIB-5503,MICRO_ATM_CSP,12404.84,2023-12-14 07:07:15.268267,24.279459,86.385596
b7e1d926-11df-4918-af50-b599a3ef280b,952daf51a91e8b31,ATM-JDOK-8173,ATM,12404.84,2023-12-14 07:56:08.781491,23.940038,86.730642
ba4ac4b2-018d-4530-94d5-7b4c399e2f96,0f402318041204af,ATM-CRWJ-8026,ATM,12404.84,2023-12-14 07:34:38.104543,24.170402,86.368503
9c3248d0-91d0-4925-9b04-bba46fabdcae,ecc8777fcfc39d17,MIC-GKIN-9477,MICRO_ATM_CSP,12404.84,2023-12-14 07:07:02.700247,22.563969,88.395734
89fc0923-a9bd-41ad-b8f5-82f8078abd8a,5fb01e701e601441,ATM-WORJ-8317,ATM,33607.43,2023-12-25 05:42:34.340061,22.630617,88.379789
6ba2177c-03fa-4812-b1eb-ed04b986ffe7,5e7a22b24305ff3a,ATM-TFSP-9244,ATM,33607.43,2023-12-25 05:38:52.037429,28.040822,77.044544
de503746-22ca-45be-a9de-a3fe519c7d27,4033db100a1cc8ba,ATM-ZYRH-9494,ATM,16803.72,2023-12-25 05:41:32.888882,19.100308,72.861435
a45a607a-8b05-405a-abd5-deed0df25c57,25b04eca97925f46,ATM-WWID-6706,ATM,16803.72,2023-12-25 06:19:32.192134,24.186551,86.340532
2324e92c-8f9d-4cd1-8f0b-42abcbd673b4,4033db100a1cc8ba,ATM-EEMU-1274,ATM,33607.44,2023-12-25 05:57:47.831318,19.08519,72.856981
aea1e005-1866-48b0-9a3c-30f0fb1ce614,a7957ee71b9f947e,ATM-DXEK-7309,ATM,11202.48,2023-12-25 06:36:13.195872,28.540225,77.338587
fb91e88c-5a27-4cb6-9124-3432386d87fa,91b86f426cd2cf59,MIC-KKHX-1564,MICRO_ATM_CSP,11202.48,2023-12-25 05:42:14.185973,28.496673,77.389372
cddb7d4e-4582-4985-87a4-acff02f198bc,3130a23abd9e06eb,ATM-ZSGD-8238,ATM,11202.48,2023-12-25 05:35:15.695401,28.531257,77.39969
7991cca2-c795-4cc2-b43d-3269aef2fcf4,5fb01e701e601441,ATM-GZPC-5017,ATM,11202.48,2023-12-25 05:58:33.658958,22.570092,88.301296
fe5cffdd-8aa7-4a2b-9142-3c94f5db03e6,2c44e83fabfdabca,MIC-IYNZ-8729,MICRO_ATM_CSP,11202.48,2023-12-25 06:21:18.059314,24.03272,86.869781
7e6161ed-3a7f-4581-b029-c6bc5cd628ad,2a5119a5778f8fb7,ATM-RYKP-0808,ATM,11202.48,2023-12-25 07:00:38.188272,28.55307,77.367496
5fed9cf7-4526-4a03-9907-3f135ad42568,f6b2ba68fde1e997,ATM-XUDD-8959,ATM,19240.67,2023-11-03 11:24:25.626095,22.54377,88.326902
84ac16b9-5c1d-4b2d-8b4b-cfe4eabdda04,99a3e1da6dbb6224,ATM-OBNE-3261,ATM,19240.67,2023-11-03 10:15:31.000715,13.072047,80.341888
4899b3d1-c882-4bf0-a185-5be09194b57e,f8f70366a172abf6,ATM-XSCD-5923,ATM,19240.67,2023-11-03 10:33:47.338122,19.016936,72.879227
f742a61a-0c09-410e-815c-e6088d3cf72d,801c737176bab764,MIC-TFRH-3488,MICRO_ATM_CSP,28861.01,2023-11-03 10:30:30.717607,30.91517,75.8642
653f9d9c-9035-4a3c-8ebe-76acd2223ae5,7ed13f42d8359663,POS-JSSI-7413,POS,28861.01,2023-11-03 11:31:51.234835,22.545426,88.344972
362256ca-27f9-493c-8b0d-1cb3afe53318,2d7f04c671c24245,ATM-HTVJ-4405,ATM,14430.5,2023-11-03 11:01:48.552448,19.067886,72.876433
5a677dab-7579-47e6-a4fb-f2e8bfefd93b,218c5d6d080619a2,ATM-GQWJ-3872,ATM,14430.5,2023-11-03 09:53:18.126967,30.79993,75.884642
085f6a11-d1af-4f80-8a2a-107ccd96e072,b6061c939aa88bd7,ATM-COIY-0105,ATM,14430.5,2023-11-03 10:27:09.417614,24.213692,86.344679
1c8569b8-6921-4fff-b5c6-5d1131d9865a,218c5d6d080619a2,ATM-TSIH-7657,ATM,14430.5,2023-11-03 10:48:41.935913,30.810734,75.870562
fdcc9243-2444-46e2-aa47-d7a8b9e8fda4,91ff603347d3f90a,ATM-YDHO-3083,ATM,19240.67,2023-11-03 10:47:22.428138,28.106324,77.017384
ecd1bd62-2c88-423a-9321-1f07a48a031f,2caa43907a3f59bb,MIC-MDRK-5472,MICRO_ATM_CSP,19240.67,2023-11-03 11:06:59.078683,28.524616,77.410214
32d78ed2-4059-439f-831f-06fd9545373a,91ff603347d3f90a,POS-QLWO-4636,POS,9620.34,2023-11-03 10:39:08.256995,28.081628,77.013853
3ae7f6d5-4b35-40a8-9160-205baf320a54,9c933ed3540d2b7d,ATM-KFDG-9593,ATM,9620.34,2023-11-03 10:51:46.754189,13.001413,80.252204
7833c68c-f686-47c2-ab59-d786bb0d4b04,93a252f15bde845b,POS-TLGS-5987,POS,40123.14,2023-04-23 17:33:44.214430,28.532697,77.37187
6f11e4c5-ec67-4211-ba3b-8d4ab92bd8dc,394194a39a57bcc6,MIC-DLUU-3059,MICRO_ATM_CSP,40123.14,2023-04-23 17:15:44.763418,22.583241,88.347103
d58a7f52-911f-405a-bc25-1465c3577a1f,5590915cce31e2d6,MIC-QBTG-1794,MICRO_ATM_CSP,40123.14,2023-04-23 17:30:04.560500,23.896013,86.840326
bd00147d-6189-46cf-be69-20cd085facd6,c05a5b6ef117bd25,ATM-SZVY-7249,ATM,53874.71,2023-04-23 06:03:49.420797,28.048531,77.075626
071b34a4-8316-4cb8-8d7f-707178d21474,d197d95e274489e7,POS-DKJC-6624,POS,53874.71,2023-04-23 05:56:47.768154,28.041476,77.055246
9fb56d55-eef3-43cf-926c-427ec7990758,9c39fecd110d5cad,ATM-LWVX-6926,ATM,53874.71,2023-04-23 05:25:31.510993,13.076462,80.259903
0efb75ec-9ef4-46fa-9608-16fc6c3b16f7,98768ceed9627cfa,MIC-GHGM-7257,MICRO_ATM_CSP,211329.53,2023-05-06 02:32:05.931506,23.880396,86.955875
f203f479-cdea-4902-bb7a-d090ba4ebbda,ed25b3310f976d9c,MIC-CJEA-3931,MICRO_ATM_CSP,211329.53,2023-05-06 02:37:07.768271,24.16626,86.271268
46482974-ee7f-4d95-8cf6-de784e668dda,c44d8338f95263f6,ATM-KJNX-8259,ATM,36167.28,2023-11-20 22:54:47.242182,22.587473,88.370775
484c7e51-c762-4ae5-83f2-230725c2df3f,e09de44b287780d9,ATM-VZBY-0278,ATM,36167.28,2023-11-20 22:25:05.773453,31.055815,75.844291
fcf41ebe-1102-45e0-b358-7c8006673c9b,c1a3db241cc61fca,ATM-ZBSN-3446,ATM,72334.57,2023-11-20 22:57:53.836411,28.127762,76.998288
d7c9c9d7-7c93-49ca-be87-89b016dc9db6,40b46b1908cf6f3c,MIC-LDMY-1794,MICRO_ATM_CSP,36167.28,2023-11-20 22:48:19.011153,24.253859,86.308937
e793ef6b-4577-48c3-914c-27b6ff76c37e,96739c6dc7f02b5f,ATM-WYUI-7074,ATM,36167.28,2023-11-20 22:41:51.592013,31.036051,75.845667
3e70aafd-023f-4634-b3b5-6a58419ed4dc,7b68689a915b1865,ATM-BMBU-0900,ATM,127043.22,2023-07-17 21:31:04.291640,28.494762,77.399808
c5de4787-233e-4b31-8006-91426dbf368e,3dcd069dfca35470,ATM-NNXV-3693,ATM,127043.22,2023-07-17 21:16:17.244395,13.084286,80.28413
96a5c969-16bc-4a1e-aaca-a5c998e70aae,c05a5b6ef117bd25,MIC-VCEQ-1117,MICRO_ATM_CSP,127043.22,2023-07-17 21:22:27.270108,28.083155,76.926477
447f049d-30b5-44d1-bf0b-27b88d0f32cb,10e4948592a3bbc6,MIC-WZOE-0639,MICRO_ATM_CSP,2726.76,2023-05-04 05:35:08.420500,23.86486,86.834974
279363e7-c9b5-4a29-a3b4-1fb8f52212c0,25b04eca97925f46,ATM-BJGN-0391,ATM,2726.76,2023-05-04 05:19:36.789783,24.150481,86.333481
eba381c1-9760-4d1f-ac44-591e15b563cc,10e4948592a3bbc6,MIC-ZVPA-7418,MICRO_ATM_CSP,2726.76,2023-05-04 05:36:51.500431,23.913251,86.691101
1898c8e4-941d-4d57-a0a4-fdd898c05d0f,044beed55d80dc2b,ATM-BTDM-3391,ATM,2726.76,2023-05-04 05:26:25.523877,24.249118,86.239179
c0fad1a5-5a9a-48bf-ab46-c86aaa813a2c,22ee0eda8c709f44,MIC-PWIB-6417,MICRO_ATM_CSP,1817.84,2023-05-04 05:43:04.735133,13.013839,80.261751
f6855b86-ec33-477a-bfb0-33ed1b894831,249a5fdb3aa3e639,ATM-OUIB-0073,ATM,1817.84,2023-05-04 05:20:33.778974,24.187067,86.312979
de85b6c4-23f9-43ed-b12e-9361e721b7bd,b0c598b744054043,ATM-MLRH-3045,ATM,1817.84,2023-05-04 05:28:06.937789,23.975045,86.7694
cc306d47-6d1e-4ecb-99e1-abc53c13b33e,2a5119a5778f8fb7,ATM-IDII-6481,ATM,63919.25,2023-05-27 20:59:30.000312,28.589005,77.399339
99ae8186-fd56-4bed-843f-5327d2852ba5,7fe57d0ff66463b7,MIC-AFTQ-8000,MICRO_ATM_CSP,63919.25,2023-05-27 20:38:06.358477,22.518706,88.415004
163f5ef2-3274-4044-a3bf-a701de014c54,b52aeac57b65c3e1,ATM-VVQP-3353,ATM,63919.25,2023-05-27 19:52:04.427858,24.197751,86.286107
45b104c2-82d2-4269-b604-5f8ab3885f86,b92b6e9f899d8fd9,MIC-TLMP-8015,MICRO_ATM_CSP,191757.74,2023-05-27 20:48:58.416044,22.57951,88.307523
bcef85db-8bae-43d2-8517-833d38f82c8d,e1884fc3fe5d9847,MIC-UCVF-2429,MICRO_ATM_CSP,35607.61,2023-05-08 07:07:49.385455,28.490803,77.417213
9440d6ed-686d-436b-be0e-b52f975c41bd,38fd75ab3f30c2f6,ATM-NGGF-6616,ATM,35607.61,2023-05-08 06:30:38.341489,23.962681,86.939567
52bdbbc7-bb1d-4778-b1b6-c9d21a3c95fa,ce42adff5fb0bcc0,MIC-LIUI-1399,MICRO_ATM_CSP,35607.61,2023-05-08 07:54:49.321898,24.203573,86.17366
2c5337cb-cd68-4960-8bd6-ca0420841dd5,1060b2a279af1d01,ATM-UMJT-4471,ATM,466699.37,2023-04-09 07:34:56.201845,23.983832,86.797806
a3deb05b-dae4-470e-b9ab-5ac1bc1e8157,0f108ded4e10a78b,ATM-UTVE-7641,ATM,139314.61,2023-03-01 17:39:49.265044,24.191599,86.380548
69915e62-90f4-4a71-b6b0-7ea87f769234,6e54222dc745323c,ATM-VHPD-9963,ATM,89256.59,2023-10-31 16:13:52.559255,22.550847,88.435816
6e93f671-89cc-4ffc-bf32-dbc17744ac29,15bc62bab6812a87,MIC-OYMN-3370,MICRO_ATM_CSP,44628.29,2023-10-31 16:42:42.051368,22.49383,88.351444
b0591214-e7d3-4af1-8892-9ea9b3a5ce0f,bae8c9e755c32ed4,POS-WFYU-8338,POS,14876.1,2023-10-31 15:37:30.505985,24.203488,86.256
2b04f8fb-38b3-44cd-9c6b-deb402c4b73f,218c5d6d080619a2,ATM-QXJJ-4607,ATM,14876.1,2023-10-31 16:04:55.883933,30.8175,75.867659
1f66fecc-8c7a-45ad-a7a1-b9c65b6f70e0,15bc62bab6812a87,MIC-VFMV-6495,MICRO_ATM_CSP,14876.1,2023-10-31 15:38:55.275429,22.593038,88.289699
059b149e-efbe-49de-817e-997121ec01bf,02fe7675e52ed832,ATM-OSHJ-0604,ATM,6027.07,2023-04-26 12:42:03.296912,13.051043,80.284352
ae1e51e8-152a-40c2-ad0b-a33f123b9f49,5fb01e701e601441,MIC-QVNW-1887,MICRO_ATM_CSP,6027.07,2023-04-26 11:31:42.526512,22.520709,88.437703
321b3935-37e7-479d-b38a-07a7275a988f,02fe7675e52ed832,ATM-JABB-2590,ATM,12054.14,2023-04-26 11:46:22.951160,13.092059,80.223048
d814818e-49f9-42f4-82e1-0788fb55b153,6da47df28d1aad11,ATM-IWTV-7029,ATM,4018.05,2023-04-26 11:25:10.096317,30.948154,75.864037
f4d87189-7428-4737-b216-82de85c1ccd4,c6add401e808d068,POS-XHUQ-0405,POS,4018.05,2023-04-26 11:04:36.598613,28.476075,77.361148
97126f99-9fd3-4119-af36-9ebcb8672ab3,83537c7c9fe41c3e,MIC-VDLU-1624,MICRO_ATM_CSP,4018.05,2023-04-26 11:39:45.583437,23.956036,86.76198
eec03b6b-0ca5-45f0-b138-affe95988861,294d95c2e507b44d,MIC-HIRF-1021,MICRO_ATM_CSP,6027.07,2023-04-26 11:50:08.462221,30.966227,75.87171
ae254227-5035-415c-bdd9-38877215f750,7fe57d0ff66463b7,MIC-BVJL-9200,MICRO_ATM_CSP,6027.07,2023-04-26 11:10:16.784296,22.588916,88.335056
8d4035e7-7501-42da-9b8c-74a258aefee5,6877ffca8e5a30eb,ATM-BOZU-8971,ATM,6027.07,2023-04-26 12:01:52.484473,24.232177,86.3267
0dfef57a-2c5a-4284-b73e-690d4d843d60,400a95ae23792cbd,ATM-SNWR-2450,ATM,6027.07,2023-04-26 11:13:53.692788,28.108509,77.011841
d123beb6-4740-4441-bf2c-d901d7ff6468,294d95c2e507b44d,MIC-XEEB-4638,MICRO_ATM_CSP,6027.07,2023-04-26 12:04:05.994414,30.973834,75.83384
2534c48f-de43-4d4f-a070-d9bb43dfd800,b54aa42950315b45,ATM-CPSH-6851,ATM,6027.07,2023-04-26 11:12:35.410120,30.93837,75.858288
7e19b37c-c7e3-4ce7-80bc-fc9c12fbcd48,7138f04a79804589,POS-HIDA-6406,POS,113897.36,2023-07-13 21:41:24.125381,28.186226,77.115218
2c42cdc0-bf76-4476-9507-a02c089c3946,a277552d9784086a,MIC-KHQF-4394,MICRO_ATM_CSP,40593.8,2023-03-09 00:33:05.381557,23.893458,86.781339
7d9aab3a-6369-46ef-a85f-c512c2af00bf,25b04eca97925f46,ATM-NXZU-0378,ATM,40593.8,2023-03-09 00:23:15.334209,24.188224,86.340716
376f259c-0c01-496a-a351-b73f73c0c8b2,095c1c65e3981f27,POS-KGSM-3524,POS,40593.8,2023-03-09 00:44:39.640903,23.978222,86.82647
02fe9e81-1db9-482a-a732-b74407c35120,6b58ba7092cc6adf,ATM-GBAT-5808,ATM,121781.39,2023-03-09 00:29:06.764828,22.607766,88.357684
91631e63-dda7-4c72-932c-0499b03db045,25b04eca97925f46,ATM-RYMG-0751,ATM,40593.8,2023-03-09 00:51:47.356925,24.230312,86.3135
9a6eb1cc-cc77-4658-b9cd-035b176e91e5,94d6f63ab19d86b2,ATM-WLYX-1858,ATM,40593.8,2023-03-09 01:00:05.800912,23.967305,86.777634
fe764970-747d-454a-97bf-42b388de2f57,89d7b75cd9122aad,ATM-XILN-6387,ATM,40593.8,2023-03-09 01:14:13.966115,30.883661,75.763601
7ec6683d-0edc-41da-a13e-544be7e4364b,cc1c94c6f9f1c567,ATM-KFVZ-5883,ATM,90335.85,2023-05-08 01:22:53.592191,19.065651,72.826149
4dc5b809-925e-47ea-b18c-50843f8e9925,6e8a7e20f88060bd,ATM-VWUU-4267,ATM,90335.85,2023-05-08 01:30:11.805692,22.600198,88.346595
c8c3fe77-3b4d-4cf5-ac9a-dcf9adef0899,6da47df28d1aad11,MIC-TIFB-9584,MICRO_ATM_CSP,144065.14,2023-01-22 13:44:04.039922,30.842325,75.79517
598b9b4b-4957-4a7a-b877-62f034eb7313,cab96474e727e59c,ATM-XSZK-0519,ATM,72032.57,2023-01-22 13:44:20.786215,22.574023,88.364886
1f82b5ba-973a-4c02-bde0-60438941da8b,ba7a465e61a11230,ATM-XFPV-3548,ATM,72032.57,2023-01-22 13:54:02.589077,18.969044,72.870403
b0005276-cf55-449f-9158-cfa0b9cd5d00,150079c7a6c509ea,MIC-POYI-2616,MICRO_ATM_CSP,130393.83,2023-10-04 01:02:55.353218,28.505825,77.350674
3b9ef8e7-a787-4c95-8ade-2d536fcfefcf,865f7c1cd0f9ed15,MIC-FSAY-3583,MICRO_ATM_CSP,130393.83,2023-10-04 00:49:53.805542,30.840056,75.914324
3d106e13-a3fe-4d7e-a74e-ceed634f79f7,dd9de6b05ff51602,ATM-KDWK-1870,ATM,130393.83,2023-10-04 02:48:37.999619,24.197114,86.219463
3f6a8046-a766-43b4-8102-912974c691d9,d9956ae44079537a,ATM-NCSH-7320,ATM,17927.82,2023-01-04 03:09:20.808958,30.977316,75.831174
6a3f5681-706f-4be2-aff0-9cfa4f0d02a5,dbb971a3623d9970,ATM-OQWH-4998,ATM,17927.82,2023-01-04 03:13:33.034037,28.522527,77.533539
354789dd-048e-4d97-986e-6f5b44baf5b7,61e2d8223e4abb31,MIC-RPUG-0610,MICRO_ATM_CSP,35855.63,2023-01-04 03:18:53.766608,13.08121,80.304697
2d5c900e-ca8e-4438-8298-81cd877ec511,25b04eca97925f46,ATM-MUXT-5216,ATM,17927.82,2023-01-04 03:46:49.803201,24.177415,86.292795
c48c382c-c7e6-4038-a6f1-21d02be9fe78,0f402318041204af,MIC-QXGR-5077,MICRO_ATM_CSP,17927.82,2023-01-04 03:14:28.304367,24.120794,86.213564
b95a4028-d010-43ca-94ef-b06aa744bdaa,05e58b535004d596,ATM-TBZA-5915,ATM,17927.82,2023-01-04 03:20:53.506881,13.117604,80.308771
204cefcc-e722-4499-b8ff-daa004e25708,25b04eca97925f46,ATM-DSDZ-5912,ATM,17927.82,2023-01-04 03:12:37.348372,24.139185,86.250922
ebb8b04b-7e53-479c-9839-b82550c1b520,b40cfec92900ce51,MIC-FKDE-7659,MICRO_ATM_CSP,17927.82,2023-01-04 03:06:59.589350,24.223993,86.354484
49e340ed-e452-45a5-8d0c-76bcf8ee906f,670cc11c904cb688,MIC-RHJD-3833,MICRO_ATM_CSP,17927.82,2023-01-04 03:22:49.359458,24.24328,86.381686
251857a4-6765-4e55-b07f-3173e9b6d64e,b2e3e791ec389fae,MIC-TWIU-9289,MICRO_ATM_CSP,17927.82,2023-01-04 03:22:49.316850,24.067277,86.793574
116b4d26-b29a-4356-841e-5695a485b310,b92b6e9f899d8fd9,ATM-UQUZ-0508,ATM,17927.82,2023-01-04 03:20:20.820824,22.515389,88.307172
2f65b352-883b-47ae-b233-25a813d4f080,febf24426daa34df,MIC-DIDX-8029,MICRO_ATM_CSP,17927.82,2023-01-04 02:58:11.380934,19.03754,72.889908
f2275828-0419-4b11-8ef4-1e5ea0fb34ab,b40cfec92900ce51,ATM-CRMP-0731,ATM,17927.82,2023-01-04 03:36:28.712882,24.191868,86.275704
9406a60c-c865-4f81-b391-bcfd2faf36e9,b40cfec92900ce51,ATM-LRCD-5395,ATM,17927.82,2023-01-04 03:07:22.441083,24.199205,86.272073
8ad55204-1cc9-43a8-8db3-aa8dd090fea7,095c1c65e3981f27,MIC-DCSP-7910,MICRO_ATM_CSP,17927.82,2023-01-04 03:00:23.825974,23.989665,86.869785
86772c6e-1d35-4ea1-bf73-01d81759a25b,25b04eca97925f46,ATM-UAJV-3181,ATM,11951.88,2023-01-04 03:06:17.944402,24.206525,86.276998
584591ae-3e66-4b1a-a711-4f69fe739502,b40cfec92900ce51,MIC-IEST-2264,MICRO_ATM_CSP,11951.88,2023-01-04 03:51:00.140667,24.218965,86.375083
91af437c-4c7a-4854-b6f9-660c16e5261f,05e58b535004d596,ATM-XATX-7959,ATM,11951.88,2023-01-04 04:54:11.154498,13.114804,80.278395
d96c3c96-07a9-4cf1-a494-4d3b5b5789ff,f79cd1fb09127f5f,ATM-PEWX-0860,ATM,152688.37,2023-10-07 16:45:59.825275,30.942453,75.825908
92760ad5-1464-4591-8938-a6d18cf1e2b3,6a6e914928a94ec7,MIC-PZUW-3819,MICRO_ATM_CSP,152688.37,2023-10-07 17:27:08.490813,28.020119,76.984432
a1403101-2f46-4c15-ae68-b56de103e4c6,cb9fa8bf15d4a4db,ATM-JAXC-5089,ATM,152688.37,2023-10-07 17:09:01.369942,24.170084,86.343843
ccaab624-90eb-4c79-a705-5281f96e3c5e,e3d62aedfb9d3703,POS-PGAL-4459,POS,76789.65,2023-04-26 21:17:49.465560,13.14768,80.236129
80deada3-afe5-45fe-ad56-b3adb2461fdb,392ff47fb759eb21,ATM-UWGI-0400,ATM,76789.65,2023-04-26 21:25:36.162306,28.639189,77.351685
627c38a1-47c0-4c68-9e8a-6f21899bdb59,cfaa503a4b7ef3b4,ATM-CSSS-0191,ATM,76789.65,2023-04-26 21:29:17.764818,13.074995,80.347987
acd8436f-3429-4bba-b444-99bebcb147c0,a8db324facfdb708,MIC-JKBE-6518,MICRO_ATM_CSP,12042.92,2023-02-27 03:04:51.550448,28.550477,77.362187
ddd07553-78ff-4fff-8f29-db5f6680cf6b,04cb4af66bbc9cd7,ATM-CXRW-9630,ATM,12042.92,2023-02-27 03:47:21.053504,28.584168,77.422195
eac01feb-5185-4c3a-b52f-3c67681bd743,6da47df28d1aad11,ATM-CAZT-9576,ATM,8028.61,2023-02-27 03:06:28.175737,30.895129,75.77802
d7729cc6-d432-4f9b-a6fc-860b4fed3bf3,2a17b5795aadef18,ATM-XHED-0822,ATM,8028.61,2023-02-27 03:16:11.459096,23.957633,86.797065
4c2e01cb-4e46-42be-8cd4-d55b412f8776,2e4345eca1b5a34c,ATM-PEUY-8692,ATM,8028.61,2023-02-27 03:06:21.101267,28.448856,77.486056
ddd7a686-fb44-4a8d-9b18-9e5703731b77,2a17b5795aadef18,ATM-SYCD-1447,ATM,48171.69,2023-02-27 03:31:05.002533,24.0037,86.839521
635a9198-600d-43df-ab03-c447e699afc5,735d7382bc84f337,ATM-ZMGO-5851,ATM,11573.73,2023-05-31 01:59:23.499302,19.077463,72.899267
d15fc2a8-9392-41a5-b7fd-d1da1bd374c5,3fdb81fcdd99b495,POS-ELLD-8161,POS,11573.73,2023-05-31 01:40:00.904481,13.06978,80.203846
812586d2-3b27-48c2-8baa-6b32e14c46d2,f8f70366a172abf6,ATM-JAZT-0980,ATM,11573.73,2023-05-31 02:24:29.657142,19.012655,72.899633
f990a8b9-5891-4b1b-be3f-bb5d085ee8ca,2647f966c1839f83,ATM-GEUS-4983,ATM,17360.59,2023-05-31 02:15:31.726757,28.112889,77.0886
0158d38f-f10c-4c05-847c-8f10314a2db6,2bc3bef98dc93ad5,ATM-GCCQ-6867,ATM,17360.59,2023-05-31 03:28:17.022214,24.146481,86.388478
a978a955-f92e-4125-8f81-d724b139ca2a,dd9de6b05ff51602,POS-DZOD-8399,POS,23116.18,2023-06-25 07:05:27.269220,24.163566,86.171193
a195edc4-4268-4052-970e-42904596a8a7,150079c7a6c509ea,ATM-KPYK-8009,ATM,23116.18,2023-06-25 07:18:37.788611,28.54226,77.374688
6b8fdee8-d66e-433b-9435-d65461ab0cef,6877ffca8e5a30eb,ATM-TOAF-0605,ATM,15410.79,2023-06-25 07:04:34.307139,24.220267,86.328492
06fed987-d050-452f-99b9-9f9e680c5504,6719077e3a6cd655,ATM-WGVB-8702,ATM,15410.79,2023-06-25 07:10:03.277548,23.889133,86.859286
644109e8-2a6a-48c6-9a8f-26ddf23624a0,aac943362d1a75d3,ATM-ZPBY-4492,ATM,15410.79,2023-06-25 07:35:31.624212,28.074698,76.987137
4a822d50-8da6-488f-ae86-67b05d01fbde,febf24426daa34df,ATM-OCOB-8725,ATM,10273.86,2023-06-25 07:51:39.159292,18.96336,72.894498
e1f0c554-c6e1-4bcc-9c76-9acc42739e6f,cb2c0cd8e1ad8e96,MIC-ENXZ-2933,MICRO_ATM_CSP,10273.86,2023-06-25 06:50:11.110550,30.84598,75.826244
4e987a44-1ee0-4c1f-a7ba-262614992f0c,d95d8cbc786fbe44,ATM-PBMP-3292,ATM,10273.86,2023-06-25 06:42:11.367451,30.841801,75.906999
3d590114-4a6b-4fb4-8eea-969508e6e7b2,6da47df28d1aad11,ATM-APDG-4031,ATM,10273.86,2023-06-25 06:46:00.105749,30.881862,75.793727
cb90664b-8227-4117-a33a-8240f9fc7e73,bfd8d67e331c6de1,POS-MHMH-9124,POS,10273.86,2023-06-25 07:05:23.552145,30.840512,75.897656
847919ce-ba0b-4846-bc47-3caf69d1a9b4,6719077e3a6cd655,ATM-IIVJ-3718,ATM,10273.86,2023-06-25 06:58:38.300404,23.915814,86.790051
9da0b910-a2de-4fd1-8451-e7f17dc0bd0e,6da47df28d1aad11,ATM-QEIR-9346,ATM,15410.79,2023-06-25 07:19:24.296444,30.902779,75.841465
020b062f-097e-4d1b-b90d-c12762d2b400,c3f72c30b76aac18,ATM-PUJN-7148,ATM,15410.79,2023-06-25 06:54:02.134392,28.444016,77.421798
cc2209c0-1fa5-4f83-8588-375d8ccc579a,04e45c79972ecbeb,ATM-GPMO-4639,ATM,83252.35,2023-01-13 07:22:20.290905,19.020764,72.910665
2f5da93b-1652-44ab-a4ce-07449f3d1906,3130a23abd9e06eb,ATM-SDXS-3424,ATM,41626.18,2023-01-13 08:26:50.816665,28.472065,77.48033
9362118f-e715-41a6-ad7c-7ff715f5b57b,8c19faaa8bd5ac32,MIC-NEXV-0641,MICRO_ATM_CSP,20813.09,2023-01-13 07:16:06.738144,28.115466,77.020633
e6383383-1174-41f8-9226-76bcc40865c0,095c1c65e3981f27,MIC-FJFV-2269,MICRO_ATM_CSP,20813.09,2023-01-13 07:14:55.279104,23.986709,86.779399
204785e5-14c0-4c9b-82d1-4a1a0d88b2b6,ba7b0c09f0862541,MIC-NZTB-9785,MICRO_ATM_CSP,7676.56,2023-05-23 01:57:41.071701,24.102548,86.288122
adc32d6e-78a6-45be-a022-203a74ca63fa,577744147cf6f197,ATM-VXPP-2091,ATM,7676.56,2023-05-23 01:43:08.752364,22.549801,88.315231
3fd18eb3-a6e5-47e3-b1ae-d56bc4067eb0,e1884fc3fe5d9847,ATM-YUIT-8341,ATM,7676.56,2023-05-23 02:03:37.486538,28.629966,77.425495
84563b26-2a65-4bdc-abb7-0f9c685bdfe1,a40844e151329aea,MIC-BIDO-4881,MICRO_ATM_CSP,7676.56,2023-05-23 01:38:22.419268,24.224849,86.300162
8947c060-60f8-4a4d-941e-db3272599a93,a17d089448d398b5,MIC-CXMO-5111,MICRO_ATM_CSP,15353.12,2023-05-23 03:05:41.745152,22.536527,88.391183
78550915-1c28-4fa7-bf91-939460a6c5ca,d808e7485fc3520a,ATM-RVLD-6817,ATM,7676.56,2023-05-23 01:44:36.572370,28.045837,76.967671
a07ef02d-62cf-446d-9505-5b25cfc4fa39,577744147cf6f197,MIC-EIFV-4433,MICRO_ATM_CSP,7676.56,2023-05-23 01:30:58.615186,22.615638,88.341297
4f529097-0993-4c26-ac5e-8b8eee27fd85,93a252f15bde845b,MIC-VKED-8877,MICRO_ATM_CSP,5117.71,2023-05-23 01:37:55.180157,28.548867,77.403671
c044eff7-ef89-4f9a-b509-26b640f86568,2bc3bef98dc93ad5,ATM-QQVN-5658,ATM,5117.71,2023-05-23 01:28:04.142793,24.195213,86.29754
fdb363bd-1fcf-4083-adac-6430da393a9c,43e2188fe6ee0e8f,ATM-YSKI-3750,ATM,5117.71,2023-05-23 04:21:12.499790,22.609303,88.402068
b60d354c-6381-4ff3-8cf8-471a6f479dbb,577744147cf6f197,POS-KOIB-6164,POS,7676.56,2023-05-23 02:21:31.877280,22.526652,88.338789
a7a11a6a-dd9d-42a5-87ea-dfdec6a75cfc,ba7b0c09f0862541,MIC-PEFE-0288,MICRO_ATM_CSP,7676.56,2023-05-23 01:32:25.811266,24.307675,86.278919
e5f4604d-ab9f-49ee-95d6-29e2c0d2a386,3c0b67ba74cbafec,POS-XKEY-3098,POS,23029.67,2023-05-23 01:32:00.556479,28.500139,77.434245
757622fa-ac8d-4641-91af-ec7866095f05,91ff603347d3f90a,MIC-ZTWB-3029,MICRO_ATM_CSP,23029.67,2023-05-23 01:20:42.029226,28.111957,76.923013
d160a26a-960c-4126-8af9-234b7da87d39,91ff603347d3f90a,ATM-WUQJ-6118,ATM,7676.56,2023-05-23 01:18:42.640942,28.174147,76.965573
f6bf29d8-55b8-43e8-ab1c-8b652632a565,062371f93ac5416d,MIC-ZKUX-3032,MICRO_ATM_CSP,7676.56,2023-05-23 01:19:35.452429,28.029562,77.025128
93110675-f60d-49b5-826c-31b245e424b1,9f1975758d203f92,ATM-XRMC-0139,ATM,7676.56,2023-05-23 01:28:20.043176,23.917861,86.767098
995beddf-798e-4768-823b-5a6b51f21807,91ff603347d3f90a,MIC-FDAS-4155,MICRO_ATM_CSP,7676.56,2023-05-23 01:47:47.370052,28.131813,77.020582
6a9ab923-7fe3-480f-9c99-9add6c5e0be9,48446ecf394d530e,POS-BLQV-4556,POS,5117.71,2023-05-23 01:55:14.927496,28.557902,77.371286
87fdc206-072e-4053-bbfc-bdca3ea94c9c,6da47df28d1aad11,ATM-GGCQ-1846,ATM,5117.71,2023-05-23 01:54:18.956656,30.95547,75.896322
a8e61125-315b-4bc5-afe5-15b586c69655,91ff603347d3f90a,ATM-THHH-1093,ATM,5117.71,2023-05-23 01:52:13.238238,28.158455,76.932173
bf20ee7b-7e8b-42bd-8b3f-835aab729866,7aced6cb9bbebdd4,POS-HKOM-6732,POS,15353.12,2023-05-23 01:17:00.039622,22.619685,88.422623
bb885fab-712f-4b9e-be1d-c062c3ae374a,5ab65182c5db6734,ATM-COQL-6129,ATM,15353.12,2023-05-23 02:00:01.143244,13.065505,80.216224
84c0c07b-dfeb-4bdb-adb4-e3f73bc4284a,a17d089448d398b5,ATM-YNKO-8894,ATM,30706.23,2023-05-23 01:18:53.071353,22.485028,88.325389
acc6c996-d664-49ba-bd7e-e4306c7292f5,f8f70366a172abf6,ATM-NYEO-3435,ATM,30706.23,2023-05-23 01:16:13.662436,19.080476,72.88106
2a1cc1ae-d4f6-4537-8610-e36a1a753547,b81bb0e12f7fe3b4,ATM-HDGN-7890,ATM,150670.1,2023-06-02 22:23:47.238425,28.543352,77.444542
c78cda1b-3dfb-44ac-baef-c96e0e406f53,2d7f04c671c24245,ATM-YUNS-5762,ATM,67564.65,2023-09-21 21:28:11.039486,19.148812,72.875008
80f8e5a9-f3e9-454c-bc2a-de07ec7689b4,218c5d6d080619a2,MIC-LTJV-2974,MICRO_ATM_CSP,67564.65,2023-09-21 21:21:57.877988,30.996948,75.851165
6ef65f5b-9233-4077-a0f9-1b6fe4142bb5,b0c598b744054043,ATM-ASMX-5762,ATM,135129.3,2023-09-21 21:35:53.920542,23.975622,86.818706
8460b372-fc0b-41a5-b717-73c744726413,8b2f80b612ad4abe,MIC-OXHI-8728,MICRO_ATM_CSP,313614.69,2023-09-19 13:11:33.765416,30.889563,75.866848
bd98d4a5-6b0f-427d-b76b-7ad55fe91497,55b4926e5d4cc375,ATM-KSPE-3819,ATM,6971.57,2023-05-04 10:13:02.562685,23.882093,86.849912
22c94171-909b-4b8e-8312-c504e5ee1add,bf87b95509821633,MIC-UTRP-5341,MICRO_ATM_CSP,6971.57,2023-05-04 09:56:01.959984,19.131909,72.937632
ff815b68-e8ab-4c92-b6b5-aaf5a4b2cd17,4b2f70600e0981d6,ATM-RYYP-1457,ATM,4647.71,2023-05-04 09:49:09.801778,28.45445,77.356109
fa9a239b-67e2-44c5-be1b-09a7d263c1da,72757e65d62df2f2,MIC-HDXD-3029,MICRO_ATM_CSP,4647.71,2023-05-04 10:43:40.970409,31.013372,75.811819
17ac544e-6423-4fe7-a79e-3137dd28457d,230e4faa1b38ab5a,MIC-DYIV-6709,MICRO_ATM_CSP,4647.71,2023-05-04 10:41:52.395644,24.112988,86.274709
1a69a6c7-674d-4111-a54e-f66deb4dd2d0,f35ffc0e034418d5,ATM-ZHYG-2819,ATM,6971.57,2023-05-04 10:13:10.621959,18.972305,72.789638
53a4e34b-b4f0-46b5-a63a-38b81d4365af,99a3e1da6dbb6224,ATM-ATIV-4488,ATM,6971.57,2023-05-04 10:32:19.880462,13.051602,80.241419
359d55a3-456d-4c41-b75c-6cc74fd2fa2d,25b04eca97925f46,ATM-AOWE-7680,ATM,13943.14,2023-05-04 09:57:15.677504,24.10398,86.361482
89f85069-8949-421e-a71a-050e47f1a91e,800f97ed69d44439,ATM-ZGXV-0298,ATM,9295.43,2023-05-04 10:08:46.990127,28.089544,76.989999
8dab7ee9-11ae-49cc-82a4-fcfb26787727,800f97ed69d44439,MIC-ZTPD-2099,MICRO_ATM_CSP,4647.71,2023-05-04 10:05:14.533404,28.089689,77.005787
fa17ae96-2d90-4633-917f-ec2bea0fa335,6719077e3a6cd655,ATM-BGMK-8843,ATM,4647.71,2023-05-04 10:16:00.289343,24.046612,86.839299
e34e8d29-c7b1-492f-b07b-de84b1783cf5,6b58ba7092cc6adf,ATM-RUJL-4811,ATM,4647.71,2023-05-04 09:54:50.364833,22.572236,88.307476
8e9a4487-b9bd-418f-a1c0-115ef59dc52e,91ff603347d3f90a,ATM-JVNY-4879,ATM,4647.71,2023-05-04 09:47:16.502585,28.069807,76.989047
f2507cc2-7f96-4df1-989e-8400e0f9c21d,f35ffc0e034418d5,MIC-SLND-2833,MICRO_ATM_CSP,13943.14,2023-05-04 10:28:35.793939,19.051752,72.900776
0a4fe692-f305-429b-9f44-0b6ba1dc4120,d3e68396d863f181,MIC-KBUD-1202,MICRO_ATM_CSP,13943.14,2023-05-04 10:20:16.484081,28.026916,77.050119
eb24ad61-b17d-43e0-9460-ccafe497a00d,040c1f611eb42ce9,ATM-KYES-5665,ATM,13943.14,2023-05-04 10:13:47.150188,13.067587,80.205637
31c6a6ac-98bd-4c0b-8acd-280c37cdb75e,1e53c2e9292b4b76,MIC-QZWR-5883,MICRO_ATM_CSP,20914.71,2023-05-04 09:51:06.458281,24.195597,86.286722
ad614573-a227-42dd-9be0-f9b5907e67ca,25b04eca97925f46,MIC-BEKF-4493,MICRO_ATM_CSP,20914.71,2023-05-04 11:21:05.059425,24.155353,86.42515
deccf0a0-0d74-49c9-99cf-468f3cf2d18f,91ff603347d3f90a,MIC-UGEC-2933,MICRO_ATM_CSP,13562.85,2023-04-02 23:05:38.785184,28.16774,76.9699
45c0e6a7-2d59-44cf-938f-eaa32235e4aa,4346536ee04363c3,ATM-KDYB-4911,ATM,13562.85,2023-04-02 22:59:20.153631,22.593053,88.397131
72ee0ba1-7ed4-47a3-b4e8-5c3ddb3132bf,a40844e151329aea,ATM-RJBR-3999,ATM,13562.85,2023-04-02 22:53:04.230250,24.127637,86.25716
86896b75-9754-49f1-b94e-23767120e0ea,9c933ed3540d2b7d,ATM-UQNO-1588,ATM,20344.27,2023-04-02 23:33:27.267597,13.067559,80.189334
412d1c34-d224-48ac-9a63-4c2e7f7f7f9b,91ff603347d3f90a,ATM-MYSE-2089,ATM,20344.27,2023-04-03 00:46:02.171555,28.076552,77.000749
609e5c7e-3c08-43a6-b205-63a04470dc3a,150079c7a6c509ea,ATM-ZTOR-7537,ATM,32594.01,2023-08-27 02:10:08.802113,28.481079,77.519025
04d6e242-4d5b-4711-936a-53ce99412c93,2c66670eaef4dee4,ATM-RVBQ-7473,ATM,32594.01,2023-08-27 02:21:01.005254,30.913769,75.825658
2ac1320f-b014-4618-bd80-e662036a1ee3,292f6186c375903b,MIC-BRSD-2563,MICRO_ATM_CSP,32594.01,2023-08-27 01:40:28.076841,28.134618,76.974341
3068831a-dfa8-4ccc-b7f1-e0fd77a4c80c,3a84fdc33508e322,ATM-ZACC-8539,ATM,48891.01,2023-08-27 02:04:36.957560,19.077055,72.821147
0fc957dd-8ea9-4aa9-ab23-d9c674ca3ec2,ea1049248384ef38,ATM-MGVV-8380,ATM,48891.01,2023-08-27 02:09:57.326153,22.533482,88.406458
eb3d3cf5-8bef-4430-9e1b-308ebe1d5a52,9c933ed3540d2b7d,ATM-KLSE-4202,ATM,16297.0,2023-08-27 04:18:11.653803,13.126548,80.29473
44cad156-ea78-4678-a79e-cecb0b86029e,4214d918811a3778,ATM-JEWV-5972,ATM,16297.0,2023-08-27 02:37:33.458240,24.173518,86.237045
a5838ef1-be1f-425a-98e9-adaa17efdef5,e41466061105f4e8,MIC-RQQI-6330,MICRO_ATM_CSP,16297.0,2023-08-27 02:04:44.200050,30.965899,75.905215
8a6232ee-2c85-46cc-8ac3-8125dd02b959,0f402318041204af,ATM-RXJX-5434,ATM,24445.5,2023-08-27 02:02:55.617251,24.103074,86.347006
590378b8-4395-41f3-acdd-5ae1de0cab9c,5a2853871bbc3b2e,ATM-GOES-0069,ATM,24445.5,2023-08-27 04:11:03.297924,28.094611,77.045327
58914838-69b1-47bf-9375-78e86bff6246,150079c7a6c509ea,MIC-HPBV-1835,MICRO_ATM_CSP,37549.65,2023-08-25 20:18:59.557704,28.562081,77.301671
01c774d6-44a4-4d3d-8def-f1878596a68b,78cfb5c38ee21247,ATM-NDWQ-1791,ATM,37549.65,2023-08-25 20:14:00.140238,23.948515,86.802572
e8a96ed0-3553-45d6-b50e-850559fd82fb,8687a4cc583aa0ae,ATM-YQYG-4528,ATM,37549.65,2023-08-25 22:33:25.287636,24.169364,86.311018
566621ca-339b-47da-8a6b-1ea5099ea51c,36ebcda7e8ca8c5d,POS-TJVF-7830,POS,14229.63,2023-03-27 13:46:46.671298,30.857852,75.868959
22511614-1d02-4a87-b5cc-9c368b5ef447,d1834d35c9ee5ba3,ATM-SDLW-3386,ATM,14229.63,2023-03-27 13:47:49.807529,28.136184,77.037601
7ec03724-afc2-4c90-b296-ce84e39b1fc3,6da47df28d1aad11,POS-BCRY-2756,POS,32266.69,2023-07-23 16:10:54.807258,30.855171,75.833799
e21a04eb-3653-4a45-9cb7-1ff95e81ecdb,6877ffca8e5a30eb,ATM-NBQE-4414,ATM,16133.35,2023-07-23 15:34:44.528540,24.220367,86.192172
403602cb-432b-41c2-955e-5ae1a200dbc3,bfd8d67e331c6de1,MIC-FODI-8129,MICRO_ATM_CSP,16133.35,2023-07-23 16:11:46.007428,30.834217,75.841449
a7f629db-d840-47ab-892c-7ad4b3c49d1e,095c1c65e3981f27,ATM-NJBF-4750,ATM,16133.35,2023-07-23 16:33:52.891794,24.032933,86.847191
cab55782-665a-4ed3-964e-84675f09be4d,6da47df28d1aad11,ATM-PEST-7523,ATM,16133.35,2023-07-23 16:38:45.975650,30.923249,75.906748
14ded090-e553-4fcc-9a11-6c43d6258f6b,5f314f6228b18b11,ATM-NDCV-0442,ATM,96800.07,2023-07-23 16:22:45.954854,24.174641,86.351527
7d633c63-5b13-4e84-83ec-5720079f945a,76b7a36222fb4dbf,ATM-WXYA-3541,ATM,3067.4,2023-01-23 10:37:04.698186,28.049423,76.952546
b7713dba-61e1-483a-b02b-273be798d839,308677e52b368b05,MIC-EKNN-4856,MICRO_ATM_CSP,3067.4,2023-01-23 10:54:32.576302,19.128502,72.893933
688f586c-8688-4e97-a4c1-59311612d923,24e643baebc74702,ATM-ZKRJ-9692,ATM,3067.4,2023-01-23 10:18:58.742537,30.887382,75.855831
ead0b556-1ff0-4246-b01c-41e65bb0f4ca,25b04eca97925f46,ATM-XRAO-7007,ATM,9202.19,2023-01-23 10:48:06.899251,24.271803,86.331977
2b8f6cab-67ed-41ac-a6b2-1307e1af4516,801c737176bab764,ATM-GRJQ-3496,ATM,9202.19,2023-01-23 10:03:46.111231,30.912711,75.810242
10fbd28f-d8cd-4d95-bd4b-f53949b37cce,b54aa42950315b45,MIC-PNMW-9962,MICRO_ATM_CSP,148089.36,2023-09-07 19:28:22.823499,30.959725,75.818615
cc6fa369-8d45-49dc-a8c6-7dc3b01dd25a,8e5fcc4d4d7f23bb,MIC-TDFP-3974,MICRO_ATM_CSP,148089.36,2023-09-07 19:31:28.692217,24.182001,86.303521
e61836e0-3150-4274-9b86-7bfd9dcb288c,2a5119a5778f8fb7,ATM-SAGW-9379,ATM,63899.75,2023-09-15 17:23:32.798447,28.503579,77.444054
17eda084-8a21-47bf-8e05-420692eac2c8,8f21d510590ce4b1,MIC-QJAH-7846,MICRO_ATM_CSP,63899.75,2023-09-15 16:44:04.170230,19.038076,72.855422
0959af26-afc8-45dc-8cf2-5c401dbfc673,5234e2681fb4977e,MIC-IMAD-0338,MICRO_ATM_CSP,21299.92,2023-09-15 16:59:57.901585,24.205079,86.307043
527c2cdc-84b5-4f9f-9086-02e958f7625d,d0d470cfc4fc7e7d,ATM-IWVS-2224,ATM,10649.96,2023-09-15 17:10:39.036252,12.983538,80.24853
cf863df0-92a1-466a-972e-0cf8ffdca466,6da47df28d1aad11,ATM-UJCN-4078,ATM,10649.96,2023-09-15 17:25:20.798295,31.005287,75.835884
0fcb7b4d-d959-4dae-b750-a9659fe10d35,087d1b274c895998,MIC-ZIZT-7264,MICRO_ATM_CSP,7099.97,2023-09-15 17:10:06.320474,22.56809,88.388531
590c24b1-44fc-468e-85e2-6b92e0865238,9fd752d9d0ccdbb9,MIC-REXE-4244,MICRO_ATM_CSP,7099.97,2023-09-15 17:36:19.416872,23.965377,86.897876
50940119-31bd-426b-b513-7f6530ae848c,4a2108204892de8a,ATM-XVKE-9437,ATM,7099.97,2023-09-15 17:49:41.222499,24.057304,86.846318
a625ed2d-cd24-4fac-ba94-38466cde9db6,6da47df28d1aad11,ATM-DZES-4732,ATM,10649.96,2023-09-15 17:24:21.723520,30.832021,75.942207
8855afdb-27b7-406e-84de-359f24df5439,69ba46e56681a663,ATM-AWNO-2764,ATM,10649.96,2023-09-15 18:55:10.410287,24.045283,86.818464
d4857e99-85ce-451c-a7fb-95e78f4b00f1,4a2108204892de8a,ATM-EMVM-4598,ATM,7099.97,2023-09-15 17:10:22.143840,23.877112,86.731194
481a7339-f73c-4d77-a998-4699aca53fd2,77323791caaf34e8,ATM-XDXD-1318,ATM,7099.97,2023-09-15 17:21:21.483211,28.479458,77.390563
bea82013-7ecb-4e0d-a8b8-47bd4d110302,a7d3dd3cb0ab4de4,ATM-YKZX-5543,ATM,14199.94,2023-09-15 17:08:26.057002,24.276965,86.356036
0c26a636-7296-4385-b5d5-3ff13bde7bb8,4a2108204892de8a,ATM-EDVJ-6835,ATM,7099.97,2023-09-15 18:12:16.414697,24.021398,86.846533
7936a96e-3053-4706-b002-c4392f5e2449,9bbadf1ea0aacb76,ATM-BOZZ-6237,ATM,7099.97,2023-09-15 18:28:48.774279,13.098519,80.285113
26fb63c8-dd15-42ac-9730-779b7a973f93,522a65badd42c641,ATM-LBEN-9021,ATM,10649.96,2023-09-15 16:49:52.130563,24.145155,86.255457
b182ead2-e39c-4eb6-b2ca-fb62d7323892,8603e60ca1329f36,MIC-CUOM-4279,MICRO_ATM_CSP,10649.96,2023-09-15 16:35:15.221069,30.891495,75.839566
a219394a-3db8-4106-8296-4df4d0fdbfa6,f79cd1fb09127f5f,ATM-WQEO-8839,ATM,21299.92,2023-09-15 17:08:54.139787,30.915494,75.92608
a629ed75-6feb-4b77-b808-857fb0a35618,e80ae379760509e4,ATM-GAQV-0641,ATM,10649.96,2023-09-15 17:03:22.691372,13.035856,80.259547
affbd872-0005-40fb-8813-341d2c8aa39e,91b86f426cd2cf59,MIC-YODP-5123,MICRO_ATM_CSP,10649.96,2023-09-15 17:22:36.451968,28.583899,77.437793
ff2f5d59-fbba-4f23-83c4-5d2642e06254,15bc62bab6812a87,ATM-DFTU-7320,ATM,10649.96,2023-09-15 18:33:58.810275,22.594437,88.38386
52216eac-2147-4a69-8d01-830b54a2a48f,ce42adff5fb0bcc0,ATM-ESXM-3825,ATM,10649.96,2023-09-15 17:27:07.615737,24.199185,86.31288
dc1a00c7-235d-43da-8ede-48a1a94e4bfe,fed6a0b55d80fbac,ATM-WXTH-7508,ATM,10649.96,2023-09-15 18:06:30.253703,28.218258,76.949709
ffbfadb5-d0c0-4c49-951f-d1203bcb9aee,ce42adff5fb0bcc0,ATM-QFXB-2844,ATM,10649.96,2023-09-15 18:09:58.871061,24.195107,86.261471
b06db565-344f-42f2-98e2-99f3879505c0,522a65badd42c641,MIC-XXKY-4030,MICRO_ATM_CSP,21299.92,2023-09-15 17:29:09.164502,24.236682,86.310562
e1a3a3c3-5a6b-4b38-b29a-0e5f5370036b,ecc8777fcfc39d17,ATM-LFGJ-7125,ATM,300874.92,2023-06-27 03:11:19.237386,22.616299,88.367722
09a8d341-073b-4f64-8977-87d1c4e1b1bc,4ea91a930097779c,ATM-LHWA-7921,ATM,3142.78,2023-06-17 09:52:04.581201,24.172165,86.31905
79684e15-efe1-458b-8419-6a6ca2b60385,6719077e3a6cd655,ATM-DAUT-2110,ATM,3142.78,2023-06-17 10:08:57.864022,24.009382,86.886018
b5c40376-1755-4912-ad4f-eb26f74da22c,18112bd2a6ccbb73,MIC-JWTH-6104,MICRO_ATM_CSP,3142.78,2023-06-17 09:49:44.025230,24.142491,86.253485
1be32bbe-aa96-41c0-8c1e-458d91828030,15bc62bab6812a87,ATM-UUXI-1643,ATM,4714.17,2023-06-17 10:02:35.857835,22.583796,88.266474
02a0cb08-62c4-4a0b-a8d0-714369c4a1a2,e7dabff5801a84c0,MIC-GHLJ-8154,MICRO_ATM_CSP,4714.17,2023-06-17 10:04:08.779659,22.526189,88.425971
89b785ad-382c-431f-9a66-21c010fbae5b,7a10f6d97500d049,MIC-KRVT-0262,MICRO_ATM_CSP,3142.78,2023-06-17 11:12:48.761294,23.979614,86.864774
f083ccf9-1e73-49f8-81ce-087c3ffd28b9,96ee3133eae53f34,MIC-KBUS-0888,MICRO_ATM_CSP,3142.78,2023-06-17 10:15:44.332832,28.596654,77.417201
0bce6df3-374a-4ac0-891f-889a38a7450d,708e9a1b3e04ed99,POS-SWBQ-1386,POS,5971.28,2023-06-17 10:15:07.703394,30.822886,75.961304
8e827e68-b772-4afe-8b33-2a1f5004c5f2,e2008e1b14bdb6c8,MIC-WJNU-2386,MICRO_ATM_CSP,5971.28,2023-06-17 10:29:27.751958,28.537038,77.372986
f2c3fc68-17a2-4aac-bd30-41a23d9df8c6,2647f966c1839f83,POS-QDPX-2242,POS,28778.47,2023-09-10 19:59:18.003116,28.131722,77.05526
96f66fd8-37af-4054-afb9-03a218531766,91b86f426cd2cf59,MIC-DCMJ-6866,MICRO_ATM_CSP,28778.47,2023-09-10 18:58:44.988216,28.577793,77.373893
82d649f1-8752-4caf-9d2e-69ff7e3c1815,73fce4396c794458,ATM-BEUI-4691,ATM,19185.65,2023-09-10 18:58:23.157615,24.221583,86.32493
22d521de-e351-47a3-b405-36290a475563,e80ae379760509e4,ATM-UKJK-7736,ATM,19185.65,2023-09-10 20:00:51.982999,13.093178,80.369077
845093bb-67da-45dd-99b7-023d9290faac,f8e2a6843d0b843b,MIC-TPJK-5261,MICRO_ATM_CSP,19185.65,2023-09-10 19:18:20.173676,30.869918,75.813134
80e34dfb-f419-40ee-9a0b-d469d37f5c3f,2647f966c1839f83,ATM-YSDE-9707,ATM,115113.88,2023-09-10 19:26:44.000542,28.141376,77.039961
781a1118-17c4-48fe-97c2-61188aecacc1,3df284a919e148a8,ATM-AHIT-8156,ATM,38371.29,2023-09-10 19:52:39.279477,22.613411,88.310872
9f8f0ce5-b36a-4668-93e2-8a0adefba492,2647f966c1839f83,ATM-TCNO-5206,ATM,19185.64,2023-09-10 20:07:48.715026,28.146587,76.924444
4512e90d-14f6-424e-a6f1-0de16c5ad19b,e80ae379760509e4,ATM-LSGT-5763,ATM,19185.64,2023-09-10 19:28:03.129908,13.068804,80.185422
a861ab81-b892-491a-aa2c-faa5896ee550,d9bcc83f674275e1,ATM-GIHU-8597,ATM,38371.29,2023-09-10 20:31:38.059310,19.037461,72.94942
3c070b3f-4cda-4e94-9229-3c442384da35,e3ca269f60d6d65f,MIC-LIRW-0397,MICRO_ATM_CSP,166915.57,2023-04-25 08:16:29.449392,12.992893,80.297688
01b4a9b6-c7b8-4934-a452-167f9f5b5dc0,131a7708363db506,ATM-SUSU-4060,ATM,166915.57,2023-04-25 08:25:02.162528,22.582719,88.285952
bcd43706-d0e6-4b0a-9fb3-cc8392453e50,96739c6dc7f02b5f,ATM-YTZH-9050,ATM,92530.96,2023-08-05 21:26:54.193466,30.910956,75.771436
ae4ad928-fc70-469b-a593-dcf932c64234,90ccc2d3d41485de,ATM-SIQF-2412,ATM,92530.96,2023-08-05 22:19:00.537723,28.223426,77.075503
cf3a4dcd-99ca-451c-8c3c-9498c8409aed,25b04eca97925f46,ATM-HDPK-4556,ATM,92530.96,2023-08-05 22:25:54.578144,24.15852,86.34922
abf99465-7a8e-4e4f-8924-31e983e7260f,a1b1b0b2c4e48c3b,MIC-HAAU-5266,MICRO_ATM_CSP,36040.62,2023-02-05 17:57:40.416877,24.169429,86.256109
48bf647c-2510-4388-9867-6884b64539fe,dd9de6b05ff51602,ATM-FJAX-2238,ATM,18020.31,2023-02-05 18:26:27.262060,24.158668,86.29318
86353489-be28-4fb2-8811-643dbcdd9718,095c1c65e3981f27,ATM-XLJN-0217,ATM,18020.31,2023-02-05 18:27:51.243616,23.911595,86.837703
3d27cc0d-8abc-499d-947f-a0b0ae1a8c53,02faf74a5df7342a,ATM-MMTI-8106,ATM,8009.03,2023-02-05 19:15:19.595803,24.308525,86.304792
1a15a3fc-8c66-4d3b-a4f4-3d134c4c2c7e,d00466dba4ffcefe,ATM-SINF-9134,ATM,8009.03,2023-02-05 19:02:23.899239,28.553553,77.373019
d35f3820-d7da-4ec7-a84f-92535c9637ed,c1a3db241cc61fca,ATM-RFZF-3261,ATM,8009.03,2023-02-05 18:49:31.866748,28.226971,76.975426
99bf2857-4376-4b84-9c8d-7a55d45beee5,dd9de6b05ff51602,ATM-KRXK-2355,ATM,12013.54,2023-02-05 19:48:24.023282,24.196775,86.320858
ec787567-d46f-4f40-8062-bcf172b43d5d,a1b1b0b2c4e48c3b,POS-RIVV-4119,POS,12013.54,2023-02-05 18:28:45.319549,24.162177,86.308653
b13b1b19-81c8-44fe-b398-33c62e2c40f5,8b4c144bb4ae4afc,POS-VTJD-5042,POS,24027.09,2023-02-05 18:19:33.239535,19.121449,72.850182
2a66be87-107e-43a5-8140-fa00fd4e9e0f,0f39aa3b13e7e3c0,POS-KZCC-4433,POS,143212.79,2023-09-25 17:48:56.880628,30.856955,75.787921
dc13eb52-9616-41f8-8f4c-fa41189b464f,33522c9bdbaf3bad,ATM-KZAV-3127,ATM,143212.79,2023-09-25 18:51:24.723777,13.059473,80.217536
793eb43d-c8b8-4c3a-8b5b-17c94ab9acb0,708e9a1b3e04ed99,MIC-ODML-2040,MICRO_ATM_CSP,143212.79,2023-09-25 18:35:08.794702,30.878545,75.828965
eb147ee5-af26-4828-9c57-6761174e28da,e80ae379760509e4,ATM-VDME-8012,ATM,28680.45,2023-08-05 21:57:22.974724,13.141791,80.286143
18b34e2c-7a8f-4681-bec7-25a39fd7d561,69ba46e56681a663,ATM-YCAJ-9456,ATM,28680.45,2023-08-05 21:55:30.613001,23.845143,86.846065
b8f6d195-cb2b-4cc4-a26f-06bd647a797b,9c39fecd110d5cad,ATM-FYRX-8142,ATM,28680.45,2023-08-05 21:53:07.698471,13.082115,80.320282
bf921b09-5bf5-44a1-8ce8-0bff69038caf,400a95ae23792cbd,MIC-YIWC-9181,MICRO_ATM_CSP,28680.45,2023-08-05 21:36:47.053933,28.105986,76.983942
97c59849-2e40-4496-8ff5-b9e650060e2a,ce42adff5fb0bcc0,ATM-MYVN-0268,ATM,28680.45,2023-08-05 21:59:39.818650,24.158755,86.257323
c6880cbb-564f-494d-89a6-3997fcdcba0a,218c5d6d080619a2,ATM-PLTV-4049,ATM,28680.45,2023-08-05 21:30:04.099314,30.875253,75.881631
c46b35a9-1efb-42ee-a3d1-c21477c24eed,87cc051ae08428cf,MIC-PPJG-6366,MICRO_ATM_CSP,56763.32,2023-03-17 08:23:34.349039,24.083086,86.294378
a0610d3a-4e29-41c5-9df2-ee0519a6d8a8,577744147cf6f197,MIC-RDGE-7115,MICRO_ATM_CSP,56763.32,2023-03-17 08:16:19.627043,22.541741,88.341048
2e5a17e9-9c5b-4a1c-ac9d-529ca863c0a5,577744147cf6f197,MIC-ZGPS-5808,MICRO_ATM_CSP,56763.32,2023-03-17 08:28:08.590238,22.514898,88.254398
003b5fb4-41e1-43c2-a5ab-51278cf3327d,ba7b0c09f0862541,POS-CDFY-8460,POS,56763.32,2023-03-17 09:17:55.767917,24.143097,86.353222
37ae4bed-7fb3-4911-b870-7a779289e1be,294d95c2e507b44d,ATM-HOBR-3327,ATM,153214.74,2023-03-10 02:51:13.944368,30.846656,75.839022
9fea3d9c-4cc9-4ba5-a22d-53a8c2066ec3,7fe57d0ff66463b7,MIC-OZSA-6490,MICRO_ATM_CSP,153214.74,2023-03-10 02:33:50.255530,22.510421,88.411727
3e98d76c-4722-4c3e-a2af-683ec963bda1,aac943362d1a75d3,ATM-KMPK-3170,ATM,48516.69,2023-02-22 22:59:05.099296,28.111553,77.04091
b9e1e3ae-6249-47c4-a3a6-c7b84f1a3fab,865f7c1cd0f9ed15,MIC-DDEU-2605,MICRO_ATM_CSP,48516.69,2023-02-22 23:58:55.459343,30.940295,75.844795
b68962b9-7841-43bc-bef8-9f1402004b66,150079c7a6c509ea,POS-BFPV-7423,POS,97033.39,2023-02-23 00:11:41.232204,28.502373,77.314684
79d7dfc1-55ce-4810-a0d5-74bea538bb00,6da47df28d1aad11,MIC-JQKK-8681,MICRO_ATM_CSP,3813.7,2023-08-09 10:23:30.006984,30.961991,75.884119
7ec78cb8-9cef-476c-bb72-466aa71958d7,aac943362d1a75d3,ATM-RYJQ-1100,ATM,3813.7,2023-08-09 10:41:54.977392,28.076901,77.052287
893df018-d270-47fe-8450-8c06642778e6,6719077e3a6cd655,ATM-QLKJ-2475,ATM,3813.7,2023-08-09 10:39:33.621707,24.063202,86.890423
9652c8ae-b2a6-4201-873d-ddf4b081e98b,6a6e914928a94ec7,MIC-TVHR-5960,MICRO_ATM_CSP,3813.7,2023-08-09 10:29:18.668926,28.172262,76.867605
07c4a805-6e09-415f-b5b0-afd9af553ccd,cb9fa8bf15d4a4db,MIC-IEGI-2816,MICRO_ATM_CSP,3813.7,2023-08-09 10:47:29.556983,24.26143,86.243268
08b1a837-19a2-4933-8272-a17d86a602f7,801c737176bab764,MIC-VZSG-0148,MICRO_ATM_CSP,3813.7,2023-08-09 11:39:11.515889,30.92247,75.907147
fc898d78-d180-4ecb-b039-3a96745cbb59,f72723c2288b7429,ATM-INMF-0792,ATM,3813.7,2023-08-09 11:13:41.513789,24.208271,86.304157
ae3889db-da2a-4fd5-bb6d-ff74dd2e6553,cb15db1a9af73b40,ATM-ZYUO-1969,ATM,3813.7,2023-08-09 10:35:34.132057,19.085799,72.847601
1401d2aa-4193-40a7-a05d-bb147a1e295c,617e20d2bab877e7,POS-RQGB-3101,POS,3813.7,2023-08-09 10:26:16.083121,22.616752,88.427265
04e65611-785a-4efe-adbe-3abd415513a3,a2bbd14a2f29203e,ATM-MOYS-9745,ATM,10869.04,2023-08-09 10:58:32.615745,23.880986,86.880409
9c77dce3-0be8-46e1-9654-d7cbac44a605,4933000996e6a77b,ATM-NTNU-8361,ATM,1811.5,2023-08-09 11:01:21.668965,30.904345,75.892809
8ccb2991-8f62-4fd4-9aec-5cb45f15e2e5,e443efdf9bae5f0d,MIC-MZCW-3507,MICRO_ATM_CSP,1811.5,2023-08-09 10:29:13.251499,28.113547,76.936128
54343324-e1c3-46a1-967c-d3bf78f501f5,c3f72c30b76aac18,ATM-PYFF-1082,ATM,1811.5,2023-08-09 10:32:09.854261,28.518267,77.391618
4e9b7a85-c36f-4df4-b962-51b850ad6c2e,a40844e151329aea,ATM-EOSO-2261,ATM,5434.51,2023-08-09 10:47:11.282613,24.232685,86.308575
cb8d9b18-dfb5-452a-8fff-e6db8ad8ca40,9c39fecd110d5cad,MIC-PELD-6611,MICRO_ATM_CSP,2717.26,2023-08-09 10:44:06.748090,13.065271,80.256618
3abe5bb5-017b-42de-bcee-73af42078dab,4d615301bf0f358a,MIC-WOZJ-0801,MICRO_ATM_CSP,2717.26,2023-08-09 10:46:53.638996,30.934952,75.898505
05fe2992-774e-4948-a511-c4622e25f9e4,5440d6b39ae55086,MIC-AJIH-8952,MICRO_ATM_CSP,1811.5,2023-08-09 12:27:34.867539,23.908219,86.818548
dad40dcd-5dd3-4526-ae30-00885778c9ac,308677e52b368b05,MIC-AQXZ-5467,MICRO_ATM_CSP,1811.5,2023-08-09 10:28:28.092887,19.115848,72.959361
1e708dbf-96d9-4071-a78a-dacc34d20e07,ba7b0c09f0862541,ATM-HHTI-6421,ATM,1811.5,2023-08-09 10:34:01.595047,24.260012,86.232024
0ca54550-074f-4f4b-bae0-b0c74a9ea58c,7f8ba2c0a09c55cf,ATM-MVAM-7693,ATM,134481.37,2023-09-10 06:09:17.534960,13.12054,80.280142
e3de44cb-29c7-418d-bd72-07abb23035f2,0f402318041204af,ATM-LEAB-9780,ATM,134481.37,2023-09-10 05:21:00.793858,24.16585,86.36169
c9b5801d-b71b-4a6a-a3c7-34894d85fddd,07e0cebd234c62cb,ATM-HIRP-9485,ATM,134481.37,2023-09-10 08:03:10.102482,24.173458,86.369906
74357327-c427-4d3e-8a6e-94fde6a2732e,04e45c79972ecbeb,ATM-JZZE-7511,ATM,174536.91,2023-01-05 05:13:08.804354,19.08567,72.880685
efcc13d8-0724-48aa-b1e3-32df109adc33,2bb65ef4ad770c01,ATM-ULCH-4677,ATM,123753.96,2023-12-08 19:38:48.650140,24.054469,86.848816
a8f9cf33-ee3e-4a2a-8b25-b0749791e123,4a2108204892de8a,POS-RIZS-5022,POS,123753.96,2023-12-08 20:05:16.649768,23.889765,86.873941
e25ebb12-ca4e-4d50-a7a3-e7cb9753234e,a7d3dd3cb0ab4de4,ATM-HKNN-3172,ATM,123753.96,2023-12-08 19:28:14.564150,24.159815,86.334148
83fdc493-da5d-426d-b784-894c354c201b,67b29c8559f11dce,MIC-KFBB-8814,MICRO_ATM_CSP,70579.11,2023-06-16 09:54:58.490753,23.97068,86.877865
ac69d419-ab24-46ca-9da6-9178f0a8917a,2a1810e23521088f,POS-QDTU-3001,POS,70579.11,2023-06-16 09:33:51.826851,28.069847,77.081249
0490ba6f-e3cf-49ff-8bab-a4937b53bd17,6da47df28d1aad11,ATM-VBCP-1747,ATM,70579.11,2023-06-16 09:33:40.641107,30.828167,75.870621
8c75977a-af3d-4c97-881f-f80e65aea2b0,5a2853871bbc3b2e,POS-YOGT-2692,POS,15552.97,2023-08-08 20:17:39.643949,28.13957,77.073785
66fcebbe-cef5-46f3-96b5-759ad8e5e6a1,cfaa503a4b7ef3b4,ATM-FELP-3964,ATM,15552.97,2023-08-08 20:53:28.768236,13.03098,80.301064
104f9d52-f918-400b-ba0e-f04738b65a6d,392ff47fb759eb21,ATM-OFNK-3020,ATM,15552.97,2023-08-08 20:56:32.640851,28.482248,77.380415
c360fcca-4763-4bb6-8fdd-9974c75d7bb1,fed6a0b55d80fbac,POS-XBIH-7491,POS,46658.9,2023-08-08 20:39:10.573041,28.150248,77.016217
0d9c2d20-071a-4bfa-ac53-243b50e873fb,3ba14a4de4ea92d7,ATM-DGIX-8859,ATM,46658.9,2023-08-08 20:31:19.791163,22.559216,88.43339
75bb6009-294e-4edd-b44d-899ef72ca221,4d9d93596a6dbe06,ATM-UKCH-9584,ATM,34994.17,2023-08-08 20:50:51.462630,30.930009,75.887296
39ad0fef-ce1c-4bce-b480-743ca2268e1a,36743817547696c9,POS-ODIO-7636,POS,34994.17,2023-08-08 20:31:48.431173,23.984759,86.834179
e9a2d90c-f010-4b07-90c6-d9fdbc6aaf53,4346536ee04363c3,ATM-JMMN-7422,ATM,69988.34,2023-08-08 20:19:31.430055,22.604108,88.438874
f805f89e-4a0d-4a35-bbd5-785c5267f559,aefb9520732cf5fc,ATM-TEWL-4636,ATM,53952.33,2023-07-10 17:04:24.179781,22.501811,88.428851
0a7ebed7-1c11-4dbf-9b4c-9f8229638714,ba7a465e61a11230,MIC-TERA-8739,MICRO_ATM_CSP,53952.33,2023-07-10 16:37:20.451647,18.981281,72.909182
ddcd5259-6ff0-4d0b-b369-18cadd84fbb9,45243675010d84fb,ATM-CWOW-8346,ATM,13886.56,2023-02-27 12:24:53.465829,28.151642,77.049358
142d84f0-c981-42c2-8932-5982bbf596df,4933000996e6a77b,MIC-ECFM-9454,MICRO_ATM_CSP,6943.28,2023-02-27 12:29:01.456107,30.890296,75.88431
e077cf31-d112-4807-8ea5-44fa1a4aa333,7cc7eb9a9438c1e2,ATM-GHOK-2377,ATM,6943.28,2023-02-27 11:53:13.490246,24.181268,86.279239
ce59548d-3fbd-48d8-a31e-27e90bf7eceb,76e37cd876827e1a,ATM-KBJD-7407,ATM,6943.28,2023-02-27 11:49:01.306431,28.078544,77.033585
7feae631-55bf-44c5-876e-45593d033e76,2f5005f659c6467e,POS-YZSC-4821,POS,6943.28,2023-02-27 12:57:24.767356,24.02383,86.872755
6e39045f-0005-44c7-814c-5d405ec44101,3e96103935c76626,MIC-MMAO-8948,MICRO_ATM_CSP,302485.06,2023-05-27 20:49:15.216098,28.151005,76.995215
dad8bbe8-9227-4166-9a26-91d0163314c9,1b6df1573ac24ffc,ATM-CYHL-9541,ATM,69310.47,2023-02-23 21:41:21.380621,30.849844,75.85311
15e88d67-0f54-4bf7-9eee-9aeb3bf1ac43,3df284a919e148a8,ATM-SKVO-8595,ATM,69310.47,2023-02-23 21:27:44.799776,22.61241,88.378269
95b232fb-717f-4dc8-8845-c1142d06f450,99a3e1da6dbb6224,ATM-GSAL-1306,ATM,66647.05,2023-03-31 08:53:28.801278,12.983996,80.285101
c0ee53a8-98e8-4c75-a004-8f37832e0998,e3af0705ba5a43fa,ATM-SWWJ-6600,ATM,66647.05,2023-03-31 08:01:52.551271,13.010404,80.292943
7804ae58-496d-4d52-bfb4-948ac8d36a96,4b2f70600e0981d6,ATM-JWCJ-4330,ATM,116820.07,2023-02-10 04:09:22.627995,28.603102,77.49597
d45f2d70-6144-4795-97d8-7de260bb34e3,b8fbafa1b8d2fdba,MIC-PGOJ-8289,MICRO_ATM_CSP,116820.07,2023-02-10 04:03:45.572172,23.962866,86.795177
49d5be89-95ce-496f-8392-a09273711489,81db70f41785c665,MIC-BRJH-1188,MICRO_ATM_CSP,116820.07,2023-02-10 04:14:37.584925,22.533593,88.400563
a241e479-4a5e-40af-b1bd-c126ef9658c5,a7d3dd3cb0ab4de4,ATM-MAHT-5360,ATM,30011.47,2023-09-10 06:26:09.089069,24.205113,86.291473
0121508d-0f72-4094-bb6e-b4855a0b3e8e,25b04eca97925f46,ATM-CFCE-2406,ATM,30011.47,2023-09-10 06:02:37.347600,24.126591,86.287195
8e3da7cd-be99-4046-abb5-608fead9519c,c08d00055da1c6f6,ATM-AXYP-3380,ATM,30011.47,2023-09-10 05:41:29.356861,28.111089,76.957081
dca378b2-bfca-4a95-b615-fa00262bf4f0,22ee0eda8c709f44,MIC-ETIA-0725,MICRO_ATM_CSP,30011.47,2023-09-10 06:22:12.295544,13.05962,80.280142
77e4b66d-d5d0-45a8-9030-ba2e74f60dbe,f72723c2288b7429,ATM-WIST-9024,ATM,60022.94,2023-09-10 05:47:03.619694,24.163307,86.292504
d04155dc-af2b-4ef2-8900-b0d055a52bf6,bdb8bd7283b2a364,MIC-LIIB-3329,MICRO_ATM_CSP,60022.94,2023-09-10 06:44:51.770852,22.57966,88.371058
77f80513-b500-4de3-85aa-2934ce796ff5,40b46b1908cf6f3c,ATM-AWJA-5204,ATM,234538.52,2023-01-10 23:38:54.896148,24.146433,86.203393
af567ee0-244c-4494-b09a-ab87a6fb270f,2cea95cfb3bfcf81,ATM-NJPD-5359,ATM,234538.52,2023-01-10 23:50:38.468322,22.595755,88.385713
1b0d19b9-d906-4015-9917-e1a4d85b7dfe,43e2188fe6ee0e8f,MIC-PIFZ-2620,MICRO_ATM_CSP,52006.02,2023-09-24 20:53:42.183308,22.578924,88.284765
e4ac36dd-5899-4c97-8135-5057b9ec709b,2bc3bef98dc93ad5,ATM-WLYP-1001,ATM,52006.02,2023-09-24 20:54:33.879386,24.149581,86.278276
b84e0ee2-de6c-4346-abb5-94b1a349206e,82a072edd58e79aa,ATM-DNKM-5365,ATM,34670.68,2023-09-24 21:36:20.522435,23.969553,86.817258
b5091d92-da64-47b3-be0a-f4000ebefcc9,3c8adec20ebc7ecc,ATM-XMYU-2553,ATM,34670.68,2023-09-24 20:43:13.887977,24.238242,86.30959
80a8bd25-6dfa-446a-bd3f-79eb071fd0ca,6d100f11d2a14a1a,MIC-EBSE-6289,MICRO_ATM_CSP,34670.68,2023-09-24 21:07:56.314789,30.922647,75.761166
d366097a-cc84-431e-b73a-fc2e03593110,150079c7a6c509ea,ATM-EBJB-8254,ATM,104012.03,2023-09-24 21:07:47.400370,28.626015,77.410963
3365bcc0-22b3-4de8-912b-c7514fedab94,96ee3133eae53f34,MIC-ZORQ-9867,MICRO_ATM_CSP,52006.02,2023-09-24 20:52:20.214054,28.54004,77.305102
0731749f-2e9f-4005-bb14-ad5225449b32,3130a23abd9e06eb,ATM-VFWF-2696,ATM,52006.02,2023-09-24 21:47:14.387169,28.606531,77.384778
3e54f882-5a55-4606-9ed8-7d00dc68f311,30e3b2726849cf25,ATM-LQFU-8838,ATM,119527.82,2023-04-08 09:14:59.400865,28.480738,77.392469
959a8f25-f2f9-4c05-9608-bad89adbf9af,3595b10f9139f7f5,MIC-XLQV-9174,MICRO_ATM_CSP,119527.82,2023-04-08 08:37:13.227225,28.561575,77.380136
7f07017a-ba0f-4cb1-9247-b971d293652d,38a341c387bf6b0b,MIC-HBIV-5498,MICRO_ATM_CSP,119527.82,2023-04-08 09:52:17.906085,28.054928,77.046725
7cc007fe-f55c-4a0d-8519-612dcae2e922,20d1004be5275449,MIC-ALIL-0047,MICRO_ATM_CSP,192380.16,2023-01-23 05:37:21.194793,22.543274,88.363594
80b5225a-5128-4519-a903-a7dac17dffb8,96c80e0c992812b9,ATM-NUZN-3628,ATM,64126.72,2023-01-23 05:10:30.617320,28.17663,77.03217
74924f08-ebcc-4968-80be-5ba1d851d5de,218c5d6d080619a2,ATM-QASX-8465,ATM,64126.72,2023-01-23 07:48:21.091871,30.982236,75.842774
717d2864-0ff1-4eed-9c60-a1713f99b00b,945db3dffb7ba17b,MIC-TVOM-5759,MICRO_ATM_CSP,64126.72,2023-01-23 07:24:45.507417,19.035652,72.903306
9c601ac3-db78-4e07-91aa-2f78054fa50f,15bc62bab6812a87,ATM-KFHU-3647,ATM,42474.17,2023-03-26 15:18:36.656023,22.507191,88.375132
240b779a-0911-4f9c-b411-bbd5b480d951,3fdb81fcdd99b495,ATM-DJNO-4737,ATM,14158.06,2023-03-26 14:05:09.738467,13.057298,80.278229
c3285934-ad8b-4286-9c11-3c7d4a00f100,4a2108204892de8a,ATM-VMXV-5172,ATM,4719.35,2023-03-26 14:22:49.535946,23.918651,86.909828
2dd995fc-d2b6-4c1d-9084-2074496a12cc,98768ceed9627cfa,ATM-YYJE-9880,ATM,4719.35,2023-03-26 14:06:49.416267,23.944599,86.826672
ac56c8b0-0d96-4609-bfc4-253e84315169,a7582a5b632b9fbb,ATM-BEWM-4508,ATM,4719.35,2023-03-26 14:01:22.064250,28.112074,76.927914
2a40de3b-e8aa-427f-8d1e-c4d1e57044fe,9dbe3525d7d0e203,MIC-GKHE-1090,MICRO_ATM_CSP,7079.03,2023-03-26 13:56:58.329008,24.145077,86.218779
4a6f974e-ac60-4ccf-87e0-3b893f7820fd,98768ceed9627cfa,ATM-CRID-5046,ATM,7079.03,2023-03-26 14:09:20.741765,23.883371,86.895152
5332e0bb-eb67-4bec-b402-e57c28f4dbae,10e4948592a3bbc6,MIC-ECKC-8591,MICRO_ATM_CSP,10618.54,2023-03-26 13:43:57.096342,23.972005,86.878398
ef2eb78f-9fed-4ba4-9c41-9e1f711571f8,d552f8b748533a3f,ATM-ZUZM-9469,ATM,10618.54,2023-03-26 13:24:23.678346,28.544803,77.444985
4ddb0243-2224-405e-bdee-ffa043d82bf4,96739c6dc7f02b5f,POS-GTDH-9914,POS,21237.09,2023-03-26 13:24:15.092198,30.854978,75.82652
1e60a7f5-df12-4423-a9ec-9f7a7ceb00fd,f5ee5bb69c594618,ATM-NUVB-6197,ATM,42474.17,2023-03-26 13:41:25.473799,24.215978,86.251734
558f3e38-95b5-40b4-b564-4c1a9eae3bfb,3fd666dafcab0387,ATM-BRDK-3884,ATM,10618.54,2023-03-26 13:32:39.970513,30.984698,75.850302
b48d5447-be32-4c0f-92c5-80b04e0ae255,94fdc6b8e876af4b,ATM-TVGN-9316,ATM,10618.54,2023-03-26 13:28:59.450592,28.597967,77.352038
2a65c68e-c1d7-4fc7-a15b-9243b2bb7265,9fb71d78ccc4f2b1,MIC-JUAM-2981,MICRO_ATM_CSP,10618.54,2023-03-26 13:58:19.367967,28.567374,77.374355
f8999965-0187-4175-a533-f487621f9be3,3690c9c1867520be,POS-CLXV-5620,POS,10618.54,2023-03-26 14:16:37.580756,13.047651,80.343979
a7823a56-9708-47a9-9816-780f10830ad0,07e0cebd234c62cb,ATM-NRHV-9702,ATM,21237.08,2023-03-26 13:22:43.684373,24.119706,86.361543
61d7a02a-d7f3-43c6-80d8-913a280383d0,a0f75e9cadde49b3,ATM-DWQG-0225,ATM,21237.08,2023-03-26 13:26:23.674850,19.109083,72.806424
e0cfecb6-9653-41bb-a94e-bb9325cea41e,5f314f6228b18b11,ATM-NGXD-6010,ATM,119527.15,2023-02-08 01:59:36.757679,24.135074,86.316826
0c74d4a8-a0d7-4e95-b5f8-a8175bb8da00,c00017baec900020,ATM-BMXD-3076,ATM,119527.15,2023-02-08 02:13:46.135493,24.290981,86.311996
6dbd6a4a-7883-452e-8e0f-d2900f114928,78412091d3702307,POS-TJUS-9995,POS,53552.09,2023-02-23 11:14:19.047965,28.152397,77.033268
ac611fae-3102-48c8-9124-55e1f8a06448,6db21f4c4eca72d8,ATM-YWFG-8007,ATM,26776.04,2023-02-23 12:31:42.476115,28.201084,77.07138
35d2aee7-205b-432d-928c-fc80fc801a33,2bc3bef98dc93ad5,MIC-PJCT-8503,MICRO_ATM_CSP,26776.04,2023-02-23 11:20:12.527740,24.231179,86.289112
7fdf08b6-1005-4b56-94df-4f158912d132,02faf74a5df7342a,POS-HNHB-6608,POS,17850.69,2023-02-23 13:15:30.119840,24.178087,86.362825
719b5a42-fea6-48f9-8b5f-817b79bcbabe,2c55f0286942d24d,POS-AFZI-1139,POS,17850.69,2023-02-23 11:50:28.176872,13.152655,80.397367
3f63b397-1791-42bb-a04e-f7d5fb256016,5e7a22b24305ff3a,ATM-MQEW-8937,ATM,8925.35,2023-02-23 11:14:11.334779,28.1167,77.015037
24ac43ad-da5f-4265-8fa1-c01484faaa09,ea99df697b9c2ca6,ATM-JKAJ-3155,ATM,8925.35,2023-02-23 11:56:37.425754,23.89499,86.901891
7d9e91f7-3fcd-46dc-9a06-0e2e4b3af3e4,8595d99a4d487472,ATM-HYKC-4283,ATM,8925.35,2023-02-23 12:18:01.094588,28.557356,77.482648
fb0d03b4-2822-462a-a668-f65c9e5ec333,55b4926e5d4cc375,MIC-RTQM-7182,MICRO_ATM_CSP,8925.35,2023-02-23 11:14:09.290938,23.888807,86.808283
67a7ca7c-5ad3-4f6f-9d1f-9a9ae635b395,3e96103935c76626,ATM-ELXI-0714,ATM,35701.39,2023-02-23 11:46:36.031923,28.10364,77.050196
8924dfcb-5f18-4b58-846f-d137a25326ee,3c0b67ba74cbafec,ATM-YPZD-7201,ATM,35701.39,2023-02-23 11:54:00.108651,28.554189,77.418936
2809a03a-d905-484f-9014-3f304f911037,d552f8b748533a3f,MIC-HXEK-5170,MICRO_ATM_CSP,11900.46,2023-02-23 11:35:33.910609,28.506028,77.411624
060a367d-e917-48cd-8cb5-1721253c3332,85325f4fb0095b84,ATM-NPRC-7191,ATM,11900.46,2023-02-23 11:28:49.185054,28.574554,77.392028
914c350b-fced-4710-82a6-d360f212f5f9,3dcd069dfca35470,MIC-XAEI-9645,MICRO_ATM_CSP,11900.46,2023-02-23 11:21:51.607744,13.059429,80.217442
6b9332ef-f6f0-433c-b46c-a14430df8aa3,6db21f4c4eca72d8,ATM-JWTY-5117,ATM,11900.46,2023-02-23 11:40:54.187284,28.162644,77.03275
a799cbfe-4f75-4bd1-bb3f-61478b4b8505,02faf74a5df7342a,ATM-HPRE-1953,ATM,3966.82,2023-02-23 11:23:55.195122,24.327686,86.361571
e25d7a96-b4ad-4648-a63c-7eae56fbd0b2,801c737176bab764,MIC-LWVN-0199,MICRO_ATM_CSP,3966.82,2023-02-23 11:21:07.198081,30.830104,75.788634
0c108636-32e1-4977-808b-3c94df98b43e,3dcd069dfca35470,POS-ZCRB-3210,POS,3966.82,2023-02-23 11:30:58.546843,13.123167,80.311959
daf4d41a-65e5-4173-9fff-9bb770acb62a,3dcd069dfca35470,ATM-CIWK-0812,ATM,5950.23,2023-02-23 11:47:04.240772,13.079553,80.319134
6014d8a5-4a81-4ff1-8bb8-6b5b380d714a,d552f8b748533a3f,POS-AJUJ-0967,POS,5950.23,2023-02-23 11:36:50.774241,28.557665,77.400105
5c72bdb6-c58e-4ed3-ba87-b9d3a6d393c7,e443efdf9bae5f0d,MIC-HVRE-5856,MICRO_ATM_CSP,3864.25,2023-03-16 19:00:10.034046,28.105879,76.974793
62fb010a-6b6b-42ec-936b-603fe94f8302,91b86f426cd2cf59,ATM-LIVL-9751,ATM,3864.25,2023-03-16 19:00:21.059244,28.519309,77.399645
9c4dd5b2-2925-4c0b-ae31-99129fb9a0c6,577744147cf6f197,ATM-BPFO-3205,ATM,3864.25,2023-03-16 19:28:22.653877,22.660513,88.336873
7f8b7842-b173-4840-8d18-ed386c2e65eb,3e44a84deba706e5,ATM-ZEGK-3078,ATM,3864.25,2023-03-16 20:16:56.280262,23.948365,86.816203
fb09a6c1-fef9-429b-b703-ca960a222bba,3963b6f6f79dd7db,ATM-EIUY-2009,ATM,57204.31,2023-11-02 03:42:13.473034,28.145226,76.981677
cfc8a2cb-19a7-4e02-ad19-40e7ea5e720f,e500c9e498d732fc,MIC-LTHP-5621,MICRO_ATM_CSP,57204.31,2023-11-02 01:19:46.387195,13.073831,80.265936
b3a78c3f-e29a-47ae-9437-9c122c6cfe05,0f402318041204af,ATM-UCUW-1460,ATM,57204.31,2023-11-02 02:11:56.040929,24.25435,86.256857
8e4cfc03-477d-407c-848f-8a25e7ddaf57,f2096f718ea48500,ATM-CFFU-6830,ATM,48388.3,2023-12-01 23:27:07.645280,24.229242,86.270427
f4a68527-be16-4e57-af81-9b7812c1f168,f2096f718ea48500,MIC-PXGZ-1242,MICRO_ATM_CSP,48388.3,2023-12-01 23:15:12.777302,24.181855,86.192395
231ff66f-c9a7-4a13-a85c-8f48a4c458cf,3130a23abd9e06eb,ATM-JDHT-8690,ATM,96776.6,2023-12-01 23:25:32.885375,28.505894,77.479551
6713bc79-6c8f-4a53-8c8b-d34cce6d325b,f2096f718ea48500,ATM-RATR-0264,ATM,48388.3,2023-12-01 23:04:46.643346,24.233959,86.335067
233d8895-ec3a-4174-ba49-32a9462af7ae,56d780b6aabce5d8,ATM-BEGT-6879,ATM,48388.3,2023-12-02 00:33:58.155103,19.118609,72.877946
7f7bf7c6-cfbf-4029-9067-8a3cedc903ae,56d780b6aabce5d8,MIC-RZKQ-1843,MICRO_ATM_CSP,16129.43,2023-12-01 23:43:38.440394,19.133451,72.846522
af1542ce-3f60-4ff9-9cf7-7722e9704b9c,f2096f718ea48500,ATM-NVMH-7924,ATM,16129.43,2023-12-01 23:53:16.801000,24.187145,86.293219
3568f26a-9615-49e2-a756-6ef07c35a7d2,c08d00055da1c6f6,ATM-HRDL-0853,ATM,32258.86,2023-12-01 23:14:59.493846,28.174186,76.975088
bae7f4ee-a286-4e3a-992f-4d3f6ad12888,22ee0eda8c709f44,ATM-SBAI-6872,ATM,32258.86,2023-12-01 23:18:53.674054,13.069767,80.245405
c3fb6769-4735-407b-ab20-78afb5e1a748,6db4b99434e0bedb,MIC-PCCP-1482,MICRO_ATM_CSP,24955.25,2023-05-19 01:04:05.473031,22.534873,88.34835
3032b7f0-da4f-4b87-a3ff-c21b99c6b6ac,b15f4e8b57339c3b,ATM-WWWS-2654,ATM,24955.25,2023-05-18 23:38:27.727894,28.543592,77.472719
6b53131b-b636-4e3f-afd5-75f209438d3d,e3af0705ba5a43fa,ATM-QBKL-3380,ATM,16636.83,2023-05-18 23:50:31.445518,13.145559,80.360954
ba085a4b-7817-43c4-ab26-cb1006b889d3,47dbc2f354f604d2,ATM-QDDT-0874,ATM,16636.83,2023-05-19 01:03:59.997699,28.089349,76.918047
b0f524ad-cf43-415e-a08d-578c206fc9ee,d036df3044e9deab,ATM-YOOY-3620,ATM,16636.83,2023-05-18 23:50:01.986911,24.185951,86.33327
9936f9f5-f66b-472d-bdd6-2a9eae2d7ac0,6db4b99434e0bedb,ATM-FJOC-3930,ATM,49910.5,2023-05-18 23:44:07.789661,22.589667,88.489063
64633d9d-592d-4c26-b3ce-971dba74c55a,392ff47fb759eb21,MIC-TBLX-3661,MICRO_ATM_CSP,16636.83,2023-05-18 23:44:28.762436,28.577846,77.362419
a36deeb8-38a3-4d73-950c-fe4d41aca411,8603e60ca1329f36,ATM-QLBW-1499,ATM,16636.83,2023-05-19 00:54:29.315252,30.964538,75.778248
ba924c1c-af51-4751-a950-cfb1d4924b34,2647f966c1839f83,ATM-BZFT-7422,ATM,16636.83,2023-05-18 23:42:34.127753,28.092614,76.994639
4a409eae-b529-47ae-ab2c-5b071e1c37ed,78412091d3702307,ATM-HYWO-8729,ATM,66547.33,2023-05-19 00:11:18.596225,28.180637,77.030911
1d316fcb-5074-4938-abd4-9a0f08a61845,2a17b5795aadef18,MIC-QTAT-5567,MICRO_ATM_CSP,66547.33,2023-05-19 00:13:58.316092,23.921272,86.689482
38862460-a864-4657-8733-329eb1a4834d,e3ca269f60d6d65f,ATM-GBUN-8429,ATM,66547.33,2023-05-19 00:37:51.514678,13.025942,80.299515
cae7293f-26a2-4beb-9a09-f9d8b118c572,91ff603347d3f90a,ATM-GIRO-0568,ATM,5055.62,2023-07-24 12:25:53.689847,28.171987,76.99376
889263f9-b35c-4cf5-95a6-11c01c015122,095c1c65e3981f27,MIC-PNMI-0519,MICRO_ATM_CSP,5055.62,2023-07-24 11:13:46.329114,23.980864,86.828076
f85ef05c-6ee0-40b4-a1b7-ac5a214dd836,91ff603347d3f90a,POS-CBRI-9114,POS,10111.25,2023-07-24 11:24:50.800443,28.126093,76.986137
ddf16896-7e75-4821-91b5-7f2b192e768e,400a95ae23792cbd,ATM-CZAY-0628,ATM,3370.41,2023-07-24 11:00:45.985587,28.055772,76.995367
8d397e3e-3563-43e2-a423-0c5e9a3b17c4,d3503cdd07a76e2f,POS-TKPX-5561,POS,3370.41,2023-07-24 10:44:09.702958,24.016011,86.762492
cdeb970c-25d2-4fae-be50-794dd7bf8f11,79a8772dff7b3fdb,ATM-PZMY-6914,ATM,3370.41,2023-07-24 11:28:21.610732,24.10567,86.32943
b14bace9-8104-4151-a5ca-22d350645334,400a95ae23792cbd,ATM-LZDH-8331,ATM,3370.41,2023-07-24 11:24:35.734931,28.034506,77.032946
547b4812-9252-467f-ad2f-f38c7f002002,1b6df1573ac24ffc,MIC-EQFV-1612,MICRO_ATM_CSP,2246.94,2023-07-24 10:59:17.344159,30.854741,75.884032
262b8579-830c-463b-8f61-783d1579f2dc,400a95ae23792cbd,ATM-HISB-4169,ATM,2246.94,2023-07-24 11:41:37.410379,28.153488,77.051031
256f93f5-46d4-4ed9-bbb0-1bac7da052bb,0f1ad65543378e63,ATM-IPRD-2775,ATM,2246.94,2023-07-24 11:55:40.154032,22.611554,88.37202
c2dfec4c-f5db-48cd-a7bb-c9c7d811857a,69ba46e56681a663,MIC-XOWR-6684,MICRO_ATM_CSP,213477.5,2023-05-31 22:52:19.565672,23.982795,86.797357
93783d1d-90f5-4e0c-8885-d781816edd30,9fd752d9d0ccdbb9,ATM-HTQV-7053,ATM,213477.5,2023-05-31 22:37:46.365319,23.961743,86.871093
a5a6b8e2-19dd-4a1f-a08e-5206f163e2cf,6da47df28d1aad11,ATM-QSKQ-5419,ATM,196021.77,2023-06-04 18:33:54.286678,30.855956,75.853435
1462794a-14da-4094-9e92-7916d07eb6b2,2a5119a5778f8fb7,MIC-IQGC-0583,MICRO_ATM_CSP,196021.77,2023-06-04 18:17:25.068926,28.495216,77.383028
32354b7a-565b-4886-a679-436e7f711306,6719077e3a6cd655,ATM-SXAD-0944,ATM,121920.37,2023-04-02 10:01:22.515062,23.96854,86.834657
58c5a3ad-9f72-4688-9548-836cfdc2191b,c6add401e808d068,ATM-YBQT-0223,ATM,121920.37,2023-04-02 10:11:20.759562,28.529908,77.368365
4d851505-d4f8-493f-82ec-59ffe02fb433,bfd8d67e331c6de1,MIC-YWCV-8023,MICRO_ATM_CSP,111763.95,2023-10-09 15:50:28.728256,30.906801,75.752221
0c6adfbc-298d-4f43-83aa-b3884d4f14ee,be8983f366c5d07c,ATM-SACJ-4329,ATM,111763.95,2023-10-09 15:29:20.441202,24.18336,86.338467
072e8ec9-d6ec-45b4-aee3-cd305a055b10,55a08fadaa1a3e1a,ATM-MZEH-2896,ATM,61579.7,2023-01-26 03:47:01.478256,28.125035,76.992535
fa79b127-1576-49c3-b68d-86966324668a,faa390f0cabf520b,MIC-BCVW-2768,MICRO_ATM_CSP,61579.7,2023-01-26 03:43:14.219212,28.524726,77.4769
cb46c192-7822-4091-bca8-b6658c091930,b82c83e33c343e84,ATM-XDJI-9739,ATM,123159.4,2023-01-26 03:28:05.835033,19.081001,72.903572
209dfef5-6743-46cf-8ea3-036b9c671226,6877ffca8e5a30eb,ATM-DABM-4068,ATM,128402.1,2023-08-02 15:09:49.766038,24.152686,86.216959
4e56cb71-92fa-40da-86c9-741c6433dbed,ad5fe18df494f9d9,MIC-VGHL-5387,MICRO_ATM_CSP,128402.1,2023-08-02 13:26:06.332843,13.084929,80.318346
ef68c71f-086c-4482-8485-b8e5a8753b6e,b40cfec92900ce51,MIC-TWIT-9939,MICRO_ATM_CSP,37256.08,2023-12-31 14:41:39.787622,24.17025,86.258118
723263b2-7878-49cd-89dd-f2d13b5ff183,3fdb81fcdd99b495,MIC-VTXL-3850,MICRO_ATM_CSP,37256.08,2023-12-31 14:57:33.855485,13.064385,80.371955
9d547383-46c8-4531-974b-dd38bd8abd99,25b04eca97925f46,ATM-ZIXR-8495,ATM,37256.08,2023-12-31 15:16:16.797082,24.115376,86.368071
88c45223-36ed-4f6e-9496-a142014d2d8b,5740c30c9a2b3355,ATM-QLVS-2455,ATM,55884.12,2023-12-31 15:04:24.759743,13.100129,80.263177
100ccb67-d14a-45aa-b1c1-3d254bdf7e22,b81bb0e12f7fe3b4,ATM-RGUX-7521,ATM,55884.12,2023-12-31 14:35:40.081853,28.477124,77.431543
60308957-4e21-4322-89e5-ae89fbbecd16,5e7a22b24305ff3a,MIC-RMGZ-2138,MICRO_ATM_CSP,20281.08,2023-10-21 05:13:51.853310,28.111852,77.001167
83a4962b-3515-4f97-a834-6d1c35bcf3cf,5e7a22b24305ff3a,ATM-AVSE-8538,ATM,6760.36,2023-10-21 03:19:32.702194,28.151461,76.984364
fe2baedf-a48d-4b08-bffb-7b0f4e905227,6da47df28d1aad11,ATM-DARP-1018,ATM,6760.36,2023-10-21 03:10:03.625867,30.89589,75.826309
bcd7164b-8019-4856-8587-f4200fe52e65,d197d95e274489e7,POS-XRPE-9479,POS,6760.36,2023-10-21 03:37:08.703162,28.06776,77.001921
405e63dc-6455-44ce-b733-f2f76e50578c,72d6d07fd7cb18f0,ATM-XTTQ-1432,ATM,10140.54,2023-10-21 03:52:12.604384,19.029479,72.825329
93cec367-9a78-4518-abbe-d947871da1c0,028202be514e6b30,MIC-QPTA-0219,MICRO_ATM_CSP,10140.54,2023-10-21 03:11:00.432485,28.04974,77.091556
07ba81ca-0e81-4897-a768-31903d1cf499,a624ff50d385a48f,ATM-FLDB-1598,ATM,10140.54,2023-10-21 03:29:25.828981,28.546185,77.452242
004e7808-87f0-4524-9e52-77981b90ff67,3130a23abd9e06eb,ATM-ZUET-3332,ATM,10140.54,2023-10-21 03:15:22.162110,28.647545,77.295733
f3de5c32-b117-44fc-b21a-8a305e839880,f716e35638c3dd12,MIC-LWXT-8715,MICRO_ATM_CSP,10140.54,2023-10-21 03:05:43.284596,22.704229,88.3668
9dde6fc5-6b78-4d55-a334-43401cb8e5a6,25b04eca97925f46,ATM-UOHP-5886,ATM,15210.82,2023-10-21 03:29:13.943177,24.158721,86.248102
64ae822b-abf7-48db-b57c-d3da37789c91,6719077e3a6cd655,POS-TGWI-2574,POS,15210.82,2023-10-21 03:12:00.565342,24.01164,86.728627
3f7e7ef9-93de-4781-afdd-847c277e4474,450ed2cd4f37f2a0,POS-VSOH-5433,POS,2181.02,2023-01-28 10:29:41.519960,19.107655,72.91815
0e99856d-a68e-48c4-b4f9-358f2a9ef5b5,3c0b67ba74cbafec,ATM-DURU-8743,ATM,2181.02,2023-01-28 10:13:10.081579,28.544149,77.381862
c8144706-9ede-44fa-9c02-39f2e33655ad,87cc051ae08428cf,MIC-WPSR-1846,MICRO_ATM_CSP,2181.02,2023-01-28 10:50:56.232813,24.212204,86.25669
5a9fed33-ae56-4033-8089-0c3a7d966b62,82040f84c6d17a60,MIC-SZVD-5335,MICRO_ATM_CSP,3271.52,2023-01-28 10:59:54.051345,28.485898,77.41013
cc8cd5d6-7a78-42d2-833f-59f4318d1b8a,87cc051ae08428cf,MIC-NLRL-2674,MICRO_ATM_CSP,3271.52,2023-01-28 10:13:16.260500,24.16779,86.339405
f7c23220-b639-49c7-b6e1-9aae91dde31e,87cc051ae08428cf,MIC-USYG-3821,MICRO_ATM_CSP,3271.52,2023-01-28 11:20:35.817707,24.196927,86.195431
5fec097d-1ade-499e-abb3-448bb098edaa,f1768bad6f1e3ce2,ATM-IFLR-1934,ATM,3271.52,2023-01-28 10:08:31.345405,19.151969,72.905934
a13081c3-19b0-4158-b38f-5afeb6202f99,3c0b67ba74cbafec,POS-SAZK-3740,POS,3271.52,2023-01-28 10:44:00.849042,28.626202,77.395149
467b9e02-0c9d-491d-87c1-89e11a3bf4c4,735d7382bc84f337,MIC-UQEG-6058,MICRO_ATM_CSP,3271.52,2023-01-28 10:06:57.090093,19.068039,72.828377
38c38ab7-9c49-438d-a835-ca4d70273dba,3c0b67ba74cbafec,MIC-LOLH-3488,MICRO_ATM_CSP,3271.52,2023-01-28 10:08:39.924656,28.494203,77.420452
98f6921f-c410-477d-9ba2-c348e4104e27,7a10f6d97500d049,POS-WYKN-9937,POS,3271.52,2023-01-28 10:04:28.731200,23.973977,86.793485
6ed435c0-479f-419c-8f58-91c85fc41cfd,3c0b67ba74cbafec,POS-NKGI-5975,POS,3271.52,2023-01-28 10:01:26.890100,28.530191,77.373339
8781f47c-1e11-4195-b144-b130bc849884,450ed2cd4f37f2a0,ATM-HOQB-7699,ATM,3271.52,2023-01-28 09:56:10.941603,19.081937,72.835395
255645ce-609c-4395-b8fd-6e1bcd06649b,450ed2cd4f37f2a0,ATM-ZGAC-9589,ATM,9814.58,2023-01-28 09:52:21.959661,19.095585,72.806923
ffedd5a1-ff1d-4788-bcda-6491ff287029,2a1810e23521088f,ATM-VQKO-5737,ATM,9814.58,2023-01-28 10:01:31.947282,28.092429,76.977192
95c0a0cf-cf28-459f-afff-27c4e36c876e,e15635324afef7f6,MIC-BAJD-0466,MICRO_ATM_CSP,59669.38,2023-01-13 20:10:10.684924,28.501251,77.431059
f801b7e3-8c8a-488f-aded-8c301ecb0e63,230e4faa1b38ab5a,MIC-EKDY-9356,MICRO_ATM_CSP,59669.38,2023-01-13 20:15:30.104497,24.219934,86.204975
f9780bae-f0b5-4979-b3a1-2261478e1792,6719077e3a6cd655,ATM-ZGVG-5275,ATM,59669.38,2023-01-13 19:56:05.137908,23.94817,86.8632
0f3e05be-a2ff-4a2c-bf75-471d04c65be0,6da47df28d1aad11,MIC-KJBM-3408,MICRO_ATM_CSP,89504.06,2023-01-13 20:23:52.861705,30.917988,75.792284
9db80b95-581f-465f-8ffe-6b83c4f93e91,c4c27acc47e6d960,ATM-IGQL-2684,ATM,89504.06,2023-01-13 19:49:27.261164,28.524804,77.342153
efc6e565-a91e-4f4d-9149-897c490d70db,b92b6e9f899d8fd9,ATM-OCZN-8643,ATM,12968.05,2023-04-21 04:09:22.690412,22.643948,88.336722
bfb2b3df-2fa5-42e8-b23b-45534174a779,77323791caaf34e8,ATM-AUOS-6888,ATM,12968.05,2023-04-21 05:20:22.452708,28.501503,77.30779
09242e6c-83de-44a3-a291-5b0d3dddd33a,05e58b535004d596,MIC-KWFW-1990,MICRO_ATM_CSP,12968.05,2023-04-21 04:21:38.666160,13.050024,80.27413
d286f663-4fbd-4391-a2b7-2612d1e2e270,ed25b3310f976d9c,ATM-GRSN-8305,ATM,19452.08,2023-04-21 04:17:29.332991,24.212044,86.339286
0fdb37e5-a503-411c-b4ab-f29689adbb0f,51cba92f234ec17c,ATM-UFUK-3899,ATM,19452.08,2023-04-21 04:32:50.922000,23.935453,86.765836
5a0833a8-3639-4dd7-9277-450452731137,25b04eca97925f46,ATM-YSEM-4817,ATM,12968.05,2023-04-21 03:55:05.936238,24.248318,86.316862
7b6a064f-08a6-4af5-aed0-2f195be2cffc,94d6f63ab19d86b2,ATM-SRIO-4300,ATM,12968.05,2023-04-21 04:35:22.815762,23.887446,86.886962
b3b77fbb-0c1c-44e5-9dd7-c72ae6810b76,89d7b75cd9122aad,ATM-CHOM-2988,ATM,12968.05,2023-04-21 04:31:44.712522,30.922791,75.898963
ecd9ad48-2d1a-4468-98cf-2b347afd91bb,735d7382bc84f337,ATM-WDBO-7794,ATM,29178.13,2023-04-21 04:18:04.360151,19.08196,72.841248
2c08c721-9a32-4449-8bb4-a9e15fb6a590,522a65badd42c641,MIC-IFCF-6162,MICRO_ATM_CSP,14589.06,2023-04-21 04:17:41.145989,24.204944,86.362713
2a5ecd3d-f5b5-426b-8597-ef83047d82e4,69ba46e56681a663,MIC-KQEG-8656,MICRO_ATM_CSP,14589.06,2023-04-21 05:52:16.254210,23.944504,86.766012
c9f9cc57-4bfb-4789-895e-693f4b7d23d2,394194a39a57bcc6,MIC-SATR-6009,MICRO_ATM_CSP,9726.04,2023-04-21 05:05:01.773467,22.701453,88.372524
47b520a1-92c2-4df3-9a5c-5cfca5905094,110ff49da0eee279,MIC-QORA-1312,MICRO_ATM_CSP,9726.04,2023-04-21 04:46:23.530156,28.122329,76.998813
e39266e1-3804-47fb-bd0d-ce0344a8c218,394194a39a57bcc6,ATM-JQTH-7222,ATM,9726.04,2023-04-21 04:15:36.679335,22.589056,88.227851
2f68d254-9fac-4f22-bd0c-bbaafe575b0b,6da47df28d1aad11,POS-LGRL-0109,POS,9726.04,2023-04-21 04:19:54.202065,30.942564,75.887108
08d91ed2-9fdb-461f-bcc8-1075c8504c8e,394194a39a57bcc6,MIC-PMEW-0139,MICRO_ATM_CSP,19452.09,2023-04-21 04:26:46.284563,22.627406,88.373642
fd50f064-b24f-47f2-987a-7c4c48a1ed8e,a624ff50d385a48f,ATM-HGYK-9329,ATM,91732.43,2023-04-11 06:20:04.584178,28.540678,77.386838
8606a782-6e41-45aa-bbad-d1cdd2a7e409,bda9d41fa5c88946,MIC-RMDT-2259,MICRO_ATM_CSP,91732.43,2023-04-11 06:13:42.442026,24.153715,86.371347
455ea14a-1b46-416a-a323-0e38abe25956,f716e35638c3dd12,ATM-GZZV-2126,ATM,91732.43,2023-04-11 07:01:38.668003,22.48459,88.396337
e10f7a14-142c-4fa2-ab55-23b9feb65ea6,6ccfba4193d971a0,ATM-IGLU-8325,ATM,6066.0,2023-11-11 12:10:41.090956,24.088051,86.292274
ae7c77bf-20d8-43c0-8180-d9185cd0b1f6,e3af0705ba5a43fa,ATM-NAIL-7756,ATM,6066.0,2023-11-11 13:28:39.771691,13.09532,80.294926
b9971a8f-c561-49f7-b07f-94905787a928,6a6e914928a94ec7,MIC-TIAK-5802,MICRO_ATM_CSP,4044.0,2023-11-11 12:36:59.543450,28.185874,76.934007
78eac20c-82ef-4acd-a845-e7c822144631,801c737176bab764,MIC-UBTA-1695,MICRO_ATM_CSP,4044.0,2023-11-11 12:44:17.418473,30.909428,75.855457
857db412-c65f-4566-881f-9a74a27ffc7f,cb9fa8bf15d4a4db,MIC-ZQTO-1822,MICRO_ATM_CSP,4044.0,2023-11-11 12:41:16.982674,24.14805,86.348409
eeb5d996-ab9b-4164-afd3-5c25c713f4ca,3c0b67ba74cbafec,ATM-XRVQ-7672,ATM,6066.0,2023-11-11 12:23:55.471407,28.523945,77.388681
902d3e31-351c-4258-88a6-04be68ad6641,6c5210044e8bd8d5,MIC-JBVE-2997,MICRO_ATM_CSP,6066.0,2023-11-11 12:32:39.916905,30.863796,75.864204
cb89b46d-7291-4c85-b7ce-c5c1c467c251,400a95ae23792cbd,ATM-QNTW-4252,ATM,9099.0,2023-11-11 13:20:37.090647,28.139872,77.016686
f7df7221-b410-4952-b060-19e8a0e2f224,095c1c65e3981f27,POS-UKVM-0797,POS,9099.0,2023-11-11 12:27:24.188019,23.996911,86.792522
108639b3-a307-4cf7-840c-0b4ed5ce9739,400a95ae23792cbd,POS-LEYW-0677,POS,9099.0,2023-11-11 12:51:34.652944,28.144131,77.042811
29494434-883a-4950-93a2-108a14e12f6a,91ff603347d3f90a,ATM-LZNI-1999,ATM,9099.0,2023-11-11 12:47:57.514360,28.138452,77.055263
1c2dd150-12a2-4c9a-953f-ebbf66a20583,96739c6dc7f02b5f,ATM-VLCA-5360,ATM,71105.9,2023-04-22 03:38:29.931545,30.947848,75.780711
e49a219a-71ba-4c8d-b659-e7fcd2df7b61,dbb971a3623d9970,ATM-DMYV-5504,ATM,71105.9,2023-04-22 03:37:42.811044,28.510923,77.359648
0612145b-5681-4db2-b27f-197097ac4561,6719077e3a6cd655,MIC-SXVW-3912,MICRO_ATM_CSP,5983.57,2023-11-07 09:07:32.657715,23.893609,86.85925
ab084b11-6f12-4214-bdd1-1979c8933b8f,e01c434b0d177165,ATM-OBTL-5343,ATM,5983.57,2023-11-07 09:41:29.352667,28.528627,77.403314
33175cfa-fa1f-4971-8cd5-0ac25432c473,04cb4af66bbc9cd7,ATM-WGTK-5396,ATM,99754.35,2023-04-05 00:24:30.365404,28.462961,77.354597
07f7887d-9f33-4602-90db-4a0e572678df,2e4345eca1b5a34c,MIC-PWEI-7343,MICRO_ATM_CSP,99754.35,2023-04-05 00:07:04.636953,28.61411,77.396459
96f72e77-c72e-460f-9140-9fe270e715d1,9ad82182ead0fba7,ATM-HZXO-7326,ATM,99754.35,2023-04-05 00:25:37.287389,28.56029,77.367404
e96c57d1-40d6-4e68-9c62-36b7871bb4dc,e3ca269f60d6d65f,ATM-VENO-3324,ATM,99754.35,2023-04-04 23:53:35.282650,13.082107,80.21584
fb5d69d3-b070-4a4e-8aa8-72858877b946,25b04eca97925f46,ATM-HVXE-2662,ATM,20811.72,2023-01-26 19:51:31.386093,24.212273,86.347753
7f5e0602-2c37-47cd-9f31-8d0bfeccd428,bfd8d67e331c6de1,ATM-DFOF-2438,ATM,20811.72,2023-01-26 19:54:40.536577,30.931386,75.873232
6931050b-9690-474d-8de3-e2d1ad5a3310,be8983f366c5d07c,POS-KSNM-6096,POS,20811.72,2023-01-26 19:18:43.067773,24.18166,86.318252
47240955-346e-4ac2-b4e5-723c55d489a7,bf37d8c9ea7f02f5,ATM-GXEP-7155,ATM,20811.72,2023-01-26 19:01:48.242853,24.129735,86.275159
02f4bd14-c52d-4530-bed3-ad75c98bd504,6da47df28d1aad11,ATM-VYQM-0092,ATM,20811.72,2023-01-26 20:50:00.186690,30.953276,75.907654
d53a8d14-0ab3-442f-b644-5d12d162ef60,6719077e3a6cd655,ATM-RHPS-7594,ATM,20811.72,2023-01-26 19:41:21.500725,23.999563,86.876024
2de0756f-3ba4-45c4-960b-7e2bbb566f52,d197d95e274489e7,ATM-YMWB-2906,ATM,20811.72,2023-01-26 19:21:57.948323,28.135457,77.055888
eea58760-dddf-495d-932e-3f739acf6556,6da47df28d1aad11,MIC-SRYD-2425,MICRO_ATM_CSP,20811.72,2023-01-26 19:20:18.650557,30.979365,75.84193
bb09503e-6260-4bba-b357-be5b9780a2e5,5e7a22b24305ff3a,ATM-MHPB-6161,ATM,20811.72,2023-01-26 19:39:42.950511,28.061897,76.962028
7f171215-cebb-4a85-a0da-a0f7415b0335,2a5119a5778f8fb7,ATM-WPDO-8894,ATM,93018.82,2023-01-20 17:02:42.453009,28.508173,77.422107
0a9e0393-fc4f-4129-a235-16f88f2914d9,087d1b274c895998,ATM-DSZH-9096,ATM,93018.82,2023-01-20 17:27:53.479683,22.529687,88.371218
245481fa-7cbc-4883-ab2b-670c75065f3e,2c44e83fabfdabca,ATM-OMWM-8353,ATM,93018.82,2023-01-20 17:05:35.722881,23.942594,86.827209
4e6ec915-4345-4da0-8461-e69df8510ecc,3fdb81fcdd99b495,ATM-LQTX-5920,ATM,15787.25,2023-10-20 11:57:21.303862,13.112611,80.288045
b18a3cff-c514-423c-a989-4df3fd658517,25b04eca97925f46,MIC-FPAT-7327,MICRO_ATM_CSP,15787.25,2023-10-20 11:00:51.712016,24.118066,86.322172
e6bb74c5-8a82-45df-815a-5d602fcefb78,4bda3ec42f7024ac,MIC-CMFA-9001,MICRO_ATM_CSP,15787.25,2023-10-20 11:26:52.887982,23.910665,86.787392
c92e60af-e5e9-453c-a5ab-d24602049f74,4a2108204892de8a,ATM-YNEF-0638,ATM,15787.25,2023-10-20 11:28:16.289416,23.861856,86.787115
480d2d6e-b5cd-489f-9158-ff32d679caf8,ce42adff5fb0bcc0,MIC-YRAB-5839,MICRO_ATM_CSP,15787.25,2023-10-20 11:07:25.891801,24.27946,86.308347
f7f2ed76-1f6f-482f-b340-989c0a35f3f8,25b04eca97925f46,MIC-YOSL-5095,MICRO_ATM_CSP,15787.25,2023-10-20 11:23:35.193926,24.092472,86.251139
3696229e-9d1c-4c60-89a5-e71fa9cebc6e,cb9fa8bf15d4a4db,MIC-IAGS-6883,MICRO_ATM_CSP,31574.51,2023-10-20 11:11:04.962706,24.226488,86.318585
a962c90f-34ad-40c3-b61d-ee77777badd0,6c5210044e8bd8d5,POS-JTIV-9140,POS,31574.51,2023-10-20 11:04:39.337078,30.871078,75.818209
4601b24b-6d0d-41b2-a2a1-90ec35cc7d03,e5f265e3ef332cfc,MIC-QLSZ-8161,MICRO_ATM_CSP,10524.84,2023-10-20 10:59:07.088266,13.040587,80.250761
657b3790-1d1d-4972-a3e0-4d69b62ccd7d,3fdb81fcdd99b495,ATM-NMYV-0750,ATM,3508.28,2023-10-20 11:19:55.282833,13.093908,80.28199
fde066ed-4d04-4fd6-9db4-59de1407f7b1,6da47df28d1aad11,ATM-OMRR-9805,ATM,3508.28,2023-10-20 11:05:54.270841,30.853721,75.926338
c1983b33-0fa4-4093-9802-a6bea010a746,82040f84c6d17a60,ATM-LWFZ-6142,ATM,3508.28,2023-10-20 10:52:34.708787,28.54838,77.338568
ce44aa24-2569-44ae-865b-7ba284ca01df,cb9fa8bf15d4a4db,MIC-QALN-8356,MICRO_ATM_CSP,5262.42,2023-10-20 11:55:58.238903,24.082838,86.369122
8578a064-c08c-46b6-bae0-54dbcc465835,e5f265e3ef332cfc,MIC-CCKD-4934,MICRO_ATM_CSP,5262.42,2023-10-20 11:00:31.634348,13.122365,80.214359
89b05f55-4ea9-4615-be6a-8dd42d0ce370,095c1c65e3981f27,ATM-CSVX-8680,ATM,58135.53,2023-05-18 13:02:16.907935,23.959818,86.829151
39c30958-b01d-41cb-9847-f86d99f067ff,9f1975758d203f92,ATM-VHGL-6526,ATM,58135.53,2023-05-18 11:41:37.434602,23.974286,86.849047
8b572ca4-4a26-43c2-9f9b-d86dad7b94cd,253c75bacf995b9c,MIC-NWGH-4046,MICRO_ATM_CSP,58135.53,2023-05-18 11:20:03.329363,28.538425,77.436757
af2a884c-ff21-45a5-980d-fe4d6c623f1b,72d6d07fd7cb18f0,MIC-OGLR-8618,MICRO_ATM_CSP,58135.53,2023-05-18 11:13:02.283044,19.097858,72.861622
87b5d5e7-5dac-441b-ab36-b4109c7cf349,2caa43907a3f59bb,ATM-WJSC-6852,ATM,58135.53,2023-05-18 11:21:56.084896,28.55596,77.379234
c0ba8e87-3c2d-4dbc-a455-2eec6fb544b3,b82c83e33c343e84,POS-TFUB-5640,POS,58135.53,2023-05-18 11:27:23.162406,19.126975,72.937286
932b1465-ee43-4942-b125-bc7fcee9eb63,6719077e3a6cd655,MIC-AOCE-2835,MICRO_ATM_CSP,201211.95,2023-11-15 04:10:33.404104,24.032583,86.767458
53366507-9a16-4bc6-8836-90783c11f0ff,3c231657faa5d04d,MIC-ZYCQ-2270,MICRO_ATM_CSP,36914.76,2023-03-10 12:34:00.873481,28.549944,77.416441
9a5d963a-52a1-419d-b6f8-567daae5fc59,394194a39a57bcc6,ATM-ILVE-1899,ATM,36914.76,2023-03-10 12:21:24.948236,22.502907,88.33945
45c75e2c-8bab-4f18-a8a4-b24cfc33c405,96739c6dc7f02b5f,ATM-XENT-7380,ATM,36914.76,2023-03-10 12:33:32.532496,30.869102,75.825848
e70873c4-1bfb-45e5-8355-d719daf1d5e5,f067cd13d9bb540e,ATM-VHCJ-6486,ATM,55372.15,2023-03-10 12:17:38.920064,23.959314,86.811476
29063784-2f7c-4f55-a566-c00b259f95c3,9dbe3525d7d0e203,ATM-KEXW-8254,ATM,55372.15,2023-03-10 12:32:06.928350,24.207249,86.30565
36f653c9-fd6f-46ba-90e3-9ba42b1b3b64,4214d918811a3778,ATM-YLFN-6380,ATM,110744.29,2023-03-10 12:06:48.203547,24.187515,86.220425
dc89183a-c4f4-4484-a43b-692e9be8bd13,7fe57d0ff66463b7,MIC-AZDZ-7961,MICRO_ATM_CSP,56149.79,2023-03-17 02:57:36.432617,22.508125,88.348721
52ec8f0f-cf68-4e81-b232-aaaa9245cc63,91ff603347d3f90a,ATM-HZET-2123,ATM,28074.89,2023-03-17 03:27:02.113372,28.152158,76.981756
5c20786b-c436-47d9-8962-ff37fd0456dc,7fe57d0ff66463b7,POS-JJKV-7706,POS,28074.89,2023-03-17 02:42:31.060072,22.643031,88.357513
fcd8f889-802e-4e5e-9976-e6939c42d2b8,7fe57d0ff66463b7,MIC-WYPM-4286,MICRO_ATM_CSP,28074.89,2023-03-17 03:32:34.164189,22.541223,88.261126
4634c5d7-0821-42d2-9819-eebf7e55aa14,79a8772dff7b3fdb,ATM-MSFC-1058,ATM,28074.89,2023-03-17 04:29:49.345574,24.222791,86.290774
e56a7bb3-4bc1-4e91-8219-cd243853dce5,43b282632be789d4,ATM-ISZW-5671,ATM,84224.68,2023-03-17 05:20:53.052439,13.061079,80.371124
c950a951-c530-4444-acda-e1a99de66a8a,c7f66b5e1cfdc547,MIC-SGUI-1402,MICRO_ATM_CSP,84224.68,2023-03-17 02:57:18.095698,19.04727,72.860911
826188e8-22e5-4171-bffb-c8760cf68f81,62cfc22d05ce7763,ATM-EOVK-7847,ATM,12930.68,2023-08-17 14:57:05.485582,13.005043,80.341292
10482ebd-e7f2-43b4-a70d-7b3661bf70f1,83a3a20e0d2167a6,ATM-ROHX-6500,ATM,12930.68,2023-08-17 14:34:44.004848,28.08604,76.994986
31fee491-88bb-4ee3-81db-6668884f3bd8,394194a39a57bcc6,ATM-FCWZ-9902,ATM,6465.34,2023-08-17 14:19:39.196608,22.627667,88.382523
a9a21974-5d0c-4952-aa19-25586bf55281,83a3a20e0d2167a6,ATM-GYCZ-4717,ATM,6465.34,2023-08-17 14:18:57.637047,28.12819,76.88767
d4b9a41b-49bf-4709-a619-133c3e1c439f,0f402318041204af,MIC-FCBU-9297,MICRO_ATM_CSP,19396.02,2023-08-17 14:37:08.521512,24.198228,86.362416
e9013525-e7d2-445f-a6f2-f3e16dc3f5b5,91ff603347d3f90a,MIC-DUJU-4874,MICRO_ATM_CSP,19396.02,2023-08-17 14:23:39.578678,28.167864,77.033998
7817d30f-f6bd-473e-b205-bc5ca62e7223,25e15980a34119d6,POS-TGJK-6185,POS,109142.72,2023-12-05 14:33:11.411207,24.23539,86.30015
6fabad40-badd-4060-a39e-0965716d6128,0f39aa3b13e7e3c0,POS-BBUP-1976,POS,109142.72,2023-12-05 13:47:25.854041,30.925963,75.805947
dd01ae12-ccb3-4d43-aa4a-0e401371f4a1,a2fa3041d552b090,POS-YCKK-7156,POS,109142.72,2023-12-05 14:43:31.542923,28.546748,77.407039
7212ce25-c284-4341-a762-97ec84b76790,400a95ae23792cbd,ATM-LWTF-8799,ATM,100006.42,2023-10-22 07:48:31.328013,28.015067,77.039115
1a85e07c-ab82-49d0-9014-24d2dd50afc2,4b2f70600e0981d6,ATM-HULX-3950,ATM,100006.42,2023-10-22 07:35:32.782395,28.520996,77.355627
71036acb-c898-43eb-8291-6059306acf27,d3503cdd07a76e2f,ATM-IVLE-0453,ATM,100006.42,2023-10-22 07:35:10.974609,23.874692,86.802715
1ab012de-afc3-41eb-af98-cecbf0b261fa,800f97ed69d44439,ATM-UQYJ-9213,ATM,131261.93,2023-01-23 14:35:12.034468,28.193278,77.081041
4c59bac3-b990-437f-b1e2-c90343333c64,6719077e3a6cd655,ATM-ICTR-1057,ATM,131261.93,2023-01-23 15:16:04.036738,23.972323,86.781569
3bfdf86f-9a26-4c4c-b214-b1b47943a817,a77e1110504ea4de,ATM-PRDI-0015,ATM,446991.85,2023-04-14 18:45:39.096437,24.196389,86.305988
6fb73bb9-3c3e-4fe6-80a4-2e62aac9787b,bcb12092e26eaceb,MIC-UNDA-6915,MICRO_ATM_CSP,257826.14,2023-06-28 08:15:39.574925,19.106347,72.785604
808a8638-a034-4298-8fe4-40fc0b200eb8,6da47df28d1aad11,ATM-WQTK-6330,ATM,12551.94,2023-06-06 06:26:33.647532,30.907089,75.862417
711d3777-053d-4a77-b4ce-bd2b5144518f,48446ecf394d530e,MIC-INSL-2421,MICRO_ATM_CSP,12551.94,2023-06-06 06:25:29.765042,28.520692,77.389846
06903e37-a45f-4dff-ab9d-e480de809c48,91ff603347d3f90a,ATM-RHNS-1398,ATM,12551.94,2023-06-06 06:44:38.052972,28.105733,76.996403
f846895e-e590-4573-9c63-a6da5c04191d,1a5374909c292cdd,ATM-QNPF-3249,ATM,9413.95,2023-06-06 06:47:37.680349,28.092344,77.017283
68571a7b-faff-45d3-8de8-bbcc51f80a0d,294291ddc1b5dcaf,ATM-MTOF-6615,ATM,9413.95,2023-06-06 06:10:23.381770,13.127951,80.296538
bb67f85a-3318-4bbe-9dd0-b4e924814e19,095c1c65e3981f27,ATM-RDKH-6122,ATM,9413.95,2023-06-06 06:37:36.675456,24.007052,86.793056
482b195d-74e3-4f01-827b-ffaea85492d7,b15f4e8b57339c3b,POS-FEYQ-9659,POS,9413.95,2023-06-06 07:02:44.867561,28.545181,77.363116
1bebc2a0-9751-491d-9b95-c0eb20648064,f1768bad6f1e3ce2,ATM-TVNA-2981,ATM,6275.97,2023-06-06 06:08:53.318940,19.0689,72.888278
3e89b7b4-8213-4da8-ad97-c4a593baba12,2caa43907a3f59bb,ATM-VKRG-3324,ATM,6275.97,2023-06-06 07:38:32.163244,28.411193,77.387153
caae87f2-e829-472f-a961-f9dcf53be1ee,25b04eca97925f46,ATM-GUSF-2699,ATM,12551.94,2023-06-06 07:00:17.125327,24.269924,86.29609
31cdf1b5-c1ea-49de-8735-f23f3052105d,91ff603347d3f90a,ATM-QDZE-2363,ATM,6275.97,2023-06-06 06:11:32.497062,28.085078,76.998723
3bd4712f-ad5f-46fa-b7ea-2728a2b297f6,218c5d6d080619a2,ATM-SMBJ-6081,ATM,6275.97,2023-06-06 06:28:33.946306,30.884487,75.921593
7b0a2934-51b8-42f2-a919-c6b4cc029612,87cc051ae08428cf,ATM-UIXH-5880,ATM,8635.03,2023-10-16 04:00:19.113709,24.169775,86.27711
ef8a4ceb-72cb-419b-aff0-5a59ed74044b,20c2089f25f299fe,ATM-HGNH-7784,ATM,8635.03,2023-10-16 04:07:33.366790,28.030354,77.033675
9d9d98be-67f9-4a8b-b35b-3c608c02fac8,d3e3dc428f4f7211,ATM-QIBH-3645,ATM,8635.03,2023-10-16 03:47:20.647557,23.980971,86.851438
2bde5dd3-95c6-4045-968d-ad3d18ccf12e,f79cd1fb09127f5f,MIC-ZNWH-4833,MICRO_ATM_CSP,8635.03,2023-10-16 03:54:13.800755,30.919338,75.865705
96ea535f-b7ff-4efc-a5a5-47c66bc7b16f,d3e3dc428f4f7211,MIC-DKSZ-7852,MICRO_ATM_CSP,17270.07,2023-10-16 03:46:15.822369,23.875728,86.915218
81564e28-a7b6-450b-997a-ba9e5508c7f9,249a5fdb3aa3e639,ATM-CTAG-8654,ATM,27196.01,2024-01-01 00:15:21.444493,24.17345,86.29017
749e4517-da3c-4d34-99a4-1dc3828533d4,7fe57d0ff66463b7,MIC-FCOY-2752,MICRO_ATM_CSP,27196.01,2024-01-01 00:58:53.740932,22.531191,88.398083
8d26d2b3-e16e-449f-be04-1738b052720a,7fe57d0ff66463b7,ATM-EIAI-3744,ATM,27196.01,2023-12-31 23:59:40.414051,22.606939,88.331709
3a2de153-7309-4ed9-a88c-d385f287b3cd,fed6a0b55d80fbac,MIC-VMPE-6914,MICRO_ATM_CSP,27196.01,2024-01-01 00:04:08.527501,28.070113,76.99096
026836ec-e2d4-403f-b8c5-cd4b52911844,7fe57d0ff66463b7,ATM-ZLUO-7604,ATM,27196.01,2024-01-01 02:39:35.173118,22.600387,88.466505
0e8b7cdc-0250-460f-bb75-a9a5deee54c8,7a10f6d97500d049,MIC-GYZK-5163,MICRO_ATM_CSP,27196.01,2024-01-01 01:11:53.511458,23.98484,86.76054
8a134865-cf33-4e38-b3e8-21a61a498eb1,f8e2a6843d0b843b,ATM-YXBK-5030,ATM,27196.01,2024-01-01 02:08:28.066969,30.916979,75.863025
bc279a62-cb8d-4a4f-ae12-c822c62cdde9,7fe57d0ff66463b7,ATM-DOSW-5738,ATM,27196.01,2024-01-01 01:00:51.458189,22.57553,88.302409
d78c38ca-1e73-43f5-af38-bad434a6e691,e80ae379760509e4,MIC-ZBKC-8958,MICRO_ATM_CSP,18130.67,2024-01-01 00:18:35.989323,13.09854,80.269654
c81ed8da-8b5c-4e2a-b4f2-186415bad4ff,15bc62bab6812a87,ATM-KPIC-0487,ATM,18130.67,2024-01-01 00:30:26.383443,22.517127,88.449436
9c296c8c-5ebe-49b8-9b71-43a111e4bdd7,8e9be22c03d9e1cb,ATM-LOMK-5959,ATM,18130.67,2024-01-01 00:27:37.026654,28.05304,77.032585
99dca458-201e-43d4-96db-db3ec9dd2632,afb6585a70966e66,ATM-JHQK-2893,ATM,54392.01,2024-01-01 00:45:01.467715,28.528486,77.374224
a821a1f8-07ea-43d6-8f8e-d3bbb56352fc,96739c6dc7f02b5f,MIC-QZSK-3041,MICRO_ATM_CSP,332533.0,2023-06-06 14:05:35.822693,30.916906,75.89485
4cf1aad2-7040-4ff2-a7f9-2521a21081f7,95602c880bb923a0,MIC-ZPTI-4888,MICRO_ATM_CSP,44666.03,2023-10-09 11:07:02.654502,24.205917,86.350497
495a83c4-b742-4595-b033-d6a3a4e6963a,95602c880bb923a0,MIC-OCHP-8677,MICRO_ATM_CSP,14888.68,2023-10-09 10:40:35.552968,24.227719,86.316596
8e062534-16d9-4690-8b2b-d735288ab11b,4933000996e6a77b,ATM-LEYA-0928,ATM,14888.68,2023-10-09 11:15:41.528412,30.891547,75.861973
3b2c71c7-6230-4360-a933-aa4ef1a86291,96739c6dc7f02b5f,ATM-XBBY-7847,ATM,14888.68,2023-10-09 10:37:36.874408,30.814953,75.909548
eb715340-0136-487b-9f2c-fbdad4efda76,0bd8573ba3901c0d,ATM-OJQV-9829,ATM,80885.08,2023-12-26 05:57:28.386386,30.909101,75.870466
f8777f01-d2e9-42bc-8b0d-7ccc5e554aac,73c1232d5b4b4de7,ATM-TMMY-7169,ATM,13600.07,2023-07-29 01:02:39.021388,19.114997,72.822821
d7c39122-6e2d-47c4-bdc4-154a63a76b96,d808e7485fc3520a,ATM-WKSM-5856,ATM,13600.07,2023-07-29 01:09:24.334055,28.125762,77.064862
77e44423-a2b5-4be9-bf88-5f05e3383227,81505285be6f291f,ATM-XQBO-8060,ATM,13600.07,2023-07-29 01:12:56.615290,24.204292,86.311525
37bc8b54-9d00-4c45-88ee-5d11d73eb576,6da47df28d1aad11,POS-LLFC-2714,POS,20400.11,2023-07-29 01:27:24.755016,30.872455,75.78435
fcbab8b0-7d05-45ca-8c70-24b98459b19d,b92b6e9f899d8fd9,MIC-HBGY-6879,MICRO_ATM_CSP,20400.11,2023-07-29 02:10:32.322768,22.638771,88.242404
28f3c358-3877-4c9f-b845-004a6bb490be,6da47df28d1aad11,POS-KTSD-2525,POS,20400.11,2023-07-29 01:08:22.952248,30.895883,75.862536
1bb4ae59-9e83-44e6-8152-d6369323491f,ed25b3310f976d9c,ATM-SFIA-5469,ATM,20400.11,2023-07-29 01:03:40.349584,24.254346,86.406406
c979bc14-67b8-4455-a288-2c52251855cb,2a5119a5778f8fb7,ATM-KPET-4792,ATM,15300.08,2023-07-29 01:51:58.953723,28.598576,77.43657
1ae823be-46ba-45d6-b4c3-0e4bcf4b1d7c,a069a748d2be8bed,ATM-BHDJ-3998,ATM,15300.08,2023-07-29 02:01:03.678907,22.54838,88.33471
14867e42-4e5a-4958-85f2-35a78f968f06,8cb14c1df286e985,ATM-ILAM-2063,ATM,10200.06,2023-07-29 01:12:51.922570,30.88536,75.881538
191ea0db-87ee-4228-84fb-1df46d816b14,2a5119a5778f8fb7,ATM-ITWX-7671,ATM,10200.06,2023-07-29 01:48:33.146725,28.604921,77.423505
fcdbcf45-75a7-4d67-87e1-689c2be7afd8,2c44e83fabfdabca,ATM-EDHU-4163,ATM,10200.06,2023-07-29 01:36:14.529158,24.048688,86.841868
c5e87588-b737-48da-83f0-6b7f6709cced,04e45c79972ecbeb,ATM-JRLC-8807,ATM,20400.11,2023-07-29 01:21:16.753817,19.060477,72.826783
fc3add68-ae99-4fe9-980a-e4de180ac3a5,afb6585a70966e66,ATM-HEBT-5043,ATM,20400.11,2023-07-29 01:49:15.123962,28.549991,77.368504
587ad235-1a81-4e91-8065-59325256bfb6,8e9be22c03d9e1cb,ATM-EJGK-7097,ATM,20400.11,2023-07-29 01:29:00.869036,28.14654,77.050535
e61995a6-0f5a-4006-bac8-f0907ca9172e,98768ceed9627cfa,MIC-ZXSX-2652,MICRO_ATM_CSP,3421.45,2023-11-20 05:59:39.315221,24.001556,86.84765
0e9f06a8-8279-47c2-b145-64548fa23773,7419f0963738d159,MIC-LNMZ-7831,MICRO_ATM_CSP,3421.45,2023-11-20 05:45:39.690417,30.909633,75.961282
684516e1-c7be-4bc1-ac2b-b2dc8ade2806,5056c4fc4739600d,ATM-BXPD-6767,ATM,2280.97,2023-11-20 05:41:44.725888,30.92053,75.765069
385be4c5-e15f-4e1c-90ec-898fc92f8985,095c1c65e3981f27,ATM-YXOI-2455,ATM,2280.97,2023-11-20 05:24:38.877888,23.914528,86.789533
a1f49dc0-4267-46b8-80ba-5c659e95a460,569e825e4e2fc336,MIC-QGVM-0043,MICRO_ATM_CSP,2280.97,2023-11-20 05:29:03.836690,22.631188,88.38446
31b84164-6143-4c62-82d6-482e7e00560b,25b04eca97925f46,ATM-VOQN-3425,ATM,6842.9,2023-11-20 05:24:13.675187,24.226859,86.260794
dce76696-bcb2-4ece-bedb-7f553517f60b,7dfe46ee8d6ea258,MIC-ZFLX-5495,MICRO_ATM_CSP,2280.97,2023-11-20 05:08:06.641333,24.192582,86.291554
edb220a9-9710-4e7c-8000-5e418cfe16c3,a27b932eb377baae,MIC-HBPL-2056,MICRO_ATM_CSP,2280.97,2023-11-20 05:33:28.040313,24.047356,86.781629
1016ae16-df44-4846-9951-4205a47bf4f3,0f39aa3b13e7e3c0,ATM-RXNX-1569,ATM,2280.97,2023-11-20 06:51:18.893363,30.917816,75.800481
3fd7daf4-2324-4d75-a774-80084a61a585,4c0944feeeafc246,ATM-XZTS-0007,ATM,6842.9,2023-11-20 05:14:50.396506,22.530474,88.41071
a0c8b1a9-31ec-49b3-b456-0b23f01ce79a,3fdb81fcdd99b495,ATM-XSPG-1422,ATM,6842.9,2023-11-20 05:21:05.462456,13.061767,80.193796
765dd297-ec59-456d-a65f-add722cdf3b0,6da47df28d1aad11,ATM-HGEP-9455,ATM,62212.31,2023-10-24 21:43:46.122256,30.98324,75.848292
5332fed4-1e66-437f-9f76-af46ada31a33,384f87a17f6c5ecd,ATM-LIPY-8459,ATM,97617.88,2023-12-12 15:36:45.977290,13.021782,80.245566
d5f08441-21cc-45be-864e-ec5e1cd8524f,c05a5b6ef117bd25,ATM-GPSW-3631,ATM,97617.88,2023-12-12 14:07:05.749106,28.078469,76.962764
7f437d85-9008-4407-ba1b-44b80963753f,ce42adff5fb0bcc0,ATM-JOTJ-4751,ATM,2629.93,2023-11-05 08:55:09.872196,24.19671,86.259369
722960e9-6996-4066-8b6c-a3ddf6792634,3c0b67ba74cbafec,ATM-KCUA-1227,ATM,2629.93,2023-11-05 09:16:06.070183,28.539354,77.443785
a169a481-078e-42fc-84ec-10efd21dd890,b92b6e9f899d8fd9,ATM-PRBJ-4571,ATM,2498.43,2023-11-05 09:00:43.434197,22.597727,88.424405
e422f071-a98f-430f-a8c5-bae6e1dad7d6,05e58b535004d596,ATM-GSEW-1074,ATM,2498.43,2023-11-05 08:54:30.224003,13.096757,80.265597
99b88351-4a3d-4dda-bc50-e5f01def7e0c,2bc3bef98dc93ad5,ATM-LPGX-7491,ATM,141390.13,2023-10-18 19:52:56.378642,24.25712,86.350345
0a44224c-fe9b-4417-9d88-9f07eda969b6,2647f966c1839f83,MIC-NSIJ-6516,MICRO_ATM_CSP,141390.13,2023-10-18 19:45:27.883759,28.212988,76.957481
2e9cabb3-4951-4143-beb5-0961b98faa8c,6da47df28d1aad11,MIC-AWVO-6312,MICRO_ATM_CSP,43835.39,2023-07-02 00:11:14.495867,30.976706,75.781822
ac91f529-7ea0-4333-9c90-0a0bec814855,2340f46458879cfc,ATM-WNOI-2576,ATM,21917.7,2023-07-02 00:16:38.144518,28.519951,77.411126
3c067116-3aac-498d-afa5-22465aa767c6,25b04eca97925f46,ATM-IXPF-1010,ATM,21917.7,2023-07-02 01:27:23.024989,24.099333,86.253848
764f966d-78a9-4df3-b238-d91cd54e67dd,044beed55d80dc2b,ATM-YIBK-3467,ATM,29223.6,2023-07-02 00:20:28.958643,24.254371,86.328161
aa8559e2-155e-4454-9505-62f763f15b0d,bf83fdd147835180,ATM-DEDL-1661,ATM,14611.8,2023-07-02 00:50:05.686960,28.43243,77.412518
a07bb831-0e23-4bbf-b17d-daf24e8fd0b5,6da47df28d1aad11,MIC-PJFQ-2253,MICRO_ATM_CSP,14611.8,2023-07-02 00:39:40.103858,30.867765,75.861538
0a73a3ff-9a2f-47a5-ac07-21e744663bf4,cb15db1a9af73b40,ATM-NYIP-0958,ATM,29223.6,2023-07-02 00:25:02.640849,19.123769,72.817823
4ec43fe2-2e2f-4975-a516-15fd14d98179,569e825e4e2fc336,ATM-KFAL-1475,ATM,318376.64,2023-06-10 16:57:33.838597,22.589647,88.351204
7b4d236d-7ce5-4c39-b917-5a01bde89936,e8c8577ea9141637,ATM-UTZT-2572,ATM,60921.01,2023-12-03 20:43:01.864511,28.514448,77.316123
8c7afac0-18d3-492b-b45a-a9c791376e00,c08d00055da1c6f6,MIC-PWMU-0495,MICRO_ATM_CSP,60921.01,2023-12-03 20:25:21.617634,28.114001,76.92991
6c8a1e2f-a7c1-44cf-8452-6bf469679025,6da47df28d1aad11,POS-EHHB-3204,POS,60921.01,2023-12-03 21:07:01.476540,30.885008,75.864777
645edd61-db42-4ea4-8026-4999ba8668cc,3fd666dafcab0387,ATM-DXWY-2403,ATM,127266.18,2023-02-18 06:14:54.933908,30.952899,75.82184
cdb93315-8e88-4c36-9d6b-10d46a2d9376,6719077e3a6cd655,ATM-HYUZ-2250,ATM,127266.18,2023-02-18 06:54:30.922495,24.092405,86.781177
76f7b71a-2712-4181-8b51-6619aec3438a,febf24426daa34df,MIC-SUUQ-0055,MICRO_ATM_CSP,127266.18,2023-02-18 06:49:42.248952,19.050312,72.903884
df720e58-2e6f-45c6-9a0c-8b427254e34d,3c8adec20ebc7ecc,ATM-DJZE-9341,ATM,69529.45,2023-10-13 16:09:41.193444,24.198039,86.319761
e623b515-be53-47b3-b6c2-8b464098c963,ad5fe18df494f9d9,MIC-MLIT-8452,MICRO_ATM_CSP,34764.73,2023-10-13 17:16:43.248397,13.109619,80.367514
25e1ca3f-d80a-4bc4-b533-71684ce6fd04,178450fb5c068e0f,ATM-ESRM-7977,ATM,34764.73,2023-10-13 15:50:07.364642,30.873589,75.83118
74749c55-f038-4727-8b16-59d469e2a594,294d95c2e507b44d,ATM-JMHN-0478,ATM,121924.45,2023-06-24 17:20:26.168292,30.955224,75.879488
430c46c4-8e88-4cda-92e6-928143c92761,7fe57d0ff66463b7,ATM-JUBX-0203,ATM,121924.45,2023-06-24 17:34:28.274689,22.666981,88.315539
7ad02af6-caed-4d54-beb5-8a286e030baf,6877ffca8e5a30eb,ATM-GBCU-0173,ATM,121924.45,2023-06-24 17:25:52.888085,24.195735,86.321408
cb7dbcd3-bbeb-4413-9593-a8b6258e8e04,55b4926e5d4cc375,ATM-TXEZ-5435,ATM,64721.84,2023-09-21 23:07:12.729990,23.898951,86.799606
41ab84d0-eff1-4f23-8016-df5f9c6e649a,e41466061105f4e8,ATM-QCZJ-4435,ATM,64721.84,2023-09-21 23:23:35.681312,30.892253,75.862928
eb492529-011b-4eb5-9ead-64b76aff87b7,fbdf11c16c6f1158,MIC-DEBF-6446,MICRO_ATM_CSP,115235.83,2023-06-11 01:24:19.972887,28.533605,77.394709
455f8840-a2bc-4e9c-b3f8-e5757447e17c,5ab65182c5db6734,ATM-HTXI-4858,ATM,41300.8,2023-09-12 08:31:50.249575,13.035357,80.276898
9cb2cb2d-f7c2-404b-b27e-cf16b40b19cc,a51df696101acc29,ATM-ZLOC-3404,ATM,20650.4,2023-09-12 08:15:10.927744,13.170503,80.298734
ccd6af0e-b6a6-4e14-833d-6d8d583cff15,f6b2ba68fde1e997,ATM-ZWRV-8113,ATM,20650.4,2023-09-12 08:36:17.843865,22.59372,88.304693
57ef1b53-a71a-4018-bc87-6f80160a1a1e,4ea91a930097779c,ATM-HYHA-0321,ATM,41300.8,2023-09-12 08:32:02.246834,24.155176,86.228446
92341905-4371-48e1-980f-7d72242388b6,4ea91a930097779c,ATM-RRQK-3896,ATM,20650.4,2023-09-12 08:13:06.048984,24.199291,86.30429
b99118c1-a1e6-45fa-bdbf-e7ca184cc3f6,3a84fdc33508e322,MIC-HIVY-9829,MICRO_ATM_CSP,20650.4,2023-09-12 08:32:49.885861,19.036462,72.92137
7b2ed26f-6d3e-444d-82a9-f320f2924583,c3f72c30b76aac18,ATM-GCIT-6281,ATM,20650.4,2023-09-12 07:55:21.967490,28.473324,77.355082
277f87a2-b2a7-49c1-af10-c2d1187a643d,78cfb5c38ee21247,ATM-CHRO-9594,ATM,30975.6,2023-09-12 08:34:11.028362,23.964223,86.757606
c1de97c7-e809-4d9d-b70f-6509ce24a79d,0004a1a3a12705a4,ATM-LUXZ-6565,ATM,30975.6,2023-09-12 08:51:59.378545,19.061274,72.845116
e7a1ad6a-262e-4503-a706-4d5be1831253,150079c7a6c509ea,ATM-JFLV-7410,ATM,135942.24,2023-04-07 15:04:48.870780,28.571363,77.34803
d3724203-3ec5-4855-be6d-8977bee35e39,6d100f11d2a14a1a,MIC-TRHM-6478,MICRO_ATM_CSP,135942.24,2023-04-07 14:27:25.437217,30.887313,75.763713
9ac318ff-b448-4625-805b-eedcff524aef,e500c9e498d732fc,ATM-BFDF-5507,ATM,135942.24,2023-04-07 14:12:12.495822,13.079435,80.266771
b9fdb1a5-b297-446f-ba09-679c0ace10b9,ec7e68e5d9782dd2,POS-SKRM-8621,POS,160317.37,2023-06-14 23:02:25.701360,19.044583,72.867688
1d159e12-29e1-481f-947b-4aacb6008d96,6da47df28d1aad11,POS-CFEZ-8841,POS,59656.83,2023-01-07 10:58:32.530537,30.883883,75.845914
45d20064-8e28-418f-a4ab-e86f6f2c2244,81505285be6f291f,ATM-PWFM-3965,ATM,59656.83,2023-01-07 09:58:54.302434,24.240783,86.361421
d6bb856c-52ed-4070-955b-271c05709f87,ba703db5e0293b48,ATM-BEUZ-5724,ATM,39771.22,2023-01-07 09:27:36.179981,22.546003,88.495419
a9477525-b3ad-4005-8369-2b3083229d76,6da47df28d1aad11,MIC-DXZW-9436,MICRO_ATM_CSP,19885.61,2023-01-07 09:37:02.933050,30.837568,75.807717
07ad6aa6-8258-4656-b849-9d542ceff81a,1e53c2e9292b4b76,ATM-SKID-0887,ATM,19885.61,2023-01-07 09:24:04.560211,24.181605,86.266661
b04ae385-da46-435d-9e2d-cb4ab0403ae9,040c1f611eb42ce9,ATM-TWKI-3892,ATM,13257.07,2023-01-07 09:24:22.264875,13.041633,80.328624
6cffca6c-6d79-4b4c-b2d1-c796b4a70cdc,83a3a20e0d2167a6,MIC-DNGV-3593,MICRO_ATM_CSP,13257.07,2023-01-07 10:04:05.044854,28.1392,77.014837
e3651b76-68b1-441b-978b-ac53025307dd,1e53c2e9292b4b76,ATM-KIMR-9232,ATM,13257.07,2023-01-07 09:57:47.075163,24.170148,86.254442
6697886b-7fcd-4eab-9aea-32d96c5e2087,ba703db5e0293b48,ATM-DFRU-7067,ATM,59656.83,2023-01-07 09:51:51.095652,22.522904,88.421446
8efc16a7-6b28-49d4-8fe3-6f507fc74b1d,83ba5887d82ddd6a,ATM-UOQG-1752,ATM,59656.83,2023-01-07 09:55:13.000606,13.137923,80.258408
ad61812d-fbfd-4b9c-8d58-14dff4508282,a77e1110504ea4de,ATM-RQVH-0924,ATM,149675.62,2023-01-02 01:19:32.698989,24.201352,86.252372
1ee4aa40-5f2f-4673-b68d-6f3d65fa920c,6da47df28d1aad11,MIC-IORC-0910,MICRO_ATM_CSP,63288.52,2023-07-14 23:02:17.696832,30.881427,75.85575
1f52aea9-11f7-4fff-9973-b26a17b99234,c08d00055da1c6f6,ATM-GJIY-1049,ATM,63288.52,2023-07-14 23:31:13.935118,28.087904,77.026344
0c21fb56-5ca6-4ebf-a982-e3a2520bd717,0bd8573ba3901c0d,ATM-RLWS-2923,ATM,126577.03,2023-07-14 23:16:12.084654,30.849267,75.848004
4f6629db-c0e1-427e-9d40-8682bf7de44f,15bc62bab6812a87,ATM-YSVZ-0812,ATM,364958.5,2023-02-22 12:14:11.374113,22.562177,88.393036
f950b931-aae1-456a-91ac-a4bf05a84277,1b753779d07e2b97,ATM-TJZZ-5582,ATM,21896.12,2023-03-22 10:00:05.684861,28.520073,77.323663
6bcf167c-47b3-45e7-80c0-9b4f92c1d79f,91ff603347d3f90a,ATM-LHBJ-5819,ATM,21896.12,2023-03-22 10:45:22.082763,28.143308,76.990494
da464742-2808-4410-b300-7891167f3baf,30e3b2726849cf25,MIC-AGJB-0572,MICRO_ATM_CSP,21896.12,2023-03-22 09:43:33.350391,28.483531,77.347586
775a33a3-9b65-4276-862f-6192a131e488,53f0e51f458f7500,ATM-WSXX-1887,ATM,32844.17,2023-03-22 09:49:18.520856,19.002285,72.825915
e7c38ae1-99a6-424a-944a-4ef918ec42d5,eeb7ceafb88813a8,MIC-JHBW-9694,MICRO_ATM_CSP,32844.17,2023-03-22 09:42:04.797577,19.093743,72.89735
c3d6aef5-4309-461c-97f2-334c61d2aa61,ce42adff5fb0bcc0,ATM-SYLR-1234,ATM,65688.35,2023-03-22 10:35:13.631123,24.155959,86.41267
94644dfe-f5d9-4e56-8776-04c594400b67,4bda3ec42f7024ac,ATM-ARAV-7185,ATM,137353.33,2023-07-28 14:02:30.447003,23.981567,86.756482
278d6982-b259-4949-ad08-7539cbdbb97d,93c4f2afeee071da,ATM-JKLI-8114,ATM,137353.33,2023-07-28 13:38:23.222406,19.019088,72.84179
83883675-0883-4a5c-87d7-5de0e0677057,25b04eca97925f46,MIC-QZOP-8071,MICRO_ATM_CSP,18060.86,2023-07-20 21:41:20.415563,24.164667,86.380363
a62ad8c3-15ae-4ea8-aee7-579b151e4509,99a3e1da6dbb6224,ATM-GZPA-5069,ATM,6872.67,2023-05-08 21:07:01.898481,13.099241,80.280685
2ee8f686-ce5f-428b-982a-2bb07e63ed64,febf24426daa34df,MIC-DOFS-0304,MICRO_ATM_CSP,6872.67,2023-05-08 20:56:19.364154,19.063179,72.921986
aa415474-48a2-482a-abc1-20896581dc70,d808e7485fc3520a,ATM-BNWV-9151,ATM,6872.67,2023-05-08 21:46:41.499823,28.140778,76.979777
6e8742e6-f493-403b-aac6-9d62c5fbf6ff,73c1232d5b4b4de7,ATM-YWUM-7651,ATM,6872.67,2023-05-08 22:03:41.286742,19.061264,72.816759
d09235de-fe3c-4004-a3a0-4ed4b8b69b45,96739c6dc7f02b5f,MIC-EAVI-3678,MICRO_ATM_CSP,6872.67,2023-05-08 20:49:03.727343,30.876628,75.801726
8ccbfac7-7777-43c8-b92d-a442e4ed4c3f,81505285be6f291f,MIC-ISWY-3129,MICRO_ATM_CSP,6872.67,2023-05-08 21:20:02.614775,24.240813,86.426401
dab4cb9b-fe52-4da9-8111-1274dbb67ece,6da47df28d1aad11,MIC-ZARS-9160,MICRO_ATM_CSP,20618.02,2023-05-08 20:59:15.887564,30.841832,75.847337
5acdff59-216b-4219-b03f-eab78866d1c2,94fdc6b8e876af4b,ATM-VZHY-7971,ATM,20618.02,2023-05-08 21:00:21.425453,28.517725,77.288271
d1a58827-32b5-482d-85ad-091b4ded1ba1,99a3e1da6dbb6224,ATM-ZNHB-6692,ATM,20618.02,2023-05-08 21:08:58.580761,13.048349,80.360356
af53d286-d934-4ba0-b96f-db52a506cb86,d808e7485fc3520a,MIC-AKHQ-5675,MICRO_ATM_CSP,20618.02,2023-05-08 21:33:07.585537,28.119277,77.001122
2df323d7-6675-48ce-8cfe-8165eb9f0fb7,0bd8573ba3901c0d,ATM-BCMS-5556,ATM,28345.84,2023-06-14 06:19:38.952293,30.911945,75.886183
1300221f-87f8-44ed-a62a-ec2b542f77d0,2bb65ef4ad770c01,MIC-XQFG-3721,MICRO_ATM_CSP,3149.54,2023-06-14 06:51:11.393115,23.944273,86.851122
4a8ca79a-f209-424e-a2c0-952ddbceba3d,a7d3dd3cb0ab4de4,ATM-LMKP-9132,ATM,3149.54,2023-06-14 06:48:10.132544,24.220723,86.316903
0dd525b2-37ef-4b06-acb6-7040e9b6e646,25b04eca97925f46,ATM-EORY-2548,ATM,3149.54,2023-06-14 06:17:22.648924,24.278625,86.371066
789e0842-cfa6-4679-acdc-c99116c636bc,735d7382bc84f337,ATM-PTTH-2354,ATM,4724.31,2023-06-14 06:41:16.312331,19.153956,72.905277
f6a8689f-6ff8-4d0a-8395-321f12e9937e,7a10f6d97500d049,ATM-PLZQ-8982,ATM,4724.31,2023-06-14 06:37:42.640368,23.920525,86.772949
6e4ae856-7344-4f62-b1c4-c9c4d78457c1,aefb9520732cf5fc,POS-RWHZ-5634,POS,3149.54,2023-06-14 06:27:32.705046,22.611163,88.438802
d2273355-54a0-4f00-b820-9f87eb8d185a,c527c012113fa811,ATM-DDLV-3728,ATM,3149.54,2023-06-14 07:07:33.347054,24.2465,86.388766
daf334ea-237c-4533-a375-3d539bc3a3ac,f5ee5bb69c594618,ATM-ANBO-1591,ATM,3149.54,2023-06-14 08:52:49.088963,24.27919,86.241457
8993aeac-6122-4b0b-bb0a-c2d473bc4600,7a10f6d97500d049,MIC-QCDU-3501,MICRO_ATM_CSP,28345.84,2023-06-14 06:22:28.559026,23.900383,86.727954
b7b2f7f0-e153-4414-8991-39a6acce577c,56d780b6aabce5d8,POS-ADHC-0757,POS,14172.92,2023-06-14 06:18:16.816156,19.091698,72.84392
51052831-b311-4894-967b-7aba8561c91f,f2096f718ea48500,MIC-YPCF-7405,MICRO_ATM_CSP,14172.92,2023-06-14 06:25:28.123182,24.203216,86.276065
f1a0cdb2-cb8a-4ccd-a90b-363e270ceea6,25b04eca97925f46,MIC-GEJL-4455,MICRO_ATM_CSP,319074.57,2023-08-07 08:49:53.040679,24.119054,86.325943
3fadf694-8ee8-449f-9311-6ba67c2c982b,dbb971a3623d9970,ATM-NGDM-0889,ATM,26206.66,2023-06-22 17:15:03.091744,28.492541,77.354649
af0f1a39-650c-41de-b0f5-ab0b2aa1de29,f46652f5ee1ad887,MIC-PHXQ-4131,MICRO_ATM_CSP,26206.66,2023-06-22 16:50:44.042353,13.058609,80.118467
56636ef9-2faa-40f1-ab31-0853c62bc6a9,394194a39a57bcc6,ATM-LGYQ-4448,ATM,26206.66,2023-06-22 16:48:22.696313,22.504476,88.303124
3ef1e83f-6faa-401b-8ac6-1636233a622f,c171b589b00915b9,ATM-QXOE-1231,ATM,26206.66,2023-06-22 17:16:19.982341,30.881594,75.890567
ee7b9ec8-bbb8-47a1-bac1-d83543083668,83b82ffcea8b671a,ATM-OPVY-8961,ATM,17471.11,2023-06-22 17:02:52.329064,24.043569,86.83594
f5e2ab60-a849-45cb-a3bb-cc5cc60d9f9c,c171b589b00915b9,ATM-CYTY-6846,ATM,17471.11,2023-06-22 16:48:04.187286,30.880807,75.882528
cc30be8b-5bbc-4a7b-964d-321698087908,bbaf3f02a8b0828e,ATM-JZZD-8357,ATM,17471.11,2023-06-22 16:48:33.142866,23.963016,86.740549
57f89d66-5753-414c-98f2-c037979ae331,6d100f11d2a14a1a,MIC-HXPQ-5426,MICRO_ATM_CSP,13160.49,2023-12-29 01:20:17.305405,30.897272,75.814705
ec105d8f-2f67-4d89-a0e7-d747b898ef91,82a072edd58e79aa,MIC-MAEU-6030,MICRO_ATM_CSP,13160.49,2023-12-29 01:21:34.156553,23.93241,86.839745
5ed6a2b6-2d7d-4eee-8ec2-999964558714,a34eda124c7becc8,ATM-VTRJ-9114,ATM,26320.98,2023-12-29 01:14:02.725130,19.088222,72.872831
33bb437b-8fe9-4069-ac76-f04f194e68ce,07e0cebd234c62cb,MIC-KCTM-6423,MICRO_ATM_CSP,52641.96,2023-12-29 01:43:28.413917,24.177102,86.319547
701a6180-63fc-4cc7-97d0-c6b522efb480,3c8adec20ebc7ecc,MIC-GARS-2517,MICRO_ATM_CSP,26320.98,2023-12-29 01:11:27.122902,24.206671,86.270908
1cd747f2-b859-48b7-9e97-29ac46fed99c,c08d00055da1c6f6,MIC-GWUV-9155,MICRO_ATM_CSP,26320.98,2023-12-29 01:05:47.668768,28.17111,77.055265
8e6b447a-e2c7-4bd4-a22b-ec99fd502ddd,30bc88d810aef42b,ATM-GXMF-5619,ATM,78962.94,2023-12-29 01:06:21.318705,28.48835,77.349108
1b4e0798-52b5-471e-a43e-24e23a347f5d,30bc88d810aef42b,ATM-DRNV-8133,ATM,26320.98,2023-12-29 01:11:33.391469,28.444667,77.430502
ea32e4cb-d9ff-4a06-9288-6dbc52b5465c,3c231657faa5d04d,MIC-GWAB-2644,MICRO_ATM_CSP,26320.98,2023-12-29 01:11:03.681684,28.519712,77.389852
b782a942-eaf9-4146-8334-d5d4400f97b1,6da47df28d1aad11,ATM-BNTH-3787,ATM,26320.98,2023-12-29 01:07:13.451649,30.857338,75.856158
5f1a9c4b-3ddb-4d6d-ae2c-453f9d04e578,044beed55d80dc2b,ATM-NYXI-4626,ATM,29275.21,2023-09-24 07:57:05.470589,24.153259,86.31893
0eb85f7e-432e-4908-bfdf-13b269b81508,10e4948592a3bbc6,ATM-WOFM-0636,ATM,14637.6,2023-09-24 07:47:22.694914,23.95457,86.83138
8e3ecbe7-89c4-4424-8022-1981a9a695dd,044beed55d80dc2b,ATM-RZWV-7050,ATM,14637.6,2023-09-24 07:37:39.069738,24.154985,86.301204
af93bef9-483f-4dfd-9ccb-f00408b0bb2b,6719077e3a6cd655,ATM-QNDN-9554,ATM,19516.81,2023-09-24 07:54:04.777330,23.907117,86.799916
a90900d0-f9be-4c46-901f-b2b45d23027d,b8fbafa1b8d2fdba,MIC-UKGC-5682,MICRO_ATM_CSP,19516.81,2023-09-24 10:01:01.314360,24.039567,86.746116
63ecda43-1a04-4ca3-9e81-55fbee410141,81db70f41785c665,POS-WANP-2601,POS,19516.81,2023-09-24 08:26:54.687047,22.657216,88.350814
cc5a8ddf-29e4-42b4-82a3-e26e2c0b7ced,6da47df28d1aad11,ATM-AQWD-7266,ATM,29275.21,2023-09-24 07:39:55.740115,30.862337,75.832055
f9efcb3f-d327-41fc-8271-fbe0c1f10845,044beed55d80dc2b,ATM-ZLLR-4699,ATM,29275.21,2023-09-24 07:24:08.457720,24.174649,86.394639
099b90c9-4edc-44ae-9168-b1c226bfe15a,25b04eca97925f46,ATM-APEW-8967,ATM,58550.43,2023-09-24 07:31:47.341578,24.207392,86.248584
9e46738b-58f7-449b-a4a1-03d64098a18b,040c1f611eb42ce9,ATM-MNVH-5307,ATM,332986.69,2023-02-24 14:46:08.295485,13.111641,80.306776
1979e35d-d9d3-4256-8eea-cfaa883c9a8b,6877ffca8e5a30eb,ATM-JDRI-9515,ATM,120279.24,2023-09-07 04:25:40.737833,24.269178,86.291612
c21bfec5-5923-419e-a526-c7998931d4c1,d95d8cbc786fbe44,ATM-RBWK-3197,ATM,120279.24,2023-09-07 04:22:27.282992,30.888829,75.904351
55e2ea58-eab4-40ed-8771-f86cdf26f33c,5e7a22b24305ff3a,ATM-NYOE-0558,ATM,173141.95,2023-07-20 02:19:52.115184,28.114153,76.95305
b757ac2c-16c5-4b82-b60c-221224a9f366,f1768bad6f1e3ce2,ATM-TQMQ-0156,ATM,172209.68,2023-08-05 11:10:15.762199,19.173408,72.886003
440ee1ff-9c06-408e-94f6-280a703f838d,0f402318041204af,ATM-VUJN-4481,ATM,43052.42,2023-08-05 11:34:52.925073,24.128938,86.320088
a05b97cc-ffb6-4406-ae38-aea3bc73372b,76e37cd876827e1a,ATM-XPAJ-3286,ATM,43052.42,2023-08-05 10:46:10.463249,28.193597,77.017901
008cf3da-babb-4a70-93c6-058ae6c8cd21,76e37cd876827e1a,ATM-NGOW-0982,ATM,86104.84,2023-08-05 11:06:54.611915,28.098299,76.972999
fa367e8b-657f-4349-8257-e0c4a543ba3b,450ed2cd4f37f2a0,ATM-HNTU-6160,ATM,3920.72,2023-04-12 02:04:22.504560,19.084228,72.888937
fef3f075-4ad8-4b63-b6db-dc8f1d5c5aa3,3c0b67ba74cbafec,ATM-RUDJ-1790,ATM,3920.72,2023-04-12 01:49:13.396064,28.523904,77.382012
f55be9c1-4ec5-4209-99d3-6565db6ffd25,400a95ae23792cbd,MIC-BVJO-1260,MICRO_ATM_CSP,2613.81,2023-04-12 01:38:54.690481,28.0813,76.992202
c6b72acb-6b0f-45ce-b64f-9d42ffb207c9,6719077e3a6cd655,ATM-CWUN-3109,ATM,2613.81,2023-04-12 01:41:01.110320,23.895291,86.833116
8c86d34d-84f3-4167-add0-621dd3c413c8,0f108ded4e10a78b,ATM-DKII-1148,ATM,2613.81,2023-04-12 02:33:34.168616,24.23537,86.294752
945d6221-4250-4a46-8308-94a7f4504c8c,d3e3dc428f4f7211,ATM-MSHB-6103,ATM,7841.44,2023-04-12 01:57:06.370377,23.949521,86.81935
fb8b84c3-9b18-40f1-ac02-aea1128702b7,87cc051ae08428cf,ATM-UAZE-2560,ATM,3920.72,2023-04-12 02:01:51.660013,24.268566,86.298792
8c1f9ada-58e1-4ff0-afc0-a47c68f99110,5740c30c9a2b3355,POS-PESV-9322,POS,3920.72,2023-04-12 01:49:43.828462,13.083527,80.398992
ae0e1c89-f4a2-49a9-b205-0abf6cfd7332,a85dc85b910de8fb,POS-JJEC-0650,POS,2613.81,2023-04-12 02:25:00.021682,23.947805,86.831791
db9cf2d6-7ec1-4401-9660-48f2f1775bb3,a77e1110504ea4de,MIC-FBKW-0820,MICRO_ATM_CSP,2613.81,2023-04-12 01:57:03.515293,24.210436,86.285152
114ef7fc-ad69-4f86-8edd-1c67d86bebd9,18054a93ec8f02eb,ATM-WFGN-4200,ATM,2613.81,2023-04-12 01:45:19.192340,13.103536,80.201356
3fd2377b-b71e-4de0-872a-ac9a2b0e5428,0f402318041204af,ATM-YIVT-5433,ATM,3920.72,2023-04-12 02:20:48.158216,24.186081,86.258023
6f84bd4c-ecd8-4a7e-b9fd-d6c8f1376daa,f1768bad6f1e3ce2,MIC-GIXZ-4222,MICRO_ATM_CSP,3920.72,2023-04-12 02:44:43.177461,19.09824,72.801386
1c6a9d69-2410-47d4-ba18-2541b95d07e0,2c66670eaef4dee4,MIC-ILNX-1061,MICRO_ATM_CSP,197531.74,2023-01-17 10:46:25.173368,30.915249,75.815658
4e0d2b87-46af-4771-86cb-9359d68e7c77,6719077e3a6cd655,MIC-UEOZ-8413,MICRO_ATM_CSP,197531.74,2023-01-17 10:34:42.290110,23.914996,86.754306
db45dc58-417e-47b8-bae7-f58cd012904a,78412091d3702307,ATM-HDFH-2434,ATM,306131.3,2023-05-29 16:41:53.605269,28.066618,77.030776
003b2853-8cd7-4399-9591-609d36050066,c7f66b5e1cfdc547,ATM-KRFT-1808,ATM,145007.65,2023-01-25 17:47:58.455973,19.152235,72.809263
5f787581-3aba-4094-bc40-9bfafe26536f,394194a39a57bcc6,ATM-VJPF-7520,ATM,145007.65,2023-01-25 17:59:39.233371,22.526755,88.40594
f8fa201f-5f3e-40fc-ac02-ce7635dd53f9,6942d07ea440a530,POS-RQPP-4358,POS,130092.29,2023-01-16 06:59:45.557618,23.982676,86.899406
4fb278fc-1a12-4238-976e-8e8950e6207a,095c1c65e3981f27,POS-BOSX-8165,POS,130092.29,2023-01-16 06:57:47.194986,23.974049,86.845405
3b7d4f37-b1f0-4580-8c1f-2d68d10efde0,5056c4fc4739600d,ATM-ZGKF-3053,ATM,22059.24,2023-09-27 15:24:54.359988,30.877569,75.838775
e82ea653-bd1b-4b0d-a031-5442341f5f44,8c8e8c2707466b4c,ATM-GPDZ-2179,ATM,22059.24,2023-09-27 16:05:28.962677,24.209086,86.305107
966c1165-83b7-4650-b08a-662006a4b8be,022fec248c97806e,ATM-XCKC-7741,ATM,22059.24,2023-09-27 15:23:02.140581,24.233436,86.335239
779fcd27-02f0-498a-908c-ed77f088584c,faa390f0cabf520b,ATM-PXRQ-0164,ATM,22059.24,2023-09-27 16:23:32.058523,28.534927,77.336488
7eaffd11-9f87-4681-86ba-31c991ab4046,400a95ae23792cbd,ATM-TXJE-0932,ATM,7353.08,2023-09-27 16:00:40.438113,28.125413,76.975043
29f266d0-83fb-4c20-940a-9d1baa0bdc28,79a8772dff7b3fdb,MIC-KGWV-4287,MICRO_ATM_CSP,7353.08,2023-09-27 15:33:23.433087,24.11996,86.313552
cab5993d-6e53-4602-a562-efca5cad2b7c,79a8772dff7b3fdb,ATM-RTPT-9019,ATM,4902.05,2023-09-27 15:34:52.348633,24.130179,86.263578
713ee79b-1943-4dc0-8337-eae6b129be87,2e4345eca1b5a34c,ATM-PHIF-3377,ATM,4902.05,2023-09-27 15:21:30.015961,28.479243,77.394795
3416c780-10af-4d87-a7ae-aeccbb65ec50,7fe57d0ff66463b7,ATM-GLDP-1326,ATM,4902.05,2023-09-27 15:38:30.224312,22.580626,88.420217
436726e1-79e8-4762-82ce-bae3f330f74d,5056c4fc4739600d,ATM-SKQH-4287,ATM,4902.05,2023-09-27 16:10:23.307354,30.913795,75.906095
7b22b906-c666-457c-b585-9bd648aba2bf,8c8e8c2707466b4c,MIC-MEKB-8708,MICRO_ATM_CSP,4902.05,2023-09-27 15:41:18.255225,24.143649,86.360853
899109ca-8e23-459f-bd93-01d8bd374ece,b82c83e33c343e84,ATM-ZRAT-7161,ATM,4902.05,2023-09-27 15:41:24.149328,19.021724,72.810851
7088664e-ffec-4deb-bdc8-869863c064a8,400a95ae23792cbd,MIC-QGOD-9698,MICRO_ATM_CSP,7353.08,2023-09-27 15:55:23.768197,28.124308,76.998451
d265240e-de5d-4da3-9d40-4dce2fe306ee,e3af0705ba5a43fa,MIC-NYGG-5637,MICRO_ATM_CSP,7353.08,2023-09-27 15:48:31.029243,13.06652,80.294748
fb964691-817c-4e76-8754-1db7eb6092ca,4b2f70600e0981d6,ATM-IFQW-8987,ATM,14706.16,2023-09-27 15:30:59.334957,28.487165,77.417265
8910917b-bcf1-4301-92df-ae418e98fdfa,10e4948592a3bbc6,ATM-TIEV-8015,ATM,14706.16,2023-09-27 15:26:18.289844,23.949769,86.861504
5cc33ba9-a70c-4d9e-a7de-b6c7a604e1dc,96739c6dc7f02b5f,ATM-ZPOJ-2142,ATM,84231.1,2023-08-11 20:49:15.503338,30.989335,75.873695
ca1e55f4-5574-4488-bd4e-9d33f1656a5a,028202be514e6b30,ATM-MZKM-4816,ATM,84231.1,2023-08-11 19:51:29.556245,28.09105,77.062206
f493759c-6e3b-461b-91ae-c9c5e35b4f1a,e2f19358960dc1b8,ATM-FZRD-9538,ATM,84231.1,2023-08-11 19:47:45.964981,28.60274,77.362626
3e77d15d-ac21-45c3-b96f-d8b140b1bb8c,3a7a7ffa6de3098d,MIC-ZHJN-4336,MICRO_ATM_CSP,20075.28,2023-09-30 14:25:26.455471,28.147091,77.012029
410233e0-4a19-410d-8046-82e70d1decdf,05d9cb0a7966aa7b,ATM-RPNA-0132,ATM,20075.28,2023-09-30 14:09:47.521369,28.151968,77.04655
57a89386-8b79-4d0f-bea1-2282f878a251,05d9cb0a7966aa7b,ATM-IFDB-4324,ATM,20075.28,2023-09-30 15:19:03.625432,28.133662,76.989057
6c91911a-2093-4fb0-bf8b-3158b7fd7f5e,095c1c65e3981f27,ATM-HGIJ-1055,ATM,20075.28,2023-09-30 13:59:42.644254,23.946633,86.88741
5c5e8539-3db1-41a2-a37c-4d376dcf18b4,5590915cce31e2d6,ATM-AYYV-2460,ATM,40150.56,2023-09-30 14:05:18.750916,23.989917,86.913477
8f816aed-f835-4372-a9a6-7ae14df420d2,55b4926e5d4cc375,ATM-IPGV-2841,ATM,30112.92,2023-09-30 13:51:13.912751,23.99445,86.822443
ca4b15d7-6091-40e0-b3ef-e14013aab267,f72723c2288b7429,POS-ZPUC-4024,POS,30112.92,2023-09-30 13:50:14.369116,24.238092,86.338952
7732f458-78a4-467f-a1dc-3572e719336a,90ccc2d3d41485de,MIC-QFLC-9273,MICRO_ATM_CSP,30112.92,2023-09-30 14:07:49.884622,28.12287,77.012356
f16b834e-88a3-4905-917a-9939ee712617,55b4926e5d4cc375,ATM-KLTE-8854,ATM,30112.92,2023-09-30 14:13:27.579631,23.989088,86.799039
ddc03b61-cf4a-4848-b729-7614a65650e3,b2e3e791ec389fae,ATM-PHWW-7529,ATM,6691.76,2023-09-30 14:03:08.647176,23.935386,86.733476
9e429dc2-4428-4a2c-bd3d-602b25d4ec76,96739c6dc7f02b5f,ATM-JWHB-7820,ATM,6691.76,2023-09-30 13:53:24.151090,30.857343,75.941683
a8321c5c-71c7-44e0-8c63-3a1e99c62b0b,8687a4cc583aa0ae,MIC-XBAY-8619,MICRO_ATM_CSP,6691.76,2023-09-30 13:54:45.869430,24.140794,86.407146
c61ba681-63c0-4379-a325-c7eb4b274ee3,96739c6dc7f02b5f,ATM-PVSS-3956,ATM,6691.76,2023-09-30 14:08:00.904475,30.945155,75.95971
5b4a030c-5883-4173-883d-a1bb1dcdc277,3fdb81fcdd99b495,ATM-BXIX-9996,ATM,6691.76,2023-09-30 14:15:26.462388,13.197358,80.264566
5db8a1bd-798a-4286-b0ce-ae97eb4a3863,384f87a17f6c5ecd,ATM-WCZN-8874,ATM,6691.76,2023-09-30 13:44:42.818916,13.07077,80.163481
a6ec38de-2fc5-40aa-b131-c5879503a9c6,96739c6dc7f02b5f,ATM-ULVS-5531,ATM,6691.76,2023-09-30 14:17:35.444703,30.872895,75.756485
92367050-50f1-472b-aa5a-a7a76ee62e52,028202be514e6b30,ATM-GGKL-1443,ATM,6691.76,2023-09-30 14:25:00.665610,28.015962,76.964789
3eba60ea-e63d-472d-9548-d01361308b21,e2f19358960dc1b8,ATM-FICK-6206,ATM,6691.76,2023-09-30 14:37:16.041247,28.519937,77.414922
c2a0da57-7140-4f98-92fb-c0219b9e6405,25b04eca97925f46,MIC-HNAU-4056,MICRO_ATM_CSP,30112.92,2023-09-30 14:07:40.492746,24.183018,86.290938
28562ab2-6c83-4357-9ed7-8ad2bf353295,6719077e3a6cd655,ATM-XWET-0107,ATM,30112.92,2023-09-30 14:18:32.649213,23.969829,86.803679
68482801-8ed6-4523-9219-25080d166857,69ba46e56681a663,ATM-XUUT-0018,ATM,41127.34,2023-07-02 22:54:11.320388,23.919769,86.890232
cf649e8e-61fd-4039-91cc-3aaf59e5bbd4,15bc62bab6812a87,MIC-JXBR-8428,MICRO_ATM_CSP,41127.34,2023-07-02 23:11:55.798866,22.540494,88.262471
f9db7613-b15a-4ed1-8c3e-eefeb569520d,83ba5887d82ddd6a,MIC-LPJU-9739,MICRO_ATM_CSP,82254.69,2023-07-02 23:58:06.997953,13.08432,80.238588
b89053da-2485-4763-b3a9-43ede13e902c,f716e35638c3dd12,ATM-DFZI-9403,ATM,27418.23,2023-07-02 23:19:53.275212,22.557483,88.405882
5e02d0c1-7473-4f72-8786-e476955d82d2,b54aa42950315b45,POS-RFFS-4302,POS,27418.23,2023-07-02 23:52:06.244338,30.889307,75.840099
a29b1f88-be41-49ac-869d-962b6f3e651b,3963b6f6f79dd7db,ATM-CYTB-9679,ATM,54836.46,2023-07-02 23:09:47.721172,27.946944,76.980689
2120eb86-bb49-4811-ab59-9c0ca188a20b,095c1c65e3981f27,POS-WZTH-5609,POS,54836.46,2023-07-02 23:15:25.557150,23.944866,86.831584
838f72e7-adca-48dc-89dd-39920396d56e,218c5d6d080619a2,ATM-QDIP-9902,ATM,417587.74,2023-12-15 22:18:39.573279,30.967254,75.723169
c183c951-ea23-4984-9390-83ab2d20e1ad,8608ca6e1438fc4b,ATM-YKFN-9555,ATM,8673.54,2023-11-07 02:59:43.943534,23.897032,86.833212
8c4c6537-950d-431c-9fc1-e192dde03db5,f46652f5ee1ad887,ATM-FGDP-9632,ATM,14365.98,2023-04-06 05:17:28.882998,13.122474,80.185533
e5ab1a64-8704-4c69-a8a1-d25c80130ffc,dbb971a3623d9970,MIC-HSAJ-5774,MICRO_ATM_CSP,14365.98,2023-04-06 03:28:46.659651,28.440172,77.360282
386a58d6-a50f-4642-8069-50c108929897,c171b589b00915b9,ATM-WLTJ-1267,ATM,14365.98,2023-04-06 04:25:15.405571,30.907358,75.838033
cefc653f-3e8e-4fd2-bce1-c107d3402c32,5f314f6228b18b11,ATM-EUNG-4303,ATM,14365.98,2023-04-06 03:30:06.734053,24.235849,86.393669
9bfeaaaf-ac70-4ddc-81fc-d62e557bcbdf,c171b589b00915b9,ATM-SQCN-6200,ATM,14365.98,2023-04-06 04:01:01.401197,30.929305,75.837381
85387085-ef42-4b2a-9018-4e033a4914ca,394194a39a57bcc6,ATM-ASDH-2125,ATM,14365.98,2023-04-06 04:13:39.569512,22.534711,88.293258
9659e88a-da52-44f8-8388-2e42e82b15fd,c171b589b00915b9,MIC-ABKL-6313,MICRO_ATM_CSP,14365.97,2023-04-06 04:42:03.238007,30.897747,75.948607
fcbaaa88-0c82-4914-aeaf-cb429e7349ce,394194a39a57bcc6,MIC-XAFD-6885,MICRO_ATM_CSP,14365.97,2023-04-06 03:38:22.545768,22.583006,88.359155
bad1e8fa-97e2-438d-89be-84c2152bb311,9fa7af4628dd9cb3,ATM-UMSY-2150,ATM,14365.97,2023-04-06 03:23:52.990534,28.550093,77.417099
4a82c86e-23a1-4ed1-9996-93aa075a6461,dd9de6b05ff51602,ATM-QSLM-6203,ATM,14365.97,2023-04-06 03:17:47.819878,24.073743,86.429252
9a3e0e8c-7349-40f5-89d2-52780f392cd4,3ba14a4de4ea92d7,ATM-AQJO-2886,ATM,14365.97,2023-04-06 03:26:10.992281,22.444686,88.350405
6db95bb8-ccf5-42fe-94a5-929532160c85,2647f966c1839f83,ATM-NQTW-1896,ATM,14365.97,2023-04-06 03:24:50.833256,28.128217,76.998009
a58221e2-328d-47da-82e9-84ce441e60b0,c171b589b00915b9,ATM-PKDW-6386,ATM,21548.96,2023-04-06 03:40:33.335244,30.904769,75.825616
401589e1-ca2b-4f1c-9b27-66e6ec6448d0,5f314f6228b18b11,MIC-CLKC-2565,MICRO_ATM_CSP,21548.96,2023-04-06 03:15:54.926010,24.169785,86.296842
6c6dbb90-1978-45d6-8a25-529cd50cdad7,c171b589b00915b9,MIC-KFWS-7616,MICRO_ATM_CSP,21548.96,2023-04-06 03:20:29.456215,30.937322,75.862199
e2d13d52-d3f5-468e-807f-46370393ae50,4bda3ec42f7024ac,ATM-DRQT-8026,ATM,21548.96,2023-04-06 03:08:52.819976,24.012001,86.84708
e2d7cc50-6630-4176-a2b3-12404c4e2795,48446ecf394d530e,ATM-WOTL-0317,ATM,20453.7,2023-08-24 15:34:25.718859,28.530107,77.400091
f16611ea-0bfb-46b5-a6e6-0f46e656718e,5ea4882b1d06781b,MIC-IGIO-0995,MICRO_ATM_CSP,20453.7,2023-08-24 16:27:14.484665,23.973749,86.870734
5f00467f-1970-4030-9cab-1c016c877560,6da47df28d1aad11,ATM-KFUH-6652,ATM,10226.85,2023-08-24 15:29:25.483555,30.881561,75.893483
91329e0a-2b27-489e-b953-5f4433eda5d2,c3f72c30b76aac18,ATM-UTFZ-0522,ATM,10226.85,2023-08-24 15:25:59.965452,28.561811,77.423902
5547f8d5-837a-4df4-87d6-cefbaf485a17,6942d07ea440a530,ATM-BSBF-5823,ATM,15340.28,2023-08-24 15:28:39.672841,23.948539,86.817956
46153234-ffa3-43af-a693-6582cba8cd5d,c171b589b00915b9,ATM-BDSL-7110,ATM,15340.28,2023-08-24 15:42:23.359218,30.901236,75.87845
4b646333-7728-4271-bf9b-9a11748823a0,e8c8577ea9141637,ATM-MLON-5993,ATM,15340.28,2023-08-24 15:47:10.216363,28.458505,77.386678
2395797a-7172-46f2-94af-0a3cdd87e4e6,bbaf3f02a8b0828e,ATM-LBEL-3308,ATM,15340.28,2023-08-24 16:39:53.249244,24.043641,86.771402
0140f990-9ea4-4302-b3ff-08fc1851e9e0,6da47df28d1aad11,POS-HIOI-6385,POS,30680.55,2023-08-24 16:03:09.841054,30.963156,75.899153
cad727f6-92c7-4625-9357-550a25afae72,294291ddc1b5dcaf,POS-GJGF-8566,POS,10226.85,2023-08-24 16:44:12.027346,13.087038,80.287266
55a01876-3fff-4f1e-8959-79c650721fda,22ee0eda8c709f44,ATM-AEEL-2833,ATM,10226.85,2023-08-24 15:13:56.649367,13.111456,80.263244
3d3b252f-9fa8-480b-9b7a-61df12144234,6da47df28d1aad11,MIC-OYEN-1652,MICRO_ATM_CSP,10226.85,2023-08-24 15:28:44.704943,30.805538,75.875669
cd7626c2-34a4-4a3b-a9c7-78c1b2983ae9,55b4926e5d4cc375,ATM-YMKX-3131,ATM,143209.75,2023-12-06 04:29:37.118395,23.997499,86.803707
85fc292d-0efd-41f3-997a-0122fffd0bb7,5f622da84139756e,ATM-CZND-9005,ATM,65169.95,2023-05-26 04:50:23.456831,13.131654,80.343211
d65e26aa-d680-465e-a362-243527678927,76e37cd876827e1a,MIC-UMIY-0672,MICRO_ATM_CSP,65169.95,2023-05-26 04:45:13.079248,28.18178,77.01443
81301e6d-fece-4e26-b573-181b579dd532,5ab65182c5db6734,ATM-OFRW-7294,ATM,43446.63,2023-05-26 05:17:13.114747,12.984837,80.192981
5ec6a004-663d-4d7e-9605-d9f34170146d,186923cec964032c,MIC-JVUK-0425,MICRO_ATM_CSP,43446.63,2023-05-26 04:41:53.326624,24.137259,86.26831
afe0b534-386a-4cc8-af96-a3d56dd4a241,308677e52b368b05,ATM-IJWR-1254,ATM,43446.63,2023-05-26 04:40:25.930446,19.143135,72.895579
4fe46940-1833-4993-b879-96f728f61905,45243675010d84fb,MIC-HLBM-7597,MICRO_ATM_CSP,130339.9,2023-05-26 04:49:05.098337,28.114283,77.016883
57833528-aa98-4dc3-abe0-919ffa43bf91,edd7f754af7e28c4,ATM-AHTP-0919,ATM,17077.96,2023-11-02 00:26:49.453205,23.914285,86.781357
63d8449f-e405-4164-823a-a4d4b9d8bd01,ba7a465e61a11230,ATM-VIVB-3586,ATM,17077.96,2023-11-01 23:51:18.777154,19.074292,72.837814
48f5a0f3-8d5c-4f05-abcd-adc486a8dff4,10e4948592a3bbc6,MIC-ULKK-4995,MICRO_ATM_CSP,34155.92,2023-11-01 23:23:57.552041,23.907889,86.732277
5d4907f1-e885-42c9-bcd3-8c3506741c09,10e4948592a3bbc6,ATM-GUBX-6578,ATM,17077.96,2023-11-02 00:44:45.559595,23.924686,86.805972
78015d76-4d58-4e6c-bffd-573e8fd9f133,25b04eca97925f46,ATM-QRBC-0130,ATM,17077.96,2023-11-01 23:33:28.263144,24.185083,86.305298
18fef67e-a97a-40fd-96f8-850b64ca6420,25b04eca97925f46,ATM-NKZI-9424,ATM,25616.94,2023-11-01 23:36:32.229380,24.214759,86.215825
44cca02b-5585-41dc-b0ea-35848255d93d,757013409a1de55b,ATM-SSVU-4830,ATM,25616.94,2023-11-02 00:41:29.222880,19.097577,72.867034
9c4f4130-1144-41c1-8207-5ffa4dfe49d3,02fe7675e52ed832,ATM-WQZE-9501,ATM,51233.89,2023-11-02 00:06:45.950202,13.121642,80.21233
c33855f4-5142-4b99-89be-56b0634ef341,0c5b61c0cc49dd4e,ATM-LREA-6606,ATM,42104.74,2023-06-02 07:38:43.947657,24.10916,86.216538
df41224f-129b-403c-920f-f640ae08a3f2,91b86f426cd2cf59,ATM-HEQI-7640,ATM,42104.74,2023-06-02 07:28:53.067906,28.495181,77.480657
129743bd-80d4-4e71-b135-12c4bd7b338f,5f314f6228b18b11,MIC-JAUS-5751,MICRO_ATM_CSP,42104.74,2023-06-02 07:17:01.006776,24.207506,86.287356
ead3cd8f-9a11-49c9-8865-ac4098ab81d4,131a7708363db506,MIC-SQMP-9305,MICRO_ATM_CSP,14034.91,2023-06-02 07:08:37.799459,22.455382,88.407334
22daa0e9-01a7-4071-9b43-7e28c4ffd546,79a8772dff7b3fdb,POS-PJOE-6840,POS,14034.91,2023-06-02 07:43:01.815774,24.195388,86.240383
bed2294a-5dd1-4a3d-986f-ffbce89daf16,8c8e8c2707466b4c,MIC-YHZY-2783,MICRO_ATM_CSP,14034.91,2023-06-02 07:43:13.536376,24.171043,86.33497
79eb0bfb-0aaf-457e-858f-a1b46953654a,095c1c65e3981f27,MIC-PSAL-0337,MICRO_ATM_CSP,14483.17,2023-08-31 13:05:30.903533,23.902427,86.860446
90b9ead0-3a5e-4d0e-b9aa-a106a9d31f78,4d9d93596a6dbe06,MIC-BCOU-9629,MICRO_ATM_CSP,14483.17,2023-08-31 13:29:57.219223,30.886202,75.867235
4a94e82a-b693-40c4-b77b-11345496687b,150079c7a6c509ea,MIC-HMAF-3033,MICRO_ATM_CSP,7241.58,2023-08-31 13:01:18.517867,28.526766,77.498899
66d9c87e-7bcc-4d6b-9222-0ac9ade1d29a,0ed49487d597b523,ATM-REDN-8184,ATM,7241.58,2023-08-31 13:22:43.004770,30.910473,75.893958
1f995cb9-1316-472e-a0f0-43213ae21a67,095c1c65e3981f27,MIC-PPUQ-2586,MICRO_ATM_CSP,14483.17,2023-08-31 13:06:20.077098,24.013033,86.810022
43108669-441a-43ef-ba9a-255dc7c3c576,6c5210044e8bd8d5,ATM-TIRV-0122,ATM,4827.72,2023-08-31 13:17:04.216280,30.968779,75.901525
87e35a73-2574-4255-959b-580a2da638fe,131a7708363db506,ATM-WYWF-6544,ATM,4827.72,2023-08-31 12:59:13.547105,22.471286,88.325629
e323d816-da28-40fd-a788-51265c126514,55b4926e5d4cc375,ATM-QNBV-2014,ATM,9655.45,2023-08-31 14:14:31.808523,23.95489,86.816461
d3281ae1-4a00-4103-8eb7-805b3dac1200,e41466061105f4e8,MIC-SYXU-2364,MICRO_ATM_CSP,3218.48,2023-08-31 13:19:48.873996,30.869951,75.878167
9fa0db57-ca10-402d-9b46-f6acd85e8c2c,55b4926e5d4cc375,MIC-EFFB-1836,MICRO_ATM_CSP,3218.48,2023-08-31 13:10:58.612323,23.942231,86.812151
5ea0d22c-ed2d-42ee-91b3-574cd80f220a,90ccc2d3d41485de,ATM-ABRU-1479,ATM,3218.48,2023-08-31 13:12:04.194890,28.094891,76.998417
16a8439a-ca3c-4099-8095-f17c888a5a77,6a6e914928a94ec7,ATM-BGBZ-0991,ATM,104688.89,2023-09-19 04:53:03.510227,28.08318,77.011701
b243e18d-ff0e-404f-bc84-9d21c7e6a2b2,7fe57d0ff66463b7,ATM-BHRH-8177,ATM,12761.35,2023-04-09 20:54:50.150692,22.434029,88.344024
5c562625-adaa-43a4-8d57-19893668e301,91ff603347d3f90a,ATM-XZJD-8613,ATM,12761.35,2023-04-09 20:28:15.693637,28.169434,76.965608
e18f7925-406e-4d99-a27a-4fe1040cdddc,67b29c8559f11dce,ATM-PZOB-3925,ATM,25522.69,2023-04-09 20:10:45.472453,24.040625,86.806119
e57e5351-3eeb-4ed3-81a9-0e594be2b9d3,6da47df28d1aad11,ATM-RHCA-6491,ATM,25522.69,2023-04-09 21:12:46.938992,30.821877,75.797708
6b43e508-b251-45ae-8ea5-5b5d561f9406,c6add401e808d068,POS-CNWR-8756,POS,25522.69,2023-04-09 20:33:07.099703,28.562635,77.418156
9c638613-1f80-424e-85e3-8f504163cd02,4ea91a930097779c,POS-NHCR-1124,POS,8507.56,2023-04-09 20:49:36.705649,24.240008,86.263642
380690b9-4438-441c-9fdd-980e27574231,c3f72c30b76aac18,ATM-MPGU-5595,ATM,8507.56,2023-04-09 21:02:42.187920,28.509473,77.351304
085aa298-4ff1-45e3-abcd-84afe3dc1cb7,99a3e1da6dbb6224,ATM-JCNC-0777,ATM,17015.13,2023-04-09 20:38:20.595179,13.105222,80.241734
140e3164-9c5e-4b00-a859-e8c47f18f113,33522c9bdbaf3bad,MIC-LKPB-5503,MICRO_ATM_CSP,5671.71,2023-04-09 20:16:48.712144,13.096738,80.201309
37f97c2c-642d-4309-a805-0da5a915e46c,c3f72c30b76aac18,ATM-SRXU-3445,ATM,5671.71,2023-04-09 21:00:10.197460,28.549938,77.401508
06af267c-9a48-4030-8eb4-4a23b99854c2,94fdc6b8e876af4b,ATM-ZROA-7835,ATM,5671.71,2023-04-09 20:22:37.719591,28.496278,77.401125
d2bb0d4e-7d9d-41ea-ad65-5293f8b1484d,4214d918811a3778,ATM-QNTA-9462,ATM,8507.56,2023-04-09 20:10:18.929410,24.124506,86.278131
1ce3dcb2-84a2-4ea5-9f8a-aad7442f9549,94fdc6b8e876af4b,ATM-MSRJ-8679,ATM,8507.56,2023-04-09 20:50:38.481407,28.484274,77.397253
bd31e58c-f865-4a9b-9e43-6341595ff02a,952daf51a91e8b31,POS-CUQU-4851,POS,17015.13,2023-04-09 20:28:36.470956,23.93991,86.846275
5ae26d6c-d093-48b2-9301-dbadb5598942,25b04eca97925f46,MIC-QSXB-7491,MICRO_ATM_CSP,8507.56,2023-04-09 20:25:53.174344,24.149661,86.27155
cd777741-8b17-4bed-b0f4-60c1d5fb6267,4214d918811a3778,ATM-ZFSA-5430,ATM,8507.56,2023-04-09 21:15:04.161583,24.136438,86.388606
489451eb-23b3-44f0-b5b0-f94fb382c9cd,5f314f6228b18b11,ATM-GMRM-8397,ATM,149738.68,2023-08-04 02:57:46.192951,24.23683,86.173803
86c66070-eadd-429c-b613-f5aa0449fd66,c00017baec900020,ATM-SAVI-1266,ATM,149738.68,2023-08-04 02:46:52.543231,24.185174,86.347962
3323e501-0a36-469a-ae9c-d179487f45c6,7fe57d0ff66463b7,MIC-AOOH-7079,MICRO_ATM_CSP,21622.41,2023-11-25 04:20:18.044185,22.51622,88.486229
713c6eb5-9278-4076-a61b-29d688198106,e8c8577ea9141637,MIC-OVZN-0692,MICRO_ATM_CSP,21622.41,2023-11-25 03:39:24.457874,28.557064,77.332293
d3a9c384-61c1-4aa9-96ab-bbcc0af2c824,36743817547696c9,ATM-OAAK-1147,ATM,43244.82,2023-11-25 03:22:57.740456,24.023579,86.778534
1a18c9df-e852-4b1e-b4d3-ef61b7fd4797,6da47df28d1aad11,ATM-RYEN-9964,ATM,21622.41,2023-11-25 03:48:54.052205,30.987638,75.803677
14b04bcc-06fc-420c-923f-27c9dc52c88b,c08d00055da1c6f6,ATM-ZMUK-3332,ATM,21622.41,2023-11-25 05:08:52.855286,28.1081,77.050693
10e5f726-f808-49d2-95d9-5f5167eb8e54,022fec248c97806e,POS-NVUB-1617,POS,77269.87,2023-07-14 01:27:17.076427,24.126458,86.381846
e3fa7ecb-4cd7-4158-9380-887fb0b54dfa,8c8e8c2707466b4c,POS-CZZC-4774,POS,38634.94,2023-07-14 01:47:35.906776,24.16615,86.235756
deacc200-a94d-4a44-9a0a-080bb7131032,4c33d093c4bea6f0,MIC-URGD-4846,MICRO_ATM_CSP,38634.94,2023-07-14 01:26:24.775185,22.606271,88.37189
3b737df1-e085-40df-8a1a-e8f30d1bc398,25b04eca97925f46,MIC-LHMM-5795,MICRO_ATM_CSP,23817.52,2023-09-18 11:10:29.451124,24.150817,86.337013
ab770363-beac-4c4d-843d-cffe97e389ee,15bc62bab6812a87,MIC-ESJV-5938,MICRO_ATM_CSP,23817.52,2023-09-18 11:08:10.114677,22.645682,88.357149
e976a1c4-62c8-4318-b9e8-05e7bc510790,2c66670eaef4dee4,ATM-UNMZ-1892,ATM,23817.52,2023-09-18 11:57:40.904005,30.841833,75.940286
ef2e5a9b-2b13-40ca-8bf8-789677fb5685,522a65badd42c641,ATM-WNAV-8304,ATM,23817.52,2023-09-18 12:27:57.866773,24.22982,86.25128
fe7c51c7-fd1e-4767-982e-4e953e9cfe11,f8e2a6843d0b843b,MIC-JRJE-7819,MICRO_ATM_CSP,23817.52,2023-09-18 12:25:54.540867,30.933427,75.939287
2dd3e9d8-4005-4ffc-aabb-b264bc8820aa,69ba46e56681a663,POS-VUEL-0836,POS,23817.52,2023-09-18 12:20:22.798551,24.030712,86.744758
00421349-54d4-4e04-a41e-7fb8c97ff17a,095c1c65e3981f27,ATM-PRPB-7226,ATM,23817.52,2023-09-18 11:24:46.189022,23.966767,86.757392
69af9a7f-9a2f-4a43-97e7-0cf2c4c23840,d1834d35c9ee5ba3,ATM-GQNM-4092,ATM,23817.52,2023-09-18 11:26:17.641549,28.179751,76.986575
cc51b0d1-bdd9-4367-ab64-d719946bcd3b,b964ddc6afc6741d,ATM-KXTC-3932,ATM,23817.52,2023-09-18 11:22:53.348064,28.112864,76.958594
c3fe36b3-aa12-46d4-a4e7-55473cc1155b,ae35003a1df2f0e2,MIC-TQBT-3244,MICRO_ATM_CSP,23817.52,2023-09-18 11:44:52.227949,28.517731,77.315804
26b00994-a535-4b01-b828-dc506172eede,73fce4396c794458,MIC-VTYC-3925,MICRO_ATM_CSP,23817.52,2023-09-18 11:23:50.047983,24.087105,86.326176
9a5b71db-42da-4499-9139-897f65f4f99a,562772d2f729f0a9,ATM-JUWB-9920,ATM,23817.52,2023-09-18 11:21:08.054095,30.88215,75.859386
67e0a5fb-0dd0-4902-865b-8a0f1bfebcf0,98768ceed9627cfa,ATM-FICW-3825,ATM,25240.68,2023-02-06 15:32:41.928438,23.918303,86.803099
84813f10-f295-491a-bfd9-801547a3ba58,095c1c65e3981f27,ATM-RAPO-4276,ATM,25240.68,2023-02-06 15:29:50.263748,23.931491,86.763811
245a8dc9-3510-428a-b0cb-af7996854cff,4a2108204892de8a,ATM-LYUD-7302,ATM,25240.68,2023-02-06 16:45:23.293034,24.049818,86.83215
f19306db-c30e-4b62-b15b-b123d4e5f780,98768ceed9627cfa,ATM-WWJP-5777,ATM,25240.68,2023-02-06 16:09:11.219176,23.92124,86.925244
b3ae156a-44bb-4ec7-8c45-d9470eb1ca64,aefb9520732cf5fc,ATM-RLAT-6390,ATM,50481.36,2023-02-06 15:40:29.199511,22.514038,88.459588
cd15716a-fbce-4a8e-ad5e-c189827b0faa,c527c012113fa811,MIC-ESGJ-5284,MICRO_ATM_CSP,50481.36,2023-02-06 15:33:17.370604,24.20257,86.26593
d4a99aa8-5f4f-4c35-bff1-f5f8d586cead,c08d00055da1c6f6,MIC-HLIX-4867,MICRO_ATM_CSP,50481.36,2023-02-06 15:31:36.467036,28.051707,77.043908
95286b6a-9d4c-4f26-8fa0-a483c12d32f4,394194a39a57bcc6,ATM-NPKD-6510,ATM,50481.36,2023-02-06 16:10:44.234961,22.63927,88.295229
2a2693cb-f3a1-4c0b-8894-ffbaf20d57f5,735d7382bc84f337,ATM-EDNU-1218,ATM,16827.12,2023-02-06 16:01:49.727094,18.984498,72.889832
66c129f6-63ca-46f7-9fbb-793ac3fce149,2119af9683bba04d,MIC-GSXG-4058,MICRO_ATM_CSP,16827.12,2023-02-06 15:46:39.977563,23.942778,86.82156
e7b3bee6-1f0a-4df5-878a-cd21fe28dfe3,56d780b6aabce5d8,POS-ROPE-6901,POS,16827.12,2023-02-06 16:15:19.463949,19.048868,72.809468
915fb939-6060-41ce-b215-9005a638c48d,d6be50cb8c586fce,ATM-GJQF-0376,ATM,16827.12,2023-02-06 17:37:26.101740,30.88994,75.929702
49c88ce1-1aaf-482d-bcc9-87029d0b37e1,6719077e3a6cd655,ATM-SYSX-9605,ATM,16827.12,2023-02-06 15:46:32.759224,23.966182,86.755345
059bc676-49dc-4935-b5bb-4be880ee18a1,3fd666dafcab0387,POS-RXHF-8016,POS,16827.12,2023-02-06 17:55:24.209101,30.951074,75.803113
c4126c09-8889-4095-ae1a-5106dd2001e7,249a5fdb3aa3e639,ATM-ZWHI-3913,ATM,75456.87,2023-02-09 13:20:23.425874,24.102031,86.288665
545dbe7d-48b1-43eb-b742-5b44f794b3b0,6719077e3a6cd655,MIC-IWYA-9939,MICRO_ATM_CSP,75456.87,2023-02-09 13:30:38.455814,23.926256,86.765326
243da666-2f48-4e26-b962-003c98ed1898,6719077e3a6cd655,ATM-FLTG-7369,ATM,150913.74,2023-02-09 12:46:47.439186,23.96585,86.849648
2d93acc2-f620-420e-b732-3d7a1938f7f5,3bd42b5cb95fedf9,ATM-KEAA-6046,ATM,26615.48,2023-12-13 13:19:29.274706,13.074049,80.239637
2083f998-04c8-4740-b7bb-d8b9fce174b0,d036df3044e9deab,ATM-QVGK-9697,ATM,26615.48,2023-12-13 13:15:07.303811,24.14372,86.291845
e12f13a1-686b-43a8-b8d9-9b9b9c984f31,e3af0705ba5a43fa,ATM-PRVY-6780,ATM,26615.48,2023-12-13 13:11:29.498160,13.057736,80.374155
1934535b-d7d0-4dd9-a025-5bcdf3a38ca7,77323791caaf34e8,MIC-DOAN-1282,MICRO_ATM_CSP,39923.22,2023-12-13 13:04:51.338007,28.627436,77.406972
83a58b0e-eb39-41d6-8de0-f455972fe515,c3f72c30b76aac18,ATM-RIHT-5854,ATM,39923.22,2023-12-13 13:18:44.142830,28.551141,77.39026
3e7ce147-02ea-4591-8fb1-34ae5c3de3cb,6da47df28d1aad11,MIC-LWEC-2359,MICRO_ATM_CSP,39923.22,2023-12-13 13:40:56.934614,30.902416,75.876305
28751fb3-c977-48e1-951a-71c682fe9f15,b92b6e9f899d8fd9,ATM-JFQH-2608,ATM,39923.22,2023-12-13 13:09:52.283837,22.62726,88.239055
2de3dbb5-fbbd-41d0-a10d-ef45910e46d7,0f39aa3b13e7e3c0,POS-GUWR-7696,POS,7958.65,2023-04-02 01:36:21.882666,30.787241,75.862391
9c905743-82a6-4785-b600-58b3243e5ef1,068cb231d039902c,ATM-KFAR-7816,ATM,7958.65,2023-04-02 02:06:41.688558,13.040783,80.177378
463e1dc7-42cd-4afc-b311-d247be7a2df6,0b2dda7d9fab34a2,ATM-GYRW-9331,ATM,7958.65,2023-04-02 01:59:28.800898,28.547552,77.421196
ede8d35f-5459-4f47-af7e-32362acf0a07,2c66670eaef4dee4,ATM-TTZI-7165,ATM,23875.96,2023-04-02 02:00:37.379842,30.873929,75.865853
bf923a76-4620-4908-a923-c30255b233d4,cfaa503a4b7ef3b4,ATM-YIVH-7829,ATM,5305.77,2023-04-02 01:16:41.467756,13.146804,80.262191
ba42e594-eb13-453e-b2ac-a588a0929aea,6da47df28d1aad11,ATM-CSBI-7003,ATM,5305.77,2023-04-02 01:46:53.103181,30.839835,75.90042
1494abea-7f36-4b3e-b3b2-49276457216d,c945f53dcac18889,ATM-HQUZ-0396,ATM,5305.77,2023-04-02 01:16:06.140459,24.178969,86.271724
d9f307be-a237-4dac-8d5a-84b6319c1d22,6719077e3a6cd655,ATM-HKBB-1083,ATM,15917.31,2023-04-02 01:24:40.314431,23.946327,86.800543
fd9db7c5-ad64-4e68-ab1d-2e190898cdaf,15bc62bab6812a87,MIC-FZYG-5481,MICRO_ATM_CSP,15917.31,2023-04-02 01:45:09.061878,22.492099,88.38018
8a4a9014-ea00-4adf-8955-8b45e26a433b,25b04eca97925f46,ATM-GFDI-1124,ATM,7958.65,2023-04-02 01:21:48.806814,24.210464,86.291464
20ac0d23-a692-4066-9079-2cc7f478a610,91ff603347d3f90a,POS-QOWA-9271,POS,7958.65,2023-04-02 01:52:58.974592,28.124523,77.043849
9f86334f-498b-44f3-8f9d-fcba9ccd364c,6cf7d73eadf5dbda,ATM-ZVCD-9673,ATM,7958.65,2023-04-02 04:22:46.711402,13.097329,80.238358
62ff39b2-628e-4776-8c1c-e11fc8c9f666,25b04eca97925f46,ATM-MGFJ-1407,ATM,7958.65,2023-04-02 01:42:37.609413,24.152304,86.400203
602993d3-973b-4916-ab4a-76a0b2241cda,10e4948592a3bbc6,ATM-QEMA-5381,ATM,15917.31,2023-04-02 01:44:09.171918,23.974296,86.808682
4c35eb4b-41a7-48da-9719-d323533c805e,78412091d3702307,MIC-NFBL-1691,MICRO_ATM_CSP,7958.65,2023-04-02 01:48:26.104703,28.140456,76.9837
199eb292-9c69-4234-b1f0-8295a60a9930,e1884fc3fe5d9847,ATM-UXFM-0772,ATM,7958.65,2023-04-02 01:34:30.800616,28.579237,77.375593
bf2dc913-583b-4333-993a-1e5685158c33,308677e52b368b05,ATM-WEGY-5170,ATM,7958.65,2023-04-02 01:26:57.098159,18.986342,72.875284
17df693d-6312-4c38-ac01-8ab596016e03,ce42adff5fb0bcc0,ATM-HMZP-9645,ATM,7958.65,2023-04-02 01:27:20.366780,24.146717,86.294007
319d3c1f-6334-4017-8f09-04c8b134cb34,76e37cd876827e1a,ATM-SRMP-5719,ATM,15917.31,2023-04-02 02:04:16.633055,28.098498,77.031291
4d8a5cc3-4beb-48ed-87c0-71fd33c67f2b,793bb65021361c99,ATM-ATAD-7672,ATM,11937.98,2023-04-02 01:12:33.380515,22.648911,88.402175
1e60cb79-cfa1-4884-9642-1af09913abd5,b8fbafa1b8d2fdba,ATM-KMSB-7159,ATM,11937.98,2023-04-02 01:38:43.719258,23.974168,86.821962
0b9e642d-6268-4609-8417-eab6aa7fda3e,bae8c9e755c32ed4,ATM-HILT-2825,ATM,23875.96,2023-04-02 01:15:08.795450,24.212555,86.370912
7a9c03a8-4ade-4ec7-821c-4973e0b987e7,ce42adff5fb0bcc0,ATM-LWQG-1991,ATM,15917.31,2023-04-02 01:19:16.838419,24.221699,86.21319
0a47bf37-e526-40eb-965e-988c39ff6db7,e1884fc3fe5d9847,ATM-DKQJ-7273,ATM,15917.31,2023-04-02 01:11:12.639037,28.489482,77.443853
1eb30486-c22b-427b-8755-e1757470f515,25b04eca97925f46,ATM-NPPG-3865,ATM,15917.31,2023-04-02 01:17:39.235390,24.209658,86.369773
86b6ee3e-e4bf-4130-9412-1c319dc4e264,2647f966c1839f83,ATM-SFSD-4774,ATM,63106.61,2023-12-22 06:11:49.161822,28.115078,77.021647
608c2274-a697-4287-9788-f6581a61df57,2bc3bef98dc93ad5,ATM-KTOM-4446,ATM,63106.61,2023-12-22 06:28:27.934700,24.130744,86.243741
23f95742-6602-484e-884a-0c3903145eac,e80ae379760509e4,ATM-SABF-9971,ATM,63106.61,2023-12-22 06:40:32.811709,12.969214,80.368052
6699dbd1-20c8-449b-90a5-15dcc779a50c,2647f966c1839f83,POS-JVRF-8394,POS,63106.61,2023-12-22 06:12:29.555507,28.013552,77.011721
7dcbd5ae-004f-4a12-8213-497dbf1c90dd,2647f966c1839f83,ATM-STAQ-5755,ATM,63106.61,2023-12-22 06:47:48.790394,28.144998,76.959791
15e5d9e5-d2d4-4fc4-ab7a-51a6308362e0,0c7d0bd91be18aaf,ATM-SBRW-0581,ATM,63106.61,2023-12-22 06:29:04.277213,28.171661,77.010244
84dc7766-3385-43d9-818a-d4377a357c3f,87cc051ae08428cf,MIC-RZPQ-2760,MICRO_ATM_CSP,355603.1,2023-09-06 19:38:03.679753,24.13899,86.26543
985713fc-88d6-453f-89d4-5ee7bcf398ec,522a65badd42c641,MIC-BTBD-4203,MICRO_ATM_CSP,9282.47,2023-12-22 01:54:54.378122,24.092447,86.317603
daa7fb68-2ca7-4b2e-8b65-b60598c74972,c44d8338f95263f6,POS-KFFX-2017,POS,9282.47,2023-12-22 01:34:39.997495,22.583528,88.44724
95028d06-83ed-4b0d-b56f-983b417364d4,25b04eca97925f46,MIC-BYGH-8469,MICRO_ATM_CSP,3094.15,2023-12-22 01:46:58.639581,24.19877,86.326549
8723fb9b-d9ce-41a5-9040-f4c5b2d654a6,7dfe46ee8d6ea258,POS-WGIQ-7593,POS,3094.15,2023-12-22 01:45:11.751258,24.278796,86.330138
55d2213e-ca3d-4bf3-80d8-090fe464949a,7dfe46ee8d6ea258,MIC-HUWF-7538,MICRO_ATM_CSP,6188.31,2023-12-22 02:55:22.396254,24.170826,86.300676
ef218517-1829-4f0d-946c-2846b0dded0f,218c5d6d080619a2,POS-KAWG-3874,POS,6188.31,2023-12-22 01:39:54.502075,30.865124,75.854972
3070ed1b-069e-4e3a-afd9-f809b8cbba0c,a77e1110504ea4de,ATM-MBKR-9015,ATM,2062.77,2023-12-22 02:09:23.079004,24.188913,86.28529
03fbc369-98d6-400a-8af6-0155974e01bf,96739c6dc7f02b5f,ATM-MUQR-6086,ATM,2062.77,2023-12-22 04:07:58.015525,30.911888,75.785522
c9cd5f44-fb83-4109-b005-25356f302c36,3c231657faa5d04d,POS-QDYF-0716,POS,2062.77,2023-12-22 02:34:09.017912,28.631963,77.385862
5ecc32af-301e-44a5-b5fd-b28cf10324d9,4bd8066a7ff43612,ATM-UFQO-7482,ATM,2062.77,2023-12-22 01:46:05.784933,13.083797,80.340048
983cc703-0a76-43f3-8795-3f0c2c3c13f6,394194a39a57bcc6,MIC-PBTE-3914,MICRO_ATM_CSP,2062.77,2023-12-22 02:08:11.999909,22.59992,88.345873
f2b71c58-6f37-4e6a-a6e8-45bdf01e6232,9a60683f9a45ddf7,ATM-IZZW-5916,ATM,2062.77,2023-12-22 01:40:15.206980,23.946506,86.86664
186784cd-88c1-4f06-bafa-d9cdc30a7cca,5ab65182c5db6734,MIC-DDYO-6988,MICRO_ATM_CSP,3094.15,2023-12-22 01:51:09.687202,13.142474,80.247875
284bd99d-7594-4da1-a9de-babeefbafa84,7aced6cb9bbebdd4,ATM-ITAB-2594,ATM,3094.15,2023-12-22 01:50:33.566190,22.640569,88.295489
3747080f-3f58-43a0-801c-5f10120f503a,a34eda124c7becc8,POS-ORXM-8447,POS,13923.71,2023-12-22 01:23:57.302937,19.151462,72.896806
b6f38597-c565-4e09-adc9-1aed823829c8,0f402318041204af,MIC-TJBW-8863,MICRO_ATM_CSP,13923.71,2023-12-22 01:47:29.207715,24.262234,86.334667
f236ec0a-16b8-43f1-be2b-90a6a861c200,294ec3fd70711bd7,MIC-FRYD-6931,MICRO_ATM_CSP,13923.71,2023-12-22 02:01:41.726155,19.055997,72.874945
dc99b685-9997-4df8-b9dd-09d35cceb244,07e0cebd234c62cb,ATM-PHNV-7765,ATM,13923.71,2023-12-22 01:27:08.111693,24.176668,86.270335
55ac6d61-5bf6-44cf-a6d2-6a1248c84c9f,110ff49da0eee279,ATM-JBPT-5149,ATM,184851.69,2023-08-12 12:53:45.422601,28.10817,77.001115
aa311b64-8ac7-46e9-900d-08e04cef1498,c5ed1a30cccb44f4,ATM-ROEW-0832,ATM,82073.01,2023-12-31 03:11:38.050795,24.130951,86.251894
2eb4759a-1893-4207-862d-ac22906071ef,6c5210044e8bd8d5,ATM-WNWF-8178,ATM,27357.67,2023-12-31 03:51:48.175226,30.845504,75.894901
48da0759-e152-41f6-805b-ba3ae50560de,25b04eca97925f46,ATM-GKXF-8203,ATM,27357.67,2023-12-31 03:17:47.745217,24.244781,86.305704
ab99dacc-032c-4102-8db9-96b08be5faea,93c4f2afeee071da,ATM-APIR-1390,ATM,27357.67,2023-12-31 04:25:21.708270,19.156235,72.858606
7021099b-9edc-4116-b615-89c518419532,800f97ed69d44439,POS-UJFH-0818,POS,18238.45,2023-12-31 04:02:49.588574,27.981208,76.965731
29dbcedc-507b-466b-aeda-c3c2c97ac659,6719077e3a6cd655,MIC-IAZT-2612,MICRO_ATM_CSP,18238.45,2023-12-31 04:21:55.443653,23.952174,86.764881
15136ce7-f480-4169-b701-53bbb170f297,18d4b8c5d301d3fc,ATM-JUEU-1398,ATM,18238.45,2023-12-31 03:58:32.345523,23.957068,86.841084
e90887d7-282a-4c8b-b7e1-245082fd9ec0,82952cb79d3f45d9,ATM-QALB-2765,ATM,54715.34,2023-12-31 03:49:55.542305,23.908172,86.8822
5e367838-1715-4af8-9937-3758ac9b97ac,6db4b99434e0bedb,MIC-KFZO-5251,MICRO_ATM_CSP,27357.67,2023-12-31 04:53:06.209276,22.67168,88.45101
ffa780e3-d82b-412c-bdb5-4679e7374ee3,b15f4e8b57339c3b,ATM-PYWY-8368,ATM,27357.67,2023-12-31 03:20:37.158458,28.445633,77.363579
1da5d652-60d8-469e-983c-fccb26974d6b,78cfb5c38ee21247,MIC-JDGW-2974,MICRO_ATM_CSP,211745.43,2023-08-21 02:04:02.474155,23.936513,86.741899
3efbe428-b40e-4bb4-be1c-ffbeffad20d8,15bc62bab6812a87,MIC-TJRA-7687,MICRO_ATM_CSP,211745.43,2023-08-21 01:52:32.867464,22.519574,88.318284
a8aa8dab-cc27-44fe-a28d-2f508148bcef,25b04eca97925f46,POS-KXKO-1938,POS,87493.38,2023-08-30 04:09:27.943238,24.235599,86.401671
96dfacb1-b60d-4ed6-97bf-149f8fe04dca,38fd75ab3f30c2f6,ATM-JRCL-1057,ATM,87493.38,2023-08-30 04:58:23.483029,24.049147,86.830352
9734de48-2ece-4594-9b03-84f968e56579,4bd8066a7ff43612,ATM-KZCX-0979,ATM,87493.38,2023-08-30 04:03:47.342293,13.119808,80.306056
7e42170e-6073-4401-96a5-5aba41083aeb,9a60683f9a45ddf7,MIC-FURB-8327,MICRO_ATM_CSP,87493.38,2023-08-30 03:45:37.659932,24.008718,86.758118
10ef7fde-393e-46f7-a14f-ed2037730b02,bf83fdd147835180,ATM-JZIT-5789,ATM,188071.51,2023-07-12 21:58:55.971109,28.592545,77.322807
351d1a75-a2a7-44fe-a908-f545d406e531,d9956ae44079537a,ATM-YIKQ-9637,ATM,27230.84,2023-05-14 14:59:20.651738,30.980638,75.806425
bac9f8d1-f535-4e11-8304-0acb96114643,ce42adff5fb0bcc0,MIC-UCRJ-1854,MICRO_ATM_CSP,13615.42,2023-05-14 14:48:59.256176,24.146982,86.214345
065e7f50-55e5-4b71-a87e-5f0bf68efefe,43b282632be789d4,ATM-JHCD-2342,ATM,13615.42,2023-05-14 15:06:53.777003,13.063179,80.281836
7a6babd5-decc-4203-b33d-a9c83228eea0,20d1004be5275449,ATM-ITXS-9737,ATM,54461.67,2023-05-14 15:20:18.759051,22.644076,88.348645
49108602-b50b-41d7-be7a-f27773ebc2b3,91ff603347d3f90a,ATM-EZPU-5378,ATM,43633.39,2023-01-26 02:35:08.242005,28.203585,76.950505
e5f7c55d-34bb-4530-a278-d30a9222a687,2caa43907a3f59bb,POS-DRHF-3713,POS,43633.39,2023-01-26 01:57:58.347673,28.499153,77.36058
63ed6685-7fdc-406b-bba0-c51286b638a5,91ff603347d3f90a,ATM-AMVU-0166,ATM,43633.39,2023-01-26 02:11:32.651175,28.067422,77.050727
f28ef2cb-9247-4fba-b362-6fbffc8537d6,4346536ee04363c3,ATM-XLKG-4611,ATM,43633.39,2023-01-26 03:07:30.622350,22.584752,88.371979
72cc88da-1001-458c-91d2-ce691b1e37f9,5388feb4869a504b,ATM-EWLD-1843,ATM,43633.39,2023-01-26 02:07:10.676432,24.024461,86.850962
452b7cf8-1601-40aa-81f0-c52ed7053e8b,69ba46e56681a663,POS-YQID-8302,POS,14544.46,2023-01-26 02:39:41.386997,23.955246,86.823447
44b64721-a54b-4216-8a65-aa407eeaf5cb,0766e1d476d3074f,ATM-LOAS-8679,ATM,14544.46,2023-01-26 02:32:24.082028,28.580807,77.432717
70086919-f392-4561-a23d-f23ba8a10ce7,15bc62bab6812a87,MIC-FWNM-4492,MICRO_ATM_CSP,14544.46,2023-01-26 02:15:33.513406,22.461734,88.381448
0a159a38-e61b-4bb6-92e0-d2336544deba,edaf410540b5230f,ATM-PEXD-6411,ATM,87266.77,2023-01-26 02:39:26.533856,23.959268,86.843337
61e15400-2eef-4e55-9f5d-6b5646e963ce,7fe57d0ff66463b7,ATM-SBWE-3116,ATM,13191.03,2023-10-12 11:30:08.026210,22.63622,88.41622
a035d18c-2226-4c7b-92ae-446d34c2035e,fed6a0b55d80fbac,MIC-EXDB-7134,MICRO_ATM_CSP,13191.03,2023-10-12 11:50:41.010884,28.036196,76.931901
6d404e82-b223-4ecc-a1d1-090dc571c0f6,73c1232d5b4b4de7,ATM-PRCF-6608,ATM,13191.03,2023-10-12 11:08:04.520933,19.04669,72.891575
123e802c-dadb-4148-9c8e-fef2f558910d,562772d2f729f0a9,POS-SIZD-3083,POS,13191.03,2023-10-12 12:03:17.788332,30.956663,75.8425
c9cdeef9-859e-4b77-927e-89b44f3be4f9,fed6a0b55d80fbac,ATM-WDSO-5932,ATM,52764.14,2023-10-12 10:59:03.249966,28.072234,77.050846
8f284f05-c5f0-4a87-9c6f-6aa976c09c91,8b2f80b612ad4abe,MIC-GMPB-7443,MICRO_ATM_CSP,13191.03,2023-10-12 11:08:43.629499,30.884276,75.874199
6070edc8-88d2-46b0-a2c9-cb2472c4ed9e,7fe57d0ff66463b7,MIC-TBEA-0434,MICRO_ATM_CSP,13191.03,2023-10-12 11:15:56.632729,22.570961,88.325584
05975328-7431-434f-a40d-098205f744f9,7fe57d0ff66463b7,ATM-CTGJ-6208,ATM,26382.07,2023-10-12 11:50:00.696903,22.536546,88.303736
a05715d8-a03a-423c-b784-9bf82e5b4d72,a8db324facfdb708,ATM-ZOAF-1199,ATM,26382.07,2023-10-12 11:24:21.465428,28.593781,77.36847
a1a6b071-5224-4629-a703-bb01b718e789,a8db324facfdb708,ATM-NISO-7227,ATM,26382.07,2023-10-12 11:06:16.195345,28.495576,77.300385
1419761f-d0c8-43b7-9058-3e993e826d29,ce42adff5fb0bcc0,ATM-RBLN-6664,ATM,26382.07,2023-10-12 11:10:16.247055,24.0963,86.244903
eeec13e8-fc70-44c2-ae24-9d5b6ed676dc,cb9fa8bf15d4a4db,MIC-JDHD-1271,MICRO_ATM_CSP,8794.02,2023-10-12 12:51:04.143230,24.211235,86.302446
29872263-6e60-4969-a1b0-aa6bc119be43,47dbc2f354f604d2,ATM-MJVC-7472,ATM,8794.02,2023-10-12 10:59:30.496750,28.095154,76.953307
a55b31cc-b4fd-4f0f-9e18-696fb41a246b,9b32e2cba3851a8d,ATM-WKEF-1166,ATM,8794.02,2023-10-12 11:10:39.042226,24.100483,86.262783
45da3403-fd39-4663-b4f9-77ec40c0119d,6877ffca8e5a30eb,ATM-XDVN-8142,ATM,52764.14,2023-10-12 11:17:40.891412,24.177872,86.335536
c30e60c8-775a-4031-92a8-d72d54da0c59,b54aa42950315b45,ATM-VTSS-8217,ATM,52152.28,2023-01-22 10:37:30.385072,30.920586,75.819676
1b0ccfb9-addd-4a21-9930-c22866c1b3a0,b54aa42950315b45,POS-SCRV-3052,POS,17384.09,2023-01-22 11:11:45.721567,30.892686,75.821219
fb4a5e28-f9c5-4b53-a36c-b7dad439acd8,400a95ae23792cbd,ATM-NKRE-7332,ATM,17384.09,2023-01-22 11:09:10.589691,28.128826,76.997011
6d9f3cd1-6721-4270-b98c-43006b7dc817,294d95c2e507b44d,ATM-HQIS-0140,ATM,17384.09,2023-01-22 10:35:25.467526,30.841299,75.84875
c59084ba-d676-4925-8d3e-e0ba7292a504,b54aa42950315b45,MIC-UMQX-0937,MICRO_ATM_CSP,17384.09,2023-01-22 12:00:09.557473,30.895354,75.832869
b635c4b9-fb72-4e9e-80aa-2d793cce58eb,0c7d0bd91be18aaf,POS-UITG-4455,POS,17384.09,2023-01-22 11:18:14.656945,28.086083,76.988473
fe9cf958-9ad3-48a1-8814-1634a38d17a7,2647f966c1839f83,ATM-UQGT-5294,ATM,17384.09,2023-01-22 11:21:19.508785,28.117549,76.9473
8d4298d9-9007-4257-bfea-572da20cb5fc,6da47df28d1aad11,ATM-LWHI-6750,ATM,26076.14,2023-01-22 11:28:28.818291,30.859619,75.867972
a43b8e46-604b-4694-babd-17b7441b58a4,0bd8573ba3901c0d,ATM-EPOY-1643,ATM,26076.14,2023-01-22 10:52:23.037239,30.918945,75.90793
649aef16-04ee-42a6-be5e-dbb045079535,8cd344c9dfe0dd5c,MIC-MGWN-4816,MICRO_ATM_CSP,26076.14,2023-01-22 12:02:36.291855,24.078819,86.83877
24574d65-4f40-42d2-9712-8f4bb45e2aa8,ba7b0c09f0862541,ATM-IBKL-7259,ATM,26076.14,2023-01-22 12:42:12.485145,24.142774,86.353333
8651d0d4-866a-40f1-b8df-f0f578a691e9,6da47df28d1aad11,ATM-KYOV-5611,ATM,26076.14,2023-01-22 10:33:51.432442,30.868848,75.821788
37669870-8afb-4a8c-9a77-ee287611566f,735d7382bc84f337,ATM-OWRC-3834,ATM,26076.14,2023-01-22 10:39:44.898958,19.014525,72.905571
949cb178-e5c7-4841-868c-71713dba52f2,6ccfba4193d971a0,ATM-AZYD-3698,ATM,19395.27,2023-06-12 16:58:49.486675,24.228776,86.293869
27db5d30-7591-4784-a763-dcee721aa5b7,0bd8573ba3901c0d,MIC-MYQG-9438,MICRO_ATM_CSP,19395.27,2023-06-12 16:44:01.463964,30.884025,75.885309
58f4a6dc-0bfd-449b-9846-77769a2b1336,1b31c8b8b88df13f,ATM-FIGC-8082,ATM,38790.54,2023-06-12 16:41:10.193721,28.601272,77.504626
b243a4d1-129d-4eeb-8c9f-9ae5b7fc7a02,044beed55d80dc2b,ATM-JLTT-6132,ATM,38790.53,2023-06-12 17:13:25.188251,24.247756,86.267786
025349a0-96bb-4307-b35e-92f745591fc4,f49ea4ce91fb5dd8,ATM-VMGX-5885,ATM,19395.27,2023-06-12 17:21:50.531250,22.635425,88.419973
b48f6e41-1c7a-4a57-baa1-f609488505c0,044beed55d80dc2b,ATM-LMXW-2196,ATM,19395.27,2023-06-12 17:11:07.468313,24.273952,86.327423
f42cf3b6-27ab-4d53-a4f0-d2162e5c7e11,dd9de6b05ff51602,ATM-BVLS-5432,ATM,9697.63,2023-06-12 18:00:34.707690,24.198769,86.31895
5048507c-be53-4f6f-9973-d46c7e461f98,afb6585a70966e66,ATM-XVLC-5494,ATM,9697.63,2023-06-12 17:28:14.010556,28.531447,77.287715
16677f9f-138f-4763-84f6-0ff605a46ec8,5f314f6228b18b11,POS-GZGQ-5501,POS,6465.09,2023-06-12 18:12:35.104236,24.187648,86.315318
834982d8-8dfd-4fe2-888c-cf18f9117cbe,095c1c65e3981f27,ATM-RMTD-3502,ATM,6465.09,2023-06-12 16:48:31.405695,23.865738,86.784967
be948df8-6f8d-4bcf-83a3-051557006a5d,8595d99a4d487472,ATM-UHEA-4965,ATM,6465.09,2023-06-12 17:07:38.997892,28.574951,77.434967
82081c9e-89b9-4432-968f-d247ad3afe8d,3df284a919e148a8,MIC-JMNH-7383,MICRO_ATM_CSP,12930.18,2023-06-12 16:38:56.782703,22.695243,88.415718
43c989fe-460f-4712-a10d-2a07b0f3397e,1b6df1573ac24ffc,ATM-KWEK-1725,ATM,12930.18,2023-06-12 16:51:51.372372,30.948629,75.875585
0fe0ed11-1ebb-46e7-9a5b-8babdcfdb428,25b04eca97925f46,POS-OLKX-4362,POS,12930.18,2023-06-12 16:59:40.531982,24.257435,86.310625
7524bcd7-df70-473d-a21f-f4309ba5e3fb,e15635324afef7f6,MIC-NUNO-1935,MICRO_ATM_CSP,63768.21,2023-03-01 13:53:22.679554,28.537778,77.438228
6a7eae6a-6f44-4199-a215-0f0325c86fc2,82040f84c6d17a60,ATM-PPEW-9741,ATM,63768.21,2023-03-01 13:29:34.863034,28.605528,77.397539
9d050b39-8921-4733-bc6a-9a6c26c606f9,82d88b69efcf73c2,ATM-KMAK-9245,ATM,63768.21,2023-03-01 14:00:35.721319,28.152352,76.970906
09779724-a8dc-480e-a96d-620c3f582c3a,4b2f70600e0981d6,ATM-VXEX-1480,ATM,95652.32,2023-03-01 14:34:40.117777,28.550061,77.429627
a3f43ef3-bb11-4d15-a8aa-792f283f1e98,72757e65d62df2f2,MIC-FDXB-5110,MICRO_ATM_CSP,95652.32,2023-03-01 13:58:54.663287,30.978902,75.796338
f26f0bb5-6736-437c-bcbc-963783d9faba,1b31c8b8b88df13f,ATM-MQTN-6729,ATM,3901.48,2023-07-18 02:34:32.462771,28.53896,77.292663
18588546-1603-4a86-9afc-69f969c55bb2,2340f46458879cfc,ATM-ECVC-1530,ATM,3901.48,2023-07-18 02:36:33.468079,28.527504,77.499867
a4408848-58e9-4a9a-b094-5602070cd771,25b04eca97925f46,ATM-DCHD-7198,ATM,3901.48,2023-07-18 03:27:31.310820,24.143875,86.277353
196835b8-e916-44f0-b49b-1cbd45472711,f21c8fbd73df9e0e,ATM-UPMV-4435,ATM,3901.48,2023-07-18 04:03:38.093688,22.636405,88.367235
71513c02-dc84-4ec2-9e02-5f0aef00a91b,9f2c367e9ecb304a,MIC-FLNP-7893,MICRO_ATM_CSP,3901.48,2023-07-18 02:55:45.195074,23.903472,86.900893
f2b3067d-62c2-492f-a2b4-b94622d5d618,4214d918811a3778,ATM-VQHD-8407,ATM,3901.48,2023-07-18 02:56:40.060435,24.159928,86.38357
bc194dde-8aa4-498c-9323-f9bf413545d6,6719077e3a6cd655,ATM-JBAV-9232,ATM,8180.0,2023-02-15 14:54:23.037570,24.00439,86.800461
da23cbca-d06e-4562-a48c-8b85432a8106,83537c7c9fe41c3e,POS-XPBU-0084,POS,8180.0,2023-02-15 15:03:00.796888,23.959567,86.864917
95997365-b602-452b-8475-f3a4e02121da,90ccc2d3d41485de,MIC-SYLL-7785,MICRO_ATM_CSP,8180.0,2023-02-15 14:45:45.173613,28.075597,77.015187
3fd7eebb-22b4-453f-9e3e-9376c97691ad,1e8b570b4f4e8db8,ATM-YVKE-0053,ATM,12270.0,2023-02-15 15:06:01.512363,22.585902,88.430901
51f7e73a-6e28-41d6-a79d-3fc7ed2c9586,392ff47fb759eb21,POS-THIH-9461,POS,12270.0,2023-02-15 15:27:43.728678,28.517975,77.336748
ccd26204-0861-475a-a767-eca956d33d95,36ebcda7e8ca8c5d,MIC-XSQR-7982,MICRO_ATM_CSP,16360.0,2023-02-15 16:13:05.416241,30.977022,75.879083
838492df-194e-41e6-b97b-265a33239caf,450ed2cd4f37f2a0,ATM-RRIN-8218,ATM,16360.0,2023-02-15 14:56:51.404121,19.118991,72.895546
ca71851f-f587-4345-922e-8824a12adc80,450ed2cd4f37f2a0,POS-NOYI-1745,POS,16360.0,2023-02-15 14:50:28.941941,19.098097,72.896341
1b2e2780-c16c-4267-85ba-26dd470f3db1,05d9cb0a7966aa7b,ATM-YSHK-5449,ATM,35176.11,2023-04-27 02:45:35.114391,28.200991,77.01601
d3a192ad-e7fc-4872-8bd5-222a57b51def,d9bcc83f674275e1,ATM-FJSM-9518,ATM,35176.11,2023-04-27 02:04:07.447005,19.008007,72.873183
c82f06ca-90a7-4f79-ad3c-f32e390726cb,540d6d34de564912,ATM-VLIQ-1533,ATM,35176.11,2023-04-27 02:43:43.730624,30.918819,75.851297
0934165b-3059-4321-90b2-d100361be67b,9b4705a5a1cd1e5b,ATM-AYOJ-8095,ATM,52764.16,2023-04-27 02:00:45.958357,22.510364,88.35849
3e8e225e-02c6-4a9d-b0ff-47400ac74fbd,400a95ae23792cbd,ATM-OTHD-5370,ATM,52764.16,2023-04-27 02:48:44.161136,28.123176,77.049032
4d73609b-3284-4122-951d-3ffa4631bd7e,05d9cb0a7966aa7b,MIC-DPMH-7363,MICRO_ATM_CSP,35176.11,2023-04-27 02:10:20.971154,28.163266,77.035054
6a8a041d-0b21-4ba5-96d2-b8c669506d87,095c1c65e3981f27,MIC-CQQW-3385,MICRO_ATM_CSP,35176.11,2023-04-27 01:58:27.318900,23.997481,86.771942
621ed2d1-ff97-4929-990f-4934f42a0eee,90ccc2d3d41485de,ATM-IXZE-4854,ATM,23450.74,2023-04-27 01:58:43.117526,28.144237,77.058148
66bb3de3-8e87-454b-9943-93726f997be3,f253d605f12974cd,POS-ERAI-1151,POS,23450.74,2023-04-27 01:35:15.955853,24.132476,86.338571
59517806-da35-472c-aefb-4e1a9795b131,540d6d34de564912,POS-GHTD-5380,POS,23450.74,2023-04-27 01:32:57.585554,30.957634,75.887637
85657204-a569-4d7f-884e-d7bc4c15de8a,3a7a7ffa6de3098d,ATM-QTPD-2652,ATM,35176.11,2023-04-27 03:10:33.116865,28.09,77.049477
60a50797-7bb5-4cfc-ab79-a31173ea30f4,a1c22d172367ec5f,ATM-AZTP-8316,ATM,35176.11,2023-04-27 01:51:27.595488,22.601767,88.347443
06fb18d0-bfc9-4824-bcce-ebcf2557d36a,6da47df28d1aad11,ATM-OADP-7331,ATM,345538.69,2023-03-13 20:20:17.440959,30.825647,75.806802
e7736142-5108-4d21-94cf-d780e2a2db7b,095c1c65e3981f27,MIC-QNCS-9242,MICRO_ATM_CSP,16659.94,2023-10-16 06:07:06.755579,23.966402,86.879637
63464f7e-a1c8-4050-9b24-1e50b22f4e1f,99a3e1da6dbb6224,ATM-VNRE-2828,ATM,8329.97,2023-10-16 06:31:36.655356,13.154465,80.30772
7d31e97d-00e5-4a1e-80d2-d745510f70ce,a277552d9784086a,MIC-JUVB-2418,MICRO_ATM_CSP,8329.97,2023-10-16 06:46:13.552740,23.959264,86.795853
2e79ec00-1f01-41a5-b04b-231e5a52cc11,ad5fe18df494f9d9,MIC-JGYY-5091,MICRO_ATM_CSP,16659.94,2023-10-16 06:04:00.946181,13.078016,80.298271
c285637c-0217-4af1-acf6-98fde0c55842,a277552d9784086a,ATM-DVWT-6922,ATM,8329.97,2023-10-16 06:14:08.451495,23.952375,86.884895
01cb01b6-5dc6-4971-820d-b68b5a18ebb1,ad5fe18df494f9d9,MIC-FNPP-0469,MICRO_ATM_CSP,8329.97,2023-10-16 06:09:03.029675,13.034548,80.288127
fd268d94-d4af-4e59-b86c-5d5c2b499629,a34fc46ca7398755,ATM-DYLJ-4239,ATM,16659.94,2023-10-16 05:53:27.810968,28.063733,76.967421
ccbf020d-dd2b-49a6-8406-7c871807b7c4,65e22d42090564b9,MIC-FRPD-3643,MICRO_ATM_CSP,16659.94,2023-10-16 06:34:33.337176,13.069993,80.235568
41a854c2-ff04-4422-ab73-f1c5015221f7,c945f53dcac18889,ATM-LZGB-1159,ATM,33319.87,2023-10-16 06:14:12.902378,24.235573,86.200136
632b762d-d2ea-443e-ab03-097d2f53ac7d,7ed13f42d8359663,MIC-PBWS-2104,MICRO_ATM_CSP,16659.94,2023-10-16 05:53:16.615782,22.548169,88.326052
ca852d17-4614-4788-a548-9f86eeb4c2c0,1b5f2c835b89a1e3,ATM-NQNI-1794,ATM,16659.94,2023-10-16 05:53:25.499115,13.042615,80.306882
cb235c27-8d12-4329-b2f6-8d7bcec881e3,0f8ee466d63c1e84,POS-OAWN-6005,POS,11106.62,2023-10-16 05:58:03.082682,28.146998,77.058081
a52fa934-93ca-4c3a-96a1-8b2cc35fc3ac,028202be514e6b30,ATM-ZNQG-2121,ATM,11106.62,2023-10-16 05:59:06.436176,28.169867,77.020456
7bff343d-0c8c-4aa7-8e50-307576ceefa0,6877ffca8e5a30eb,ATM-AHXX-4806,ATM,11106.62,2023-10-16 06:00:22.272936,24.133283,86.27562
d26ceaa9-45a5-4f62-b11a-de779bae6fff,6da47df28d1aad11,ATM-UFPA-2199,ATM,270016.46,2023-02-10 16:18:31.215668,30.893403,75.808519
8b497122-0fd7-4429-b45d-114d5e99d0ae,cb9fa8bf15d4a4db,POS-RSGK-0314,POS,9255.19,2023-12-19 02:16:04.329826,24.213452,86.318309
52c55a39-31c4-45f1-97c6-121726ee7c0b,e5f265e3ef332cfc,MIC-RHEW-7369,MICRO_ATM_CSP,9255.19,2023-12-19 01:51:18.129872,13.100214,80.240821
c6bc23b1-cc80-453e-8425-806dd2eac825,f2096f718ea48500,ATM-AQLL-5617,ATM,6170.13,2023-12-19 02:17:45.165179,24.162143,86.278591
cdd6e794-b3bb-4048-abc3-300895d2904d,f79cd1fb09127f5f,ATM-GKER-8680,ATM,6170.13,2023-12-19 02:15:54.804876,30.857085,75.900061
b8f1d512-9a8d-451c-9bc8-012248b4db7a,5b56245ce0128a5c,MIC-BHNN-6966,MICRO_ATM_CSP,6170.13,2023-12-19 02:17:36.370205,30.886475,75.878018
298181d0-d36c-4e99-b523-9b3c7a3e09ce,f2096f718ea48500,ATM-RJUU-0080,ATM,18510.39,2023-12-19 01:50:50.561696,24.199391,86.196896
d0bbc636-4453-43e4-8d07-29cca12e8a34,ce42adff5fb0bcc0,MIC-YZZA-9117,MICRO_ATM_CSP,9255.19,2023-12-19 02:05:53.437063,24.224133,86.239681
e868016a-b40a-4784-abd7-43cb45d95874,c6add401e808d068,ATM-FXVK-8278,ATM,9255.19,2023-12-19 02:09:20.106875,28.535328,77.454015
1de2e944-f843-406c-b0cd-e5288878ed51,2647f966c1839f83,MIC-PBTA-6828,MICRO_ATM_CSP,12340.25,2023-12-19 02:12:11.855744,28.139348,77.06811
ac58c890-a9e8-49ea-8779-ffeff6fa9963,f79cd1fb09127f5f,ATM-OQKA-0858,ATM,4113.42,2023-12-19 01:52:19.649692,30.957931,75.871623
df8d1b89-05b9-46f9-905a-38e5108f599e,e3af0705ba5a43fa,ATM-YJES-4146,ATM,4113.42,2023-12-19 02:01:53.383118,13.071607,80.237344
e69c10f5-ba89-4a13-bfd9-f2cd5d4ce8ef,6a6e914928a94ec7,ATM-DYRT-1308,ATM,4113.42,2023-12-19 03:15:16.034188,28.161945,77.052403
d4e335b7-1f1b-4799-af08-ba0acf76337b,f716e35638c3dd12,ATM-XQON-4885,ATM,24680.52,2023-12-19 01:55:44.626837,22.527179,88.319703
7521a194-18eb-42b8-8f35-42ab84a25fdd,a40844e151329aea,ATM-KBFW-2590,ATM,2742.28,2023-12-19 02:03:08.246879,24.186443,86.160436
fa32e62c-e0d9-4345-ad5c-6e811e1ddb76,91ff603347d3f90a,POS-QIBH-5528,POS,2742.28,2023-12-19 02:04:09.652338,28.044407,77.040553
7b30b778-4978-4ebc-a967-9a81bc42ac24,4346536ee04363c3,ATM-OJKA-8966,ATM,2742.28,2023-12-19 01:51:17.783944,22.489932,88.384272
ba57214b-b347-420b-8bbb-85e6275b4145,0f3e1c23ab2acd64,ATM-NMFZ-7723,ATM,8226.84,2023-12-19 02:46:18.986806,19.059712,72.831816
4460c4c4-c67e-42db-93ab-1802cb2d03a3,76e37cd876827e1a,ATM-QVRE-9471,ATM,4113.42,2023-12-19 02:00:16.770244,28.146237,77.087703
041d1b87-3b66-4671-8efc-9d0ab388bb64,a40844e151329aea,ATM-BDWO-0812,ATM,4113.42,2023-12-19 01:55:40.965288,24.161127,86.363564
ab1603ae-28b1-4181-9335-0237bb615dbf,a069a748d2be8bed,ATM-PKUG-1786,ATM,156961.82,2023-03-18 20:03:09.111623,22.561874,88.407094
9564647d-b601-4bc9-b33b-242db68a08d1,2a5119a5778f8fb7,ATM-ORBH-2179,ATM,156961.82,2023-03-18 19:31:10.824735,28.51781,77.395267
914ed352-8d9b-4e52-b54b-005616e5dc0a,e15635324afef7f6,POS-YSPK-1398,POS,4375.34,2023-05-23 01:58:47.764222,28.582828,77.432045
bd990de8-6a12-4da3-b56f-6af33703fea0,ee953cbc6fe1c738,ATM-AWIY-2088,ATM,4375.34,2023-05-23 02:05:47.826731,30.961368,75.823887
860344af-0b1c-43e4-98f1-d315baedec8f,45d630ed37506629,MIC-NFOA-0883,MICRO_ATM_CSP,4375.34,2023-05-23 02:03:40.229572,22.537418,88.40091
d25f7d6e-fdb5-47b4-a8bd-5a1623c5b5d7,39647341f69d4904,MIC-IGNG-3702,MICRO_ATM_CSP,4375.34,2023-05-23 02:50:58.931556,28.5496,77.409819
180a4a54-a432-4e88-90b7-8c5581657af8,d9bcc83f674275e1,ATM-TIFE-9985,ATM,3117.43,2023-05-23 04:05:28.385369,19.151564,72.812067
1fdcdafc-2f7e-4df8-b066-17988700eb75,cab96474e727e59c,ATM-TJQV-3257,ATM,3117.43,2023-05-23 03:58:24.636709,22.623673,88.404917
02c8a102-7cc8-4bfb-9147-0b2585b9d3b3,4f0d8ce1b58bf64c,ATM-KAHV-3472,ATM,2078.29,2023-05-23 02:58:35.665416,19.11092,72.933549
5740490b-6d9d-43ab-94bb-dea9ca895b1f,400a95ae23792cbd,ATM-HGJF-2944,ATM,2078.29,2023-05-23 02:43:14.112726,28.109385,76.96064
97d2c1ee-b96b-49f4-aa51-d71d51877c8e,1b6df1573ac24ffc,ATM-MGUH-1360,ATM,2078.29,2023-05-23 02:12:27.098411,30.877033,75.827369
d7bdc44e-4533-460e-be41-20eeafb58c07,94d6f63ab19d86b2,ATM-PUDS-7223,ATM,12469.74,2023-05-23 03:18:34.674274,23.839422,86.849211
db4b3c01-2223-42fb-8f9a-5c13ee71c8c9,05d9cb0a7966aa7b,ATM-XSJA-0922,ATM,4156.58,2023-05-23 02:40:02.858378,28.102854,77.007463
19c0d724-4c99-415f-a5c2-d5ae5464127a,d9bcc83f674275e1,ATM-VJCZ-1783,ATM,4156.58,2023-05-23 02:11:49.165933,19.054951,72.882202
e5c3f505-5c62-441e-b65c-5b117dc848b2,62a72b46f2d2fdbe,ATM-FMXF-0715,ATM,51428.58,2023-05-03 05:31:49.677546,13.040227,80.343944
4ae7ad16-10bb-45df-8a08-9c92c2b001e6,15bc62bab6812a87,POS-CDOY-6452,POS,51428.58,2023-05-03 05:48:34.031127,22.557232,88.331233
4a66e1df-4087-46a3-8bec-1245065ef802,1fbd0c1ad65a3618,MIC-GQIZ-7564,MICRO_ATM_CSP,51428.58,2023-05-03 05:42:32.923737,23.942671,86.795059
28511562-13b9-4544-80b8-c3404e77b030,7878fbab6ddda2f9,ATM-RIYF-7367,ATM,51428.58,2023-05-03 05:44:50.637050,24.017724,86.773882
272ec48f-6ee9-401a-9e84-d0940c883461,f0cab7fa2fa3bdf5,MIC-FDVO-3016,MICRO_ATM_CSP,51428.58,2023-05-03 06:17:21.968846,23.854103,86.814794
9d9b5e50-503b-49d5-888a-4063cc5d4498,735d7382bc84f337,POS-PAWA-3651,POS,51428.58,2023-05-03 05:29:07.522953,19.141714,72.862522
093f3693-77a1-4b6c-9846-601281fbca3c,7aced6cb9bbebdd4,ATM-IMTP-6571,ATM,158555.88,2023-11-14 15:32:58.740445,22.694689,88.340394
27a219b3-8ba3-4f90-abfa-c8b02de4f59e,394194a39a57bcc6,ATM-HGXZ-0511,ATM,158555.88,2023-11-14 16:32:27.741386,22.532446,88.317697
6b4c51cc-6d96-4d5f-8e74-f86dba45feb9,43e2188fe6ee0e8f,MIC-FKSQ-7950,MICRO_ATM_CSP,101494.04,2023-11-10 22:51:34.026200,22.586984,88.447556
4ac1677b-0da7-466d-96a3-9638a1c029a0,76e37cd876827e1a,POS-WITJ-0689,POS,101494.04,2023-11-10 21:49:16.936136,28.215575,77.075531
22327bd6-de8d-4eaf-99db-48d688194eb7,25b04eca97925f46,POS-KNAN-2771,POS,65758.25,2023-01-12 22:38:12.327824,24.22395,86.229975
42972ae8-6563-412b-a822-2099de6859ca,6d15ef43c18a5e44,ATM-OULL-7517,ATM,65758.25,2023-01-12 22:48:17.834257,19.074988,72.833508
4de58587-aa1a-4d5a-bced-291b5c200e5d,e3d62aedfb9d3703,MIC-DYBR-2656,MICRO_ATM_CSP,65758.25,2023-01-12 22:22:16.577092,13.051735,80.215758
079a30dd-cd24-45fc-8af8-5f03b478e91c,ce42adff5fb0bcc0,ATM-NADK-4394,ATM,197274.75,2023-01-12 22:49:16.283114,24.079477,86.330538
37c8ae22-313b-45f8-877b-0d1bb331d14c,f2096f718ea48500,ATM-DSBN-5297,ATM,158064.23,2023-05-27 23:07:34.626416,24.232836,86.323628
8445f87b-e2af-4a6f-98f0-c52812b31926,4214d918811a3778,POS-ZXLH-8406,POS,158064.23,2023-05-27 23:08:43.547603,24.22674,86.316249
5b7f1555-c364-4ff7-8db8-655391e9587a,f72723c2288b7429,ATM-MZUO-1169,ATM,16553.86,2023-10-27 17:36:12.478139,24.188441,86.28055
7d57b2e7-1497-4f7d-8a88-aeab8c7e80c2,20d1004be5275449,MIC-OHZH-5657,MICRO_ATM_CSP,16553.86,2023-10-27 17:31:43.116738,22.529628,88.434642
942e7590-15de-46c7-b2e9-cc4f626f0fb6,c6add401e808d068,ATM-ZXHB-9969,ATM,16553.86,2023-10-27 17:42:31.538708,28.540119,77.371015
507a01ce-e8c8-4fc9-bc1f-e3f0244b7f9a,e01c434b0d177165,POS-LOGP-5531,POS,5517.95,2023-10-27 19:45:38.874036,28.38991,77.318768
36f3ae75-f145-4edb-9856-ac7b1ae2d398,cab96474e727e59c,MIC-RYLN-5269,MICRO_ATM_CSP,5517.95,2023-10-27 17:45:43.087527,22.617734,88.379982
32ac93db-c2a0-40ee-a4bf-029841071e12,d9bcc83f674275e1,MIC-WBQF-3841,MICRO_ATM_CSP,5517.95,2023-10-27 17:48:08.811844,19.183412,72.848358
b31fba70-d118-4686-9875-aab308211ba5,095c1c65e3981f27,ATM-YHLI-5238,ATM,8276.93,2023-10-27 17:40:11.692458,24.024394,86.811847
3a959dfa-c162-43ba-968e-dc5f8d8bd8d3,05d9cb0a7966aa7b,ATM-VUJO-1967,ATM,8276.93,2023-10-27 17:42:11.175433,28.075341,76.995426
dbc2a102-e8d3-466f-a329-6b8c4ef122f1,05d9cb0a7966aa7b,POS-NHNM-5921,POS,16553.86,2023-10-27 18:18:14.123190,28.123392,76.99027
25282178-4bf0-4add-bddb-fa89ee41823b,77323791caaf34e8,MIC-NPSB-1508,MICRO_ATM_CSP,2681.41,2023-12-27 03:13:55.284606,28.498338,77.4377
ad4c0d89-1f0e-4d13-9627-7d6395190522,7dfe46ee8d6ea258,ATM-KXNL-6026,ATM,2681.41,2023-12-27 03:42:53.356244,24.167117,86.293156
e6cfb73e-15b7-417a-9ed0-0158e40d4d87,eeb7ceafb88813a8,MIC-YDZO-7181,MICRO_ATM_CSP,5094.69,2023-12-27 03:05:24.726827,19.103924,72.93613
1f75965d-d810-4922-bba6-c140d95bfa71,ce42adff5fb0bcc0,MIC-JDQN-7784,MICRO_ATM_CSP,2547.34,2023-12-27 04:08:40.430438,24.1816,86.258395
d271dca9-11f2-4a16-80ca-3c9b5aa8e222,38fd75ab3f30c2f6,MIC-RBYS-5621,MICRO_ATM_CSP,2547.34,2023-12-27 03:38:40.259111,23.990004,86.83457
184901ec-2dc8-4f25-8fee-e9395d6aa65f,eeb7ceafb88813a8,ATM-REYK-9596,ATM,2547.34,2023-12-27 02:58:41.406863,19.009516,72.814782
13e77084-28ea-49ef-be31-041be3dec03f,d808e7485fc3520a,ATM-YAEP-6667,ATM,2547.34,2023-12-27 03:13:33.506693,28.154669,77.02153
7911f9b7-4714-42d3-8920-3acaafc653cd,3bebc51f1ef19765,MIC-EJPR-0495,MICRO_ATM_CSP,101552.44,2023-11-28 17:02:39.427943,24.177137,86.285144
6ea2c0b2-c149-4fff-b7a8-90b2c4e2763a,3ba14a4de4ea92d7,ATM-LMMS-6064,ATM,101552.44,2023-11-28 16:33:25.491750,22.544691,88.43618
3c4d3a12-5b36-4ee8-a362-3da37667a40a,5eb59abc9c970d06,MIC-AXGS-6740,MICRO_ATM_CSP,78681.46,2023-10-20 03:36:59.710457,28.487861,77.437468
2ac65285-d2e4-416f-ac71-8fbbcf30e313,8595d99a4d487472,ATM-ZJTG-5931,ATM,78681.46,2023-10-20 05:56:58.449043,28.513573,77.430922
c7d7f729-0ec1-42eb-bd55-5cba17a22af0,5056c4fc4739600d,ATM-PDET-5738,ATM,78681.46,2023-10-20 03:51:47.252649,30.815187,75.793736
1372cd60-495a-4922-a6a6-37f63cd172d9,98768ceed9627cfa,MIC-OVUR-4711,MICRO_ATM_CSP,138363.34,2023-12-01 02:28:16.441712,23.969798,86.873329
90aaa61e-1b84-4675-8743-8535a15ccaed,ee953cbc6fe1c738,ATM-RRZV-1946,ATM,17041.93,2023-07-05 21:42:06.145167,30.900116,75.843645
61ad5bad-d4b7-415d-a52d-45e5492ae6c1,c5ed1a30cccb44f4,ATM-VOCQ-3375,ATM,17041.93,2023-07-05 21:27:46.051443,24.190022,86.270695
fa0ad173-3e33-44f6-9006-a76661be9318,87dce8f67ca19ad7,MIC-OMMD-9795,MICRO_ATM_CSP,5680.64,2023-07-05 22:00:28.346506,30.896981,75.868727
40ca2dad-2b6c-4e2a-8261-8e1fced7c452,ce42adff5fb0bcc0,POS-JEOF-3541,POS,5680.64,2023-07-05 21:26:57.035840,24.086947,86.281045
3492d8b4-7b0b-4c19-9e47-a72df0c95401,578ffffe9f15f020,ATM-CZGM-9276,ATM,5680.64,2023-07-05 22:13:40.293526,19.039137,72.991584
d736d248-6f0e-4437-a9ae-8a95d8d41da8,392ff47fb759eb21,ATM-ZOKD-0362,ATM,5680.64,2023-07-06 00:07:46.550970,28.626454,77.414379
9196afee-0ee9-4af4-9530-e9575cb69f73,578ffffe9f15f020,ATM-NEYB-1852,ATM,11361.29,2023-07-05 21:43:55.797811,19.036622,72.854202
b45ecb7f-3b1e-491c-8d6d-e0836461de86,bdb8bd7283b2a364,MIC-PAYO-6208,MICRO_ATM_CSP,8520.97,2023-07-05 21:27:14.196249,22.560801,88.339303
384427db-62e2-4644-82a0-ea8141458f48,20c2089f25f299fe,ATM-JOPC-5916,ATM,8520.97,2023-07-05 21:47:13.290338,28.140183,77.090295
1f4a7774-145d-4161-9593-eeb4bc85a5cd,f1768bad6f1e3ce2,ATM-XPJN-4202,ATM,8520.97,2023-07-05 21:33:57.433086,18.942001,72.863022
2c275b54-caae-40f0-a3a7-75cc71e3697d,45d630ed37506629,ATM-FZRG-5460,ATM,2840.32,2023-07-05 22:14:02.647500,22.679772,88.35097
e5572354-a4ed-4dbd-82df-bc304280ba5f,150079c7a6c509ea,ATM-MNNC-7709,ATM,2840.32,2023-07-05 21:48:06.414122,28.549861,77.292034
9876a600-644c-4e5d-92ea-a8185a7ba928,1dfa14d724111f5a,MIC-HAJW-8577,MICRO_ATM_CSP,2840.32,2023-07-05 22:10:10.242879,28.603465,77.340002
51cf6544-a995-4231-9e56-f4dbea54b841,07e0cebd234c62cb,ATM-TMCW-0929,ATM,7238.81,2023-01-08 04:10:48.769083,24.128582,86.310381
626e6cdc-4702-478e-89be-e56282855dbc,02faf74a5df7342a,ATM-UWLN-2918,ATM,7238.81,2023-01-08 04:47:47.764621,24.136426,86.295751
b943660b-5eea-4b34-9161-9285bce30ce3,6d100f11d2a14a1a,MIC-RCWO-3973,MICRO_ATM_CSP,7238.81,2023-01-08 04:13:12.213560,30.893501,75.942688
c9d4cbcf-c60f-4426-8af3-d9ff624a4035,02faf74a5df7342a,ATM-JYIL-0403,ATM,21716.42,2023-01-08 05:07:13.848357,24.23078,86.282438
b605d88e-1c42-4969-b468-18baff81a22f,bb6efc9b42a0c6a5,ATM-CUAA-0316,ATM,14477.62,2023-01-08 04:35:38.295428,24.233323,86.373749
9a60afab-6507-4269-b684-db61596cffb0,4c33d093c4bea6f0,MIC-CWUY-5177,MICRO_ATM_CSP,14477.62,2023-01-08 04:47:58.917155,22.618752,88.391363
10431034-fec8-47d6-8ed7-0ac78a2fb306,6db21f4c4eca72d8,MIC-GGYJ-7643,MICRO_ATM_CSP,14477.62,2023-01-08 04:17:09.480563,28.203221,76.998506
c8c6643e-b1ca-40c0-af85-fb02734bb3d9,8e5fcc4d4d7f23bb,MIC-FKLI-0936,MICRO_ATM_CSP,14477.62,2023-01-08 04:09:50.612147,24.222541,86.292003
856ab8cb-d9b0-4300-8eb5-e5549a328477,578ffffe9f15f020,ATM-IMAV-1733,ATM,14477.62,2023-01-08 04:17:27.452964,19.103572,72.913991
c002c222-74dd-4625-a0b9-0c270dc631c6,392ff47fb759eb21,ATM-OPFK-3130,ATM,14477.62,2023-01-08 05:00:29.904326,28.5852,77.394292
86fdd143-3ae7-4957-8143-0fc8033b7ec7,8e5fcc4d4d7f23bb,ATM-FDQG-3471,ATM,43432.85,2023-01-08 03:59:37.161782,24.107702,86.292988
1b57c52b-ddf9-42df-b5ed-0d72fbb61e25,294d95c2e507b44d,MIC-XIRE-2224,MICRO_ATM_CSP,28955.23,2023-01-08 05:37:58.776782,30.935322,75.874189
34cf2889-54cd-4c94-91f5-5b3003729c51,0f3e1c23ab2acd64,ATM-USFK-5588,ATM,14477.62,2023-01-08 04:51:12.043727,19.100366,72.917337
5b4a16e3-1fb8-49e8-8343-37ff585cdc22,a40844e151329aea,ATM-KOZO-3971,ATM,14477.62,2023-01-08 04:51:18.460726,24.142791,86.344496
8236edff-9edf-4125-8bb6-8ffe8fd835f9,0c7d0bd91be18aaf,MIC-PEYO-5748,MICRO_ATM_CSP,14477.62,2023-01-08 05:31:59.071354,28.206286,76.994073
9c28f98f-38aa-469e-a2d9-bda88400ef32,2647f966c1839f83,MIC-OKDF-9685,MICRO_ATM_CSP,14477.62,2023-01-08 04:34:34.195142,28.163853,77.016478
6d179fac-0fe0-43fe-a5ed-09f30396fae7,76b7a36222fb4dbf,POS-OKAP-1413,POS,15489.16,2023-10-20 07:21:11.508747,28.0992,76.976286
01ac02c2-5463-433a-9dda-eb71a51ea6f6,522a65badd42c641,ATM-PAQS-2587,ATM,15489.16,2023-10-20 05:44:38.925788,24.313948,86.298468
f5d97dc2-3dd2-48a5-9828-60eee964e0b7,c7f66b5e1cfdc547,ATM-WQFW-3612,ATM,10326.11,2023-10-20 05:26:55.395083,19.034954,72.857221
72b8350c-7e25-4c12-90ce-2afc97b50917,0f402318041204af,ATM-GYLY-5631,ATM,3442.04,2023-10-20 05:10:29.504712,24.181302,86.330787
e7b85bd7-4bf4-4690-b20d-460219494bde,c44d8338f95263f6,ATM-JZES-2897,ATM,3442.04,2023-10-20 06:16:07.629404,22.590869,88.3983
47b14728-67d8-4f3a-939f-ac4c90b63a5b,1b5f2c835b89a1e3,ATM-RYBU-4979,ATM,3442.04,2023-10-20 05:30:23.989607,13.138295,80.34038
53236b68-dc7f-4957-a01b-f6090ed0c657,7138f04a79804589,POS-XTBD-7565,POS,10326.11,2023-10-20 06:31:35.376766,28.177695,76.922203
e2dc844a-b68f-4163-a54e-2212033ea4ac,43e2188fe6ee0e8f,ATM-EOEX-0899,ATM,10326.11,2023-10-20 05:02:36.402728,22.662484,88.33198
fd9de4bf-4dd6-45c0-9999-8ea7641b8c25,96739c6dc7f02b5f,ATM-ADLH-3008,ATM,5163.06,2023-10-20 05:24:34.101139,30.92657,75.884935
2f0762fc-9be3-4452-b178-ae89dde047be,e09de44b287780d9,MIC-XRYP-2217,MICRO_ATM_CSP,5163.06,2023-10-20 05:06:57.642099,30.893934,75.82599
8b4ede58-0fdc-4e89-9359-c9494c4485a7,db4060301879ed71,POS-KMAA-5585,POS,10326.11,2023-10-20 05:22:58.113101,22.506518,88.366582
b239040f-1fdd-4bc3-bed9-80df12ef1536,62a72b46f2d2fdbe,ATM-BEVX-0607,ATM,10326.11,2023-10-20 05:03:31.206192,13.077471,80.217125
1b7c7856-cdc7-4f0d-a7fa-6fb38b7924d8,e09de44b287780d9,ATM-TVXU-2955,ATM,6884.07,2023-10-20 05:48:33.530969,30.899437,75.879975
1f616273-5b60-4bc1-91fd-7a1c19610e71,1b5f2c835b89a1e3,MIC-USKB-7708,MICRO_ATM_CSP,3442.04,2023-10-20 05:10:37.003766,13.184846,80.244427
397bc510-40a7-4989-824b-1cc0f910315e,0f402318041204af,ATM-MCWS-8181,ATM,3442.04,2023-10-20 04:58:35.457735,24.171172,86.357618
e53ac249-16a1-4e49-a2c9-edff314aa15d,522a65badd42c641,ATM-DIKY-3729,ATM,6884.07,2023-10-20 05:10:34.588116,24.200079,86.227557
0b63a286-ba6f-47b1-ab2c-7ab703fa75c4,6877ffca8e5a30eb,MIC-LZVI-8590,MICRO_ATM_CSP,20652.22,2023-10-20 05:34:11.466747,24.165006,86.277564
873be0d0-4487-4cdb-b78d-b183ebaa3568,0f8ee466d63c1e84,ATM-BAHD-2795,ATM,20652.22,2023-10-20 04:50:02.126849,28.125437,76.955048
6403ae9e-3c55-4ff4-b06a-395ef17af503,7ed13f42d8359663,ATM-XFZS-1252,ATM,20652.22,2023-10-20 04:42:34.141396,22.506661,88.341083
f6212d8f-6262-4c91-b4f0-1aca843fe730,e443efdf9bae5f0d,MIC-EGPJ-5789,MICRO_ATM_CSP,156531.69,2023-08-19 21:06:09.493393,28.103092,77.004806
a39974c3-555a-47e6-b054-4049606685b9,91b86f426cd2cf59,ATM-ORYY-2666,ATM,156531.69,2023-08-19 20:07:00.734593,28.469268,77.378784
d7f77172-c820-4366-ba6f-90f3969d7683,044beed55d80dc2b,ATM-FSLY-2151,ATM,35210.84,2023-01-28 01:53:47.693497,24.223946,86.298725
3bbc0633-44ea-4a74-ac81-a2a91438c0e7,1b6df1573ac24ffc,MIC-XAQJ-5730,MICRO_ATM_CSP,35210.84,2023-01-28 02:33:41.615989,30.948065,75.800058
685c015f-7438-4265-a287-916577d57408,fe37a32105f85e14,MIC-VVJE-2144,MICRO_ATM_CSP,28032.06,2023-10-30 10:46:18.499971,28.491135,77.392541
ba6e3b2c-b8f2-4215-a087-2443ecf4efca,ce42adff5fb0bcc0,MIC-SHUB-9250,MICRO_ATM_CSP,28032.06,2023-10-30 10:19:07.471806,24.285213,86.242279
1edee61d-4c84-4f2b-9285-063849dd743e,314ff6665437dae9,MIC-LXES-9028,MICRO_ATM_CSP,28032.06,2023-10-30 11:00:56.630152,23.913664,86.836016
81542e45-9dc3-4ecd-a849-976d0584e397,f9a34baab7be9f34,ATM-UDNU-1886,ATM,44640.8,2023-04-03 09:40:18.205657,13.04997,80.386576
2adb5cfd-4486-4ffc-b065-2ea3b1d57cc7,2a5119a5778f8fb7,MIC-NPBR-3307,MICRO_ATM_CSP,14880.27,2023-04-03 10:05:46.210180,28.594145,77.391853
ff16c722-f58d-4dcd-a522-7095dd2fdbd6,6da47df28d1aad11,MIC-TURH-4989,MICRO_ATM_CSP,14880.27,2023-04-03 10:05:29.582484,30.927852,75.841099
f1bc48d8-be2f-4170-96ce-f0e2258d2c27,8f21d510590ce4b1,MIC-QECD-8283,MICRO_ATM_CSP,14880.27,2023-04-03 10:49:06.589010,19.084603,72.848282
91161abb-e007-4b4b-8d61-194329545d1a,2340f46458879cfc,ATM-WEFL-8801,ATM,9920.18,2023-04-03 09:49:45.062301,28.495969,77.376884
10ac5362-37b7-49a5-8cda-4498adb1feae,33522c9bdbaf3bad,ATM-MEMO-1112,ATM,9920.18,2023-04-03 09:34:27.821256,13.074404,80.290813
82fb0ef7-1fc1-41b4-968d-c23a0bd70bfc,e2008e1b14bdb6c8,ATM-NROA-6856,ATM,9920.18,2023-04-03 10:24:35.894452,28.602255,77.437931
70ebb43c-614e-4a07-88bc-29c08d37ad6b,4c33d093c4bea6f0,MIC-JBFE-5229,MICRO_ATM_CSP,29760.54,2023-04-03 10:57:11.903559,22.588556,88.423153
64843726-c608-420f-babb-e954b7602ab1,bdb8bd7283b2a364,MIC-PFTQ-8097,MICRO_ATM_CSP,9920.18,2023-04-03 10:01:36.145624,22.574666,88.391548
3d2df945-9c11-43e9-8549-f141b978dd30,2d7f04c671c24245,ATM-AVMW-2750,ATM,9920.18,2023-04-03 10:18:17.986885,19.060079,72.878502
05f722f9-943e-4b75-a347-514281ce161c,1b046e221c756ad8,MIC-REAA-1355,MICRO_ATM_CSP,9920.18,2023-04-03 10:10:13.688300,28.523957,77.31557
2a0f8394-5423-4152-893d-9c38133ea6ea,2a5119a5778f8fb7,ATM-DPXK-7565,ATM,14880.27,2023-04-03 09:50:32.764477,28.461003,77.327806
b6af299c-db5e-493e-9010-bf71c3461345,edb30e13f1a3821d,MIC-KCQI-0609,MICRO_ATM_CSP,14880.27,2023-04-03 09:12:37.166529,23.974619,86.882252
c22eecc7-2739-45f8-8a5b-0438bb634f6a,8f21d510590ce4b1,POS-ZQPE-1161,POS,14880.27,2023-04-03 09:43:57.327741,19.135145,72.800477
9f7e9202-e596-42c6-bcea-93b44afeca8b,f35940835bdb022f,ATM-NCVH-0882,ATM,14880.27,2023-04-03 10:56:16.694033,24.223303,86.277926
07e50e7e-5235-402d-bcce-39d2ed7d19c0,d00466dba4ffcefe,MIC-VZGA-6562,MICRO_ATM_CSP,14880.27,2023-04-03 10:52:43.247183,28.494603,77.398025
0cc8a92e-3d90-4aac-9e07-8893b99ad58c,9a9c31abade1e5d9,ATM-GITN-2261,ATM,14880.27,2023-04-03 09:53:38.596271,23.932915,86.747151
4e9d3591-19cd-45f2-bb60-505ac1952d18,79a8772dff7b3fdb,ATM-HXQS-0533,ATM,291378.02,2023-11-09 22:46:07.253698,24.233757,86.34503
11ec6b9c-e73f-4816-9a9f-dda9ec958878,a40844e151329aea,POS-IJDL-0259,POS,31112.21,2023-07-23 05:54:19.612791,24.207236,86.383878
8ab0ba86-292a-46d1-9ec1-642d37317257,f1768bad6f1e3ce2,ATM-QNPN-2218,ATM,31112.21,2023-07-23 05:02:01.971976,19.12746,72.841211
b57b960c-a5d1-49fb-bd54-0516a3135dee,bcb12092e26eaceb,ATM-GITW-1827,ATM,31112.21,2023-07-23 05:56:51.343964,19.077403,72.818518
ac87a78e-175b-4af0-ba98-6ecef2c08e9d,b18f7c8dd40cd2ae,MIC-IUBI-1306,MICRO_ATM_CSP,31112.21,2023-07-23 05:19:13.844827,13.102001,80.231114
099083b5-038a-442a-8d16-baacc4199cef,6719077e3a6cd655,ATM-ZDZJ-4195,ATM,41482.94,2023-07-23 05:41:09.118719,24.044355,86.750452
feddc149-f391-42d4-80da-69e5f9e02f26,15bc62bab6812a87,MIC-SNZX-6706,MICRO_ATM_CSP,41482.94,2023-07-23 05:27:11.800243,22.529259,88.367958
a2ec9802-38a9-429c-b8b7-d95d57cdc4b7,f49ea4ce91fb5dd8,ATM-PAZP-2632,ATM,41482.94,2023-07-23 05:25:10.000263,22.618944,88.359404
e4eb12a8-80b7-46ed-a2ac-5e353fd8cc01,6942d07ea440a530,POS-LPMA-7041,POS,31112.21,2023-07-23 06:01:07.829926,24.030398,86.772825
09f49616-e787-4e76-9c8e-57482205a957,83b82ffcea8b671a,ATM-MUXL-7654,ATM,31112.21,2023-07-23 05:09:04.061267,23.930104,86.803876
9ea6be85-2f18-4a28-a38c-3d8348ac1ea4,3c0b67ba74cbafec,ATM-BSMN-2491,ATM,20741.47,2023-07-23 05:23:30.360689,28.530752,77.40259
45137f39-0dc7-44dc-9afa-efa5c87a352c,83b82ffcea8b671a,POS-VHKJ-0076,POS,20741.47,2023-07-23 05:10:00.108511,23.962547,86.7451
7b2036d7-a155-4e26-8711-45271ad76551,6719077e3a6cd655,MIC-VLVC-0474,MICRO_ATM_CSP,20741.47,2023-07-23 05:06:20.176264,23.946441,86.73956
f07e7347-5a22-427f-8ba8-536370bd97ce,7fe57d0ff66463b7,MIC-RYBM-6046,MICRO_ATM_CSP,100513.67,2023-11-30 01:28:21.351733,22.410083,88.469404
513dadba-f3a8-4bdd-81cd-01fd2f631403,3ad37eb5c6e3317d,ATM-OPSX-3314,ATM,100513.67,2023-11-30 04:05:59.029129,30.911627,75.810968
07bfccad-b40d-4739-97f5-cc354767f361,fed6a0b55d80fbac,MIC-TOEQ-7064,MICRO_ATM_CSP,201027.34,2023-11-30 02:45:36.490757,28.144047,77.070677
b7c7706e-325e-4f8d-8551-1a99eca85631,c171b589b00915b9,MIC-PYCW-5218,MICRO_ATM_CSP,29253.02,2023-04-29 02:28:05.656079,30.947821,75.918224
65054499-1bba-45f5-a09c-0e7246f3795c,4bda3ec42f7024ac,MIC-JHSJ-7817,MICRO_ATM_CSP,29253.02,2023-04-29 02:27:47.577217,23.934995,86.783917
ed852fb1-e0d8-4642-92da-267bad5f7258,93c4f2afeee071da,ATM-XBFU-9855,ATM,58506.04,2023-04-29 03:06:08.284557,19.08991,72.885479
bddbfcb1-5d6e-4911-acc1-a94fed5bc966,a40844e151329aea,ATM-AVKO-7301,ATM,29253.02,2023-04-29 02:11:37.319587,24.141462,86.350405
e4f0588c-221e-4d82-b78c-ec04721028d9,0f39aa3b13e7e3c0,ATM-OKOB-7681,ATM,29253.02,2023-04-29 02:33:41.449022,30.914771,75.818551
45993cbd-51f9-4948-b6d4-e02c5ca69fcb,a2bbd14a2f29203e,MIC-RIYB-2450,MICRO_ATM_CSP,69564.25,2023-08-04 10:59:01.269986,23.919356,86.800928
5c017537-2206-455e-8501-66d155e59c44,4c0944feeeafc246,MIC-HPLO-1046,MICRO_ATM_CSP,69564.25,2023-08-04 11:13:19.094690,22.478656,88.331432
4534cbc8-ee0a-447a-a822-8767832411a0,b0c598b744054043,ATM-CDVY-3183,ATM,69564.25,2023-08-04 11:34:47.984257,23.964298,86.897672
39411b4d-0c3d-425b-b474-0e67e88537e9,3409e9d07e07a0ea,MIC-CNZS-1466,MICRO_ATM_CSP,69564.25,2023-08-04 11:13:14.559457,19.145995,72.845117
23fe6c5c-6f9f-4449-a07a-fcc01858569d,7fe57d0ff66463b7,POS-MFOP-1510,POS,139128.5,2023-08-04 10:42:27.671548,22.509399,88.333604
a18b2afd-c350-4e8d-875a-3ce41ff53744,b964ddc6afc6741d,MIC-EJHP-1259,MICRO_ATM_CSP,20466.5,2023-08-12 00:36:11.385263,28.031801,77.060002
9b5f62d3-d9ef-4a05-87a4-20f94d77afe9,801c737176bab764,ATM-CVXZ-1111,ATM,20466.5,2023-08-12 00:16:31.307914,30.925341,75.875959
37815360-2e38-4752-8293-e9d23ce692ed,0f39aa3b13e7e3c0,MIC-CVGG-9631,MICRO_ATM_CSP,20466.5,2023-08-12 00:22:44.771174,30.838038,75.902929
26eeb905-921c-48e7-9309-b19cc70d3ff7,d552f8b748533a3f,ATM-FTRN-9837,ATM,12798.77,2023-12-02 18:51:27.355911,28.556478,77.384717
e58ed3c5-7b93-4cdf-8c84-d0d2214a851d,3dcd069dfca35470,POS-ZEWF-5908,POS,12798.77,2023-12-02 17:55:30.822177,13.062462,80.222581
1423a681-ceb6-434d-9ac3-a6cba46c94be,85325f4fb0095b84,ATM-XTBK-7705,ATM,12798.77,2023-12-02 18:28:59.922193,28.608918,77.37631
266ef0ec-7023-497e-9e49-255ebc9f7508,6b92513a58c1d9b4,MIC-OWJM-7683,MICRO_ATM_CSP,12798.77,2023-12-02 18:13:32.800451,13.06107,80.294292
f2bf8a0c-e9ec-4d28-b7ff-f54bc6230f15,87cc051ae08428cf,ATM-UWNO-2288,ATM,6399.39,2023-12-02 18:34:21.169590,24.206113,86.339339
1453466f-3fea-4c23-b58a-4491bd544193,25b04eca97925f46,ATM-PLOM-0795,ATM,6399.39,2023-12-02 18:32:13.451301,24.212294,86.295747
5b8d38bc-57c0-4d42-9398-48253763d8ba,87cc051ae08428cf,ATM-YQWY-3293,ATM,6399.39,2023-12-02 18:24:27.932792,24.186548,86.378011
5aa4853d-93a3-45f4-acdd-de6ab486c810,f79cd1fb09127f5f,MIC-NZHA-2906,MICRO_ATM_CSP,6399.39,2023-12-02 19:04:42.170126,30.85828,75.91175
2ad4d3a2-78bf-430f-b6a7-256cf09821a3,8603e60ca1329f36,POS-LKSJ-7791,POS,42781.73,2023-05-09 22:47:34.441960,30.97845,75.863672
2ba1b557-2c2a-4fc0-b1ba-01dd535bc383,10391296d265566e,ATM-KTYV-1412,ATM,42781.73,2023-05-09 23:23:56.974536,28.189733,77.039357
597fbbeb-6ef8-4077-a0b3-7e93a222d571,6719077e3a6cd655,ATM-HYTW-8061,ATM,42781.73,2023-05-09 22:19:00.615566,23.987554,86.769742
0eeaabee-37c8-47f7-9de3-131667eb172f,308677e52b368b05,POS-IHRR-0187,POS,8826.85,2023-11-07 23:40:41.087198,19.130603,72.870413
f26d2cb1-e3db-404a-bbe1-c0fb73fcb775,6719077e3a6cd655,ATM-APXA-4475,ATM,8826.85,2023-11-07 23:24:49.244705,23.93518,86.766842
631e9853-ac55-4461-8d1b-693ab31b6173,562772d2f729f0a9,ATM-DOAI-8595,ATM,24854.45,2023-05-25 08:36:39.373551,30.940362,75.820332
61d062fd-e72a-4692-a19a-906eb41269d5,6e54222dc745323c,ATM-YWHU-0856,ATM,24854.45,2023-05-25 08:08:29.429364,22.590201,88.440559
5fecca78-11d8-47b3-b7c3-b65381e1f307,9a60683f9a45ddf7,POS-GSAA-9355,POS,16569.63,2023-05-25 08:02:53.145646,24.004947,86.768086
be26bd85-a4f8-4a9e-af6a-36915d7692ed,ad5fe18df494f9d9,MIC-XKSW-1173,MICRO_ATM_CSP,16569.63,2023-05-25 08:01:41.582358,13.148573,80.29219
42019a28-3563-4878-a442-ea381368a100,73fce4396c794458,ATM-ANTW-3693,ATM,16569.63,2023-05-25 08:29:23.352493,24.169441,86.304194
3710307a-02fe-4c6c-b7dc-a33120ee5d39,400a95ae23792cbd,ATM-KQGP-2710,ATM,49708.9,2023-05-25 09:42:41.672929,28.066936,77.063387
5c7c0321-9ecc-4e0e-a26c-79684866e3ee,a40844e151329aea,ATM-SBZP-6828,ATM,49708.9,2023-05-25 08:35:14.710731,24.086442,86.359899
ff558d7b-9829-41da-bb4d-a0e3b9ce99c2,6e54222dc745323c,ATM-GAKY-5570,ATM,16569.63,2023-05-25 08:46:04.843928,22.474491,88.358118
3edd40d2-901b-4982-9629-2f5c3b6cf74b,45d630ed37506629,ATM-LGRD-6439,ATM,16569.63,2023-05-25 08:26:52.612712,22.634213,88.424201
30499dd2-0d66-4271-90c7-7671349efe85,392ff47fb759eb21,ATM-MEGE-6348,ATM,16569.63,2023-05-25 08:22:22.268652,28.522396,77.427185
35a6b703-8388-478d-ba01-a6fb80be7887,578ffffe9f15f020,ATM-RXTJ-6558,ATM,16569.63,2023-05-25 08:38:17.388094,19.04838,72.841459
57471921-aa66-41b6-b7c1-dcf12c601bcf,be8983f366c5d07c,ATM-JOLC-8104,ATM,33139.27,2023-05-25 08:07:14.330331,24.161553,86.295219
ec8ca723-20c1-46c4-9c29-28cf363e9fdc,15bc62bab6812a87,ATM-NMDJ-1337,ATM,91600.84,2023-01-01 18:52:19.117225,22.613785,88.362925
eadd2554-de16-4843-a1bf-feb7c62e9f75,debdc8be2ef6184e,ATM-GKYS-6230,ATM,91600.84,2023-01-01 18:38:20.304442,24.022442,86.801965
6339de15-9732-4113-b79b-c6202adfa736,91ff603347d3f90a,ATM-KDNO-2443,ATM,16858.08,2023-12-27 02:07:41.344132,28.142607,77.057531
f7372c47-5cc8-4e82-b88b-5b900ab2b03d,f6b2ba68fde1e997,MIC-RKZV-7279,MICRO_ATM_CSP,16858.08,2023-12-27 03:06:38.185868,22.621464,88.384513
a8d6b84c-a7e2-4d8a-bf63-3926b0e8aeae,131a7708363db506,ATM-YSFL-4208,ATM,11238.72,2023-12-27 02:31:11.483142,22.568416,88.366584
7d558880-956e-4f17-8a77-840af854eaf3,3c0b67ba74cbafec,MIC-ULNG-5736,MICRO_ATM_CSP,11238.72,2023-12-27 02:09:18.879867,28.515083,77.430449
d75aaf0b-2bca-4f7c-993d-3c79d180cfed,f8f70366a172abf6,ATM-JRCU-9378,ATM,11238.72,2023-12-27 02:03:43.498971,19.148202,72.942922
2b6a2f1a-a8c5-4e4f-9c60-8fd015c5b344,3a84fdc33508e322,ATM-ISEU-1241,ATM,11238.72,2023-12-27 04:16:39.970494,19.083882,72.845856
b8460c5f-b989-49e8-ae39-6e93b7709ec6,4ea91a930097779c,ATM-UAVS-7310,ATM,11238.72,2023-12-27 02:15:10.921440,24.220409,86.266042
fd73b10a-03be-478b-b4e7-d518edaa820f,f6b2ba68fde1e997,POS-HBDU-4217,POS,11238.72,2023-12-27 02:09:40.604562,22.572896,88.346378
af276275-18bc-46ef-b850-6cc10dd16b85,18d4b8c5d301d3fc,ATM-ILFK-9610,ATM,33716.16,2023-12-27 02:19:13.786776,23.980054,86.822171
0d93bf36-c9d7-40ba-8858-062ab41c10bb,2f5005f659c6467e,ATM-IKZM-4679,ATM,11238.72,2023-12-27 02:45:19.455762,23.938234,86.922523
47c6418e-6b27-49e1-bb48-d38daf5e98fd,8b2f80b612ad4abe,ATM-STRT-5901,ATM,11238.72,2023-12-27 02:38:26.768307,30.838463,75.826209
66af7732-279c-476e-aa51-c13a236a814b,7fe57d0ff66463b7,POS-KJZF-7554,POS,11238.72,2023-12-27 02:41:12.746881,22.590649,88.420064
10daf6a3-0566-4d72-aeb0-d40fbadacd44,22690ccfe81c822e,POS-PBGP-4260,POS,33716.16,2023-12-27 03:30:15.382879,24.241742,86.250106
f40f7257-6c17-41ab-9cf8-c5f3555a53b1,e2008e1b14bdb6c8,POS-EDRH-0054,POS,33716.16,2023-12-27 02:14:16.057119,28.616882,77.414203
45ec8af1-fcf4-44da-b110-50097a9baebd,9b4705a5a1cd1e5b,ATM-CRWV-5325,ATM,33716.16,2023-12-27 02:16:42.861022,22.576177,88.471416
ca495034-ffa4-4ad9-966b-f9745625825c,6e8a7e20f88060bd,ATM-GNYL-5970,ATM,33716.16,2023-12-27 04:04:54.942189,22.583222,88.470958
54230739-c0c1-49cb-9f4b-39c00847c2de,9b4705a5a1cd1e5b,ATM-EQAJ-6304,ATM,25287.11,2023-12-27 02:59:53.906521,22.642976,88.316592
66dc22e0-c9a5-4690-aca3-37ed805c70be,6e8a7e20f88060bd,MIC-AGFQ-3300,MICRO_ATM_CSP,25287.11,2023-12-27 02:39:15.604614,22.571178,88.408471
b688209e-bc21-4bf8-9d7f-91e8515e7789,33522c9bdbaf3bad,ATM-NRXD-6971,ATM,16858.08,2023-12-27 04:05:16.074232,13.167546,80.246973
5158be08-63b3-4516-8f50-e2f0674f5285,e2008e1b14bdb6c8,MIC-KZRP-1221,MICRO_ATM_CSP,16858.08,2023-12-27 02:41:18.985183,28.534591,77.403269
8a095a4f-8a37-4f38-88ca-f8daea8bc178,2340f46458879cfc,ATM-PQXN-2170,ATM,16858.08,2023-12-27 04:02:57.619482,28.62843,77.404249
833e9291-7d49-4616-8470-e9c14c4230c9,87cad92e65ebcdb6,ATM-BLOH-3424,ATM,66254.43,2023-09-02 12:46:01.326585,28.424021,77.427611
84bb84b8-b5c4-48b2-9e0d-e6b01c5bd20d,f253d605f12974cd,ATM-PLAP-8968,ATM,66254.43,2023-09-02 13:02:30.973279,24.15429,86.273596
5d2cbabf-4052-4ded-b3df-68d259d528eb,095c1c65e3981f27,ATM-WSXC-0614,ATM,132508.85,2023-09-02 13:38:57.829911,23.975522,86.873261
8faad591-6f1e-4d52-b804-0edee3a77da1,ce42adff5fb0bcc0,POS-PCOQ-3084,POS,66254.43,2023-09-02 12:51:42.213963,24.229193,86.237777
7bec9e4f-28a8-4f0a-a457-2002e4296f8d,9f39a0685c6ab47e,ATM-CQRN-5146,ATM,66254.43,2023-09-02 13:21:20.238941,24.004168,86.738346
e8c12c64-8813-4b91-b891-57c94cf4d2ea,20d1004be5275449,ATM-GGKU-0493,ATM,47892.07,2023-05-12 06:10:48.466459,22.546999,88.374218
ed698fe3-c75b-488b-af36-179cbf702b4c,1363f80c2a6ea929,ATM-HCED-1962,ATM,47892.07,2023-05-12 05:43:41.264862,19.038836,72.858041
a63f4294-4301-44e9-9405-a80f34e90e8a,9b32e2cba3851a8d,ATM-UFTH-7401,ATM,31928.05,2023-05-12 06:21:17.391386,24.218474,86.309349
89cfe7cf-1c07-46ab-a0b2-73987143fac5,0c5b61c0cc49dd4e,ATM-YMGN-8355,ATM,31928.05,2023-05-12 06:16:34.580112,24.142069,86.34617
a990a21d-4ecd-497a-a2ee-ae3e858c977a,5f314f6228b18b11,MIC-VNCA-3091,MICRO_ATM_CSP,31928.05,2023-05-12 06:06:48.590499,24.290384,86.281543
4b380ded-ada3-496a-aef3-769a435a949f,8e9be22c03d9e1cb,POS-BMFP-1414,POS,80297.35,2023-12-10 22:25:25.709441,28.144602,77.038314
b607077b-7120-4f35-be86-266df36c50b0,8687a4cc583aa0ae,ATM-PJJL-7811,ATM,80297.35,2023-12-10 21:13:54.785636,24.254112,86.35129
1c166e4f-9f11-4bfe-8c82-d990c61c16b3,095c1c65e3981f27,ATM-HIWJ-9516,ATM,19818.7,2023-07-18 14:31:06.293739,23.994144,86.719596
6cd8a86e-f793-4ee5-bb95-68781ac03828,6942d07ea440a530,MIC-DLOH-8996,MICRO_ATM_CSP,19818.7,2023-07-18 14:50:42.172877,23.901603,86.818219
658759fb-4390-4123-8e1f-95bb9d7ad771,fb68a7d30e7700c4,POS-QJHY-5349,POS,39637.39,2023-07-18 15:49:12.943113,24.305165,86.333708
95c7d278-ac37-46f8-b6c4-59646ab4f3e4,9ee7cac59a162040,POS-MMCI-7856,POS,13212.46,2023-07-18 17:17:41.626656,23.964596,86.839532
e5200f3f-1a95-4819-bab5-d3630cae8d46,400a95ae23792cbd,MIC-BVQG-4624,MICRO_ATM_CSP,13212.46,2023-07-18 14:48:45.084903,28.093033,76.912241
a83cddf6-c2d0-44e5-8f04-da4f22bf8eb3,095c1c65e3981f27,ATM-VGAH-3899,ATM,13212.46,2023-07-18 14:44:57.940821,23.94424,86.801246
858e3a58-034b-4d2a-b5dd-b0a93746b14b,dd9de6b05ff51602,POS-JLEZ-8089,POS,29728.04,2023-07-18 15:32:22.043730,24.254871,86.336865
d123a385-7c32-40b1-89c3-bb955fbb3bab,1b6df1573ac24ffc,ATM-XIWV-3691,ATM,29728.04,2023-07-18 16:55:44.440801,30.847957,75.748141
674776e2-de85-4063-9fd8-f944c286982d,a1c22d172367ec5f,POS-ODLS-6051,POS,29728.04,2023-07-18 15:01:03.765500,22.567183,88.337057
2260ba7b-07d4-4a8c-affc-f13b1abd8b9e,7419f0963738d159,ATM-HAJX-2169,ATM,29728.04,2023-07-18 16:14:53.643871,30.985187,75.918836
cf9067b8-482b-4dba-94e6-65911c0fa1ca,8763dc761991d7fd,ATM-RBFC-0660,ATM,14700.13,2023-04-12 11:55:43.403253,28.491384,77.431529
2837c777-d26d-40ca-a414-55f5f019e139,3a84fdc33508e322,ATM-KTZA-0895,ATM,14700.13,2023-04-12 11:59:16.502643,19.027522,72.861803
1307a720-4905-4f5d-8c7f-cbeac652124f,15bc62bab6812a87,ATM-QATD-4184,ATM,29400.26,2023-04-12 11:25:16.093277,22.598999,88.370076
d3c0a8d1-40aa-4eee-92be-1c9fdf927b58,5234e2681fb4977e,ATM-PUOM-7485,ATM,14700.13,2023-04-12 11:04:43.503954,24.104772,86.316511
b0a1358d-e93f-44e1-97de-fbe7b3932d44,15bc62bab6812a87,ATM-HKAO-9522,ATM,14700.13,2023-04-12 11:30:33.111639,22.600432,88.330543
67fbe485-1677-4b6a-92b4-e4e69b351e1d,58332689d416f427,ATM-OQZY-6303,ATM,44100.38,2023-04-12 11:05:02.607615,28.146081,76.926508
c424113a-bf43-4a50-9e5f-a54d116f235a,ea1049248384ef38,MIC-KZTP-8398,MICRO_ATM_CSP,44100.38,2023-04-12 10:49:43.494942,22.493133,88.334192
375a950b-dcb9-4e66-be63-576e4a168a13,cb15db1a9af73b40,ATM-IYEP-8397,ATM,44100.39,2023-04-12 11:32:58.526025,19.048121,72.909031
1483ca71-d87e-491f-97b8-59dd940c7d05,5590915cce31e2d6,ATM-RPRW-3590,ATM,22050.19,2023-04-12 11:02:21.061027,23.877309,86.802682
bf7640c6-71e4-4502-bbcb-95b875a03fa7,43e2188fe6ee0e8f,ATM-IRPI-8254,ATM,22050.19,2023-04-12 11:05:36.170149,22.606465,88.324823
bbabfccc-1b27-4950-bbf3-33a1fdc5f86c,314ff6665437dae9,MIC-NNRM-8831,MICRO_ATM_CSP,10718.19,2023-09-22 03:28:44.853027,23.978734,86.66739
a15e21ea-dd4e-48e7-a8fb-0ff93e630308,178450fb5c068e0f,ATM-JKHK-6232,ATM,10718.19,2023-09-22 02:49:30.013325,30.909668,75.869224
5d602927-3046-474d-86ad-9e8e7913e6bd,6da47df28d1aad11,ATM-JGHX-6947,ATM,93190.08,2023-06-02 11:47:20.455826,31.040828,75.857167
91600401-9e7e-4777-9077-ea1f4816a16d,022fec248c97806e,MIC-DGYZ-3669,MICRO_ATM_CSP,93190.08,2023-06-02 11:53:37.266450,24.1601,86.279524
fde422df-20e8-4ee1-818c-06bd956eae52,55a08fadaa1a3e1a,ATM-NWVS-0307,ATM,93190.08,2023-06-02 11:32:34.690667,28.154049,76.915413
2a4345fd-2568-4802-b502-c41d837d8313,026a402f7a19d725,ATM-GPDX-2596,ATM,126067.24,2023-09-28 12:00:54.009319,23.986436,86.765296
48c5a8ea-227f-4b4d-8403-a9d3cb841391,7a25be9714d338c3,POS-MDKO-7074,POS,126067.24,2023-09-28 11:14:02.055267,28.380786,77.368639
b82def2e-db2e-41bd-93f9-098ae11b26a7,6da47df28d1aad11,MIC-JWIW-9294,MICRO_ATM_CSP,427533.22,2023-04-17 23:41:30.413027,30.88825,75.826828
ce7c4de6-63ab-4dbf-a9f2-0efd6e92135f,4d615301bf0f358a,MIC-ZGLT-4261,MICRO_ATM_CSP,9704.09,2023-10-19 12:01:26.457794,30.855546,75.79198
9643a035-c164-4529-96a4-c59079f0b93b,6b58ba7092cc6adf,MIC-RYBT-9159,MICRO_ATM_CSP,9704.09,2023-10-19 12:38:33.261701,22.555779,88.359182
b0be6c89-4cfb-4542-9b30-0bc27a9e6bf1,a1ad02ba32ffeec8,ATM-YOTP-3234,ATM,9704.09,2023-10-19 11:20:43.791724,24.226995,86.344226
db41ac32-0ee2-4838-b3e7-9f0073308d26,757013409a1de55b,POS-JVFU-9115,POS,29112.28,2023-10-19 11:57:38.401904,19.124386,72.808782
b6477549-146b-49ba-bbbf-6ca85365348f,460c3af32119dbe0,MIC-HOOY-8174,MICRO_ATM_CSP,29112.28,2023-10-19 14:01:02.825591,30.88624,75.840043
37edbe9d-3bd3-4c8d-85c0-4342e672ce0f,d197d95e274489e7,ATM-MVID-6523,ATM,9704.09,2023-10-19 11:28:53.687001,28.131924,76.965962
83dd46da-8761-43f2-a052-914d302481d9,e0bc7472ab1f2964,MIC-ZESN-2012,MICRO_ATM_CSP,9704.09,2023-10-19 11:18:29.241329,30.943008,75.863391
5596608e-7585-4951-9a42-3eb6291a1b2b,0004a1a3a12705a4,ATM-GJYZ-9681,ATM,9704.09,2023-10-19 11:06:15.702329,19.09598,72.772729
09a4dad1-ea09-4db7-88a3-cb0618b16dbf,8b2f80b612ad4abe,MIC-ZJSD-1477,MICRO_ATM_CSP,48897.68,2023-01-27 16:19:15.572420,30.920329,75.944515
e2d28f4e-6d7e-4f33-bfc0-bd51cc72ff42,5440d6b39ae55086,ATM-ZIXZ-8949,ATM,48897.68,2023-01-27 18:12:05.091180,24.043566,86.856445
df7327d9-b66f-4449-9f22-0e0fadc37474,3bd42b5cb95fedf9,MIC-FPOK-2182,MICRO_ATM_CSP,48897.68,2023-01-27 15:27:43.447782,13.118855,80.285888
ba9710be-7218-4d84-8fb2-247c39a080bc,36ebcda7e8ca8c5d,ATM-XLLV-2776,ATM,44566.88,2023-06-07 17:19:58.216590,30.754345,75.955856
39ed9821-77fa-4e60-8bc6-6bf8e26c8db2,0f39aa3b13e7e3c0,MIC-GOMY-4837,MICRO_ATM_CSP,44566.88,2023-06-07 17:21:38.619919,30.85488,75.865548
d0c06f66-82df-4df6-a7ed-e6b4eccd6ceb,1e8b570b4f4e8db8,MIC-UQBE-4506,MICRO_ATM_CSP,2970.79,2023-02-08 13:50:29.355999,22.527205,88.324907
1ebccb8c-87ce-45eb-963e-7b2db9d955af,450ed2cd4f37f2a0,ATM-BURA-8459,ATM,2970.79,2023-02-08 13:14:29.585866,19.067356,72.864088
c9c677be-41cc-4423-a024-20185091f721,36ebcda7e8ca8c5d,MIC-SBJF-2798,MICRO_ATM_CSP,2970.79,2023-02-08 13:23:42.797370,30.931484,75.813472
21bb024f-da22-4859-b311-ea0fcd1f8d7b,450ed2cd4f37f2a0,ATM-XQXS-4007,ATM,8912.37,2023-02-08 13:17:28.218207,19.032047,72.919994
5e9e40d1-ec1e-4ee1-812b-915756f20558,2a1810e23521088f,MIC-UDZP-4330,MICRO_ATM_CSP,4456.18,2023-02-08 13:37:50.864429,28.027999,77.02387
68be67f0-5f08-4bbe-95eb-dcf503d7a5e3,450ed2cd4f37f2a0,MIC-NIXV-8070,MICRO_ATM_CSP,4456.18,2023-02-08 13:36:39.650579,19.055545,72.853709
57d12902-7587-4080-883c-1408a20590fa,450ed2cd4f37f2a0,ATM-FDXI-2450,ATM,26737.1,2023-02-08 13:29:21.298340,19.084864,72.901515
72601115-409e-4046-bcc7-8549a527b68b,afb6585a70966e66,MIC-OTJE-1927,MICRO_ATM_CSP,78607.89,2023-10-26 00:06:19.793738,28.5791,77.360646
3b655d37-f74c-4c54-bddb-91038cb8be0d,801c737176bab764,ATM-DMZH-7312,ATM,78607.89,2023-10-25 23:58:47.764142,30.928464,75.807193
fd6a31ae-69b4-4749-9fe8-e298790957a3,a1b1b0b2c4e48c3b,MIC-XKUO-0704,MICRO_ATM_CSP,106877.81,2023-02-16 13:56:07.340377,24.292941,86.293555
1fe1577f-1c51-4a8f-81b1-832958fe5521,dd9de6b05ff51602,POS-TKSU-5535,POS,106877.81,2023-02-16 13:37:34.272525,24.209941,86.361411
f73ee731-ee9e-41eb-a878-94cdbaceff77,96739c6dc7f02b5f,ATM-QXLM-6721,ATM,214230.38,2023-01-26 08:50:23.236559,30.956054,75.849412
9a57c731-8906-4507-8cd1-9dfdad963221,b82c83e33c343e84,MIC-MHPA-1030,MICRO_ATM_CSP,214230.38,2023-01-26 08:38:57.626189,19.159139,72.942755
3fd65798-8a77-4eb4-bf15-5bd2b48f0ca7,3c231657faa5d04d,ATM-PQOT-3530,ATM,28038.09,2023-06-03 04:16:11.408333,28.593849,77.408945
260fad56-762a-45f6-9cbe-a2a687feb040,a85dc85b910de8fb,MIC-BPFV-2970,MICRO_ATM_CSP,28038.09,2023-06-03 04:37:36.127820,23.836804,86.827069
aeb35de8-ecee-4f24-90a4-c50da01b517f,2cea95cfb3bfcf81,ATM-MQTW-7894,ATM,18692.06,2023-06-03 06:48:18.204018,22.550877,88.441904
fb56f32d-2208-4280-b1c3-f54e603fd7cd,96739c6dc7f02b5f,ATM-ICZB-5450,ATM,18692.06,2023-06-03 04:33:11.715727,30.878772,75.960759
de9c1123-1c4e-46e6-a6f3-55335d8db516,40b46b1908cf6f3c,MIC-JDZI-4668,MICRO_ATM_CSP,18692.06,2023-06-03 04:38:01.233845,24.247124,86.289306
37c7e0ad-896b-47eb-89bb-ef0635fae5ab,95602c880bb923a0,ATM-QNYR-6033,ATM,56076.18,2023-06-03 05:50:55.539637,24.168634,86.268673
ae03d7b7-b20f-4f69-bb27-ab0c8f34f6ed,91ff603347d3f90a,ATM-UHNV-0166,ATM,56076.18,2023-06-03 05:07:26.748974,28.0744,77.037659
af983f1a-ed03-4d94-a6c4-148a89402e1f,1b753779d07e2b97,ATM-SPMF-8463,ATM,56076.18,2023-06-03 04:47:59.905845,28.50329,77.30606
2f25fc09-8b79-4ea8-9907-8b309950ac4b,30e3b2726849cf25,ATM-AMVA-9635,ATM,56076.18,2023-06-03 04:50:33.439457,28.50166,77.365992
fd82e43a-f81a-4f5a-9fd5-881db0f38166,577744147cf6f197,ATM-KNLU-8475,ATM,43855.31,2023-07-21 17:20:56.189012,22.540461,88.350324
8ff5c514-df90-4d2b-93e0-ca64733f982b,d808e7485fc3520a,ATM-ULTM-2891,ATM,43855.31,2023-07-21 17:53:35.923727,28.014441,77.00697
7f8626ce-a262-4b6c-aa18-b65da5320176,6db4b99434e0bedb,ATM-SOXD-9066,ATM,5705.82,2023-04-18 02:11:18.028906,22.584686,88.297696
d7d5e302-0ce1-4e99-b02b-d4eba5ceb683,2c55f0286942d24d,MIC-ZXJQ-5300,MICRO_ATM_CSP,5705.82,2023-04-18 02:43:06.964975,13.157575,80.257136
5d058057-c785-4d31-988f-da20fc07e62f,82952cb79d3f45d9,ATM-VEUL-0398,ATM,5705.82,2023-04-18 01:41:18.024412,24.081357,86.845875
a9d9ba7c-323e-462a-95b8-adf9d3f7e578,6942d07ea440a530,MIC-MQUF-3360,MICRO_ATM_CSP,8558.73,2023-04-18 02:15:17.338287,24.002398,86.740444
d2ba5c96-091f-4cc7-9785-1a4f24752973,562772d2f729f0a9,ATM-GCDJ-3131,ATM,8558.73,2023-04-18 01:47:41.773286,30.903854,75.852025
1b821f93-fbde-4ca2-830c-fe0370670899,1b5f2c835b89a1e3,ATM-LJLH-9894,ATM,5705.82,2023-04-18 01:46:21.672808,12.981975,80.309524
505412e6-62a5-43b6-b041-0ccf9d90f444,6719077e3a6cd655,MIC-BBQZ-4313,MICRO_ATM_CSP,5705.82,2023-04-18 02:08:03.371027,23.968942,86.79108
297cd12d-7a32-46ab-bd17-d622b9586f90,c44d8338f95263f6,ATM-PAKF-3864,ATM,5705.82,2023-04-18 01:45:22.512409,22.533214,88.382378
1bc5ff46-e411-4e50-a327-a8cf9c60b581,c171b589b00915b9,MIC-UNPZ-8496,MICRO_ATM_CSP,68523.04,2023-05-23 02:42:59.797992,30.830684,75.828014
41a9eb71-aff2-4bd6-a498-a1a1a00bf8e8,4bda3ec42f7024ac,ATM-SYAA-2650,ATM,68523.04,2023-05-23 03:02:43.768359,24.001308,86.781268
0c2274c3-262f-46d4-9079-d195a5f226b4,91ff603347d3f90a,ATM-ZLUU-8928,ATM,34261.52,2023-05-23 03:29:51.038258,28.123815,77.016028
c9f47b3a-0835-4e0f-9c39-d2caff019ded,93c4f2afeee071da,ATM-KMZM-7498,ATM,34261.52,2023-05-23 05:12:25.478930,19.113314,72.92274
e1d103b7-38fd-413b-9170-46582139c8a0,38fd75ab3f30c2f6,ATM-SKLK-4337,ATM,34261.52,2023-05-23 03:32:31.700534,24.018007,86.890565
1a8b34cb-311c-4acf-8c91-55cf074cdc16,4bda3ec42f7024ac,MIC-QXMP-2056,MICRO_ATM_CSP,34261.52,2023-05-23 02:55:28.922084,23.913758,86.716781
73f36e16-4f92-4c9f-ba6f-dfb83a9b7c91,294ec3fd70711bd7,MIC-PCNC-5247,MICRO_ATM_CSP,108034.7,2023-09-11 02:14:19.337435,19.094552,72.819233
7ed4cfb2-d82b-435c-84ea-42a2b232730e,07e0cebd234c62cb,ATM-GFMN-1247,ATM,108034.7,2023-09-11 03:37:35.689700,24.218724,86.379656
593dace8-dc9f-41ca-96fb-c5f22360d112,6da47df28d1aad11,MIC-PFVN-9176,MICRO_ATM_CSP,108034.7,2023-09-11 01:39:22.868454,30.857682,75.903284
e17f4b4d-ffc4-48c3-83bb-37e890ad2d13,a17d089448d398b5,ATM-YAPB-3049,ATM,23234.86,2023-05-05 06:54:23.785828,22.565711,88.32202
ead32f01-8b12-473e-b5e1-68d9d7aad526,91ff603347d3f90a,ATM-MCHL-9332,ATM,23234.86,2023-05-05 07:18:00.394770,28.128908,77.030882
2da2da4d-bebf-4947-b947-c7b48bb82826,800f97ed69d44439,MIC-EZEB-5419,MICRO_ATM_CSP,72213.29,2023-08-17 01:51:19.837251,28.079446,77.025835
f8732e0c-8b4d-47e0-9b32-97cbdeee95cd,6da47df28d1aad11,ATM-NFTK-5746,ATM,24071.1,2023-08-17 01:04:28.872428,30.845472,75.825756
06f02177-b22c-4ee9-9ab4-50009cfa7052,c08d00055da1c6f6,ATM-TWRU-8812,ATM,24071.1,2023-08-17 00:56:12.291792,28.060716,77.047696
6b2a34c4-eb66-4ab2-9c17-88a8bd28a567,56d780b6aabce5d8,MIC-ZRVX-7058,MICRO_ATM_CSP,24071.1,2023-08-17 00:40:44.495499,19.165121,72.851483
1d9b841e-2bee-4721-aa9f-1d4be62c66dd,ee953cbc6fe1c738,ATM-BTHA-1896,ATM,307498.31,2023-07-15 13:14:02.688755,30.928928,75.810519
4d21078f-9eb1-4841-a53d-5f0eb0e2359d,cfaa503a4b7ef3b4,MIC-GFGG-2543,MICRO_ATM_CSP,5863.79,2023-08-18 08:12:39.091692,13.100202,80.238493
eed854a2-734f-4a2b-aa6e-fa951e0de8dd,4346536ee04363c3,ATM-KTZS-7870,ATM,5863.79,2023-08-18 08:12:44.560870,22.516069,88.299324
4fcd1102-bd92-46e5-87e3-ac7bc6a3cf3e,e3d62aedfb9d3703,MIC-MWMP-7157,MICRO_ATM_CSP,5863.79,2023-08-18 08:46:35.368900,13.08648,80.289192
f74aacc4-c5d9-4e60-b6a7-2e1d1f7d5c47,5a2853871bbc3b2e,ATM-CHSJ-1661,ATM,17591.38,2023-08-18 08:19:58.860984,28.055269,76.950254
c8d1c91f-ef96-46a5-9d72-087bf18200e2,94886534ba697546,MIC-JTQT-6010,MICRO_ATM_CSP,17591.38,2023-08-18 08:32:35.780781,28.060636,76.993103
3d5e0236-5359-4f8a-99cc-d811ebd394fd,6da47df28d1aad11,ATM-JRYS-9596,ATM,17591.38,2023-08-18 08:25:42.184894,30.911045,75.84325
5a453308-3990-4280-8dc7-a881702917d2,230e4faa1b38ab5a,ATM-TJDA-4707,ATM,11727.59,2023-08-18 08:42:03.096199,24.160983,86.292983
b8bb6848-317d-49b3-ab24-b7fdc3e9a5b8,6c95e9c4a0ba9faa,MIC-APJT-7829,MICRO_ATM_CSP,11727.59,2023-08-18 08:28:32.414438,23.977132,86.801592
0ada2860-275c-457d-bf38-23a66d712fc0,c4c27acc47e6d960,ATM-YAGX-8767,ATM,11727.59,2023-08-18 08:09:22.725135,28.57704,77.441005
4f742551-abd4-4848-918b-79f25b4a6b73,15bc62bab6812a87,MIC-YJKZ-7610,MICRO_ATM_CSP,224625.68,2023-09-17 00:03:04.615852,22.601002,88.418644
043b6bc9-e482-4aa2-b1fa-d5cb18e8dd06,81505285be6f291f,MIC-DSYK-9737,MICRO_ATM_CSP,224625.68,2023-09-16 22:30:35.181380,24.226059,86.256939
ac273045-d574-4641-a8ab-4abe83272a4d,6719077e3a6cd655,ATM-HUEK-1322,ATM,3822.18,2023-10-13 19:39:15.754583,23.911103,86.830373
03ec9e54-7753-4fb0-8ad2-6ea82b93ea26,5e7a22b24305ff3a,MIC-JJAR-1674,MICRO_ATM_CSP,3822.18,2023-10-13 20:37:05.895993,28.08466,77.11383
90e888b1-96be-4c7a-b733-4165f9c4387e,b40cfec92900ce51,POS-UNTQ-1396,POS,3822.18,2023-10-13 20:22:41.813185,24.290234,86.301777
f51cf7c6-593f-4718-9846-f585a33a0f51,150079c7a6c509ea,ATM-GWGZ-4324,ATM,5446.61,2023-10-13 19:52:18.597219,28.564477,77.398601
613b58fb-29c0-4b64-9879-adfcee123599,e443efdf9bae5f0d,POS-QHUM-1539,POS,5446.61,2023-10-13 20:13:07.783633,28.084693,76.957753
f5273bdd-f82f-44a1-95f8-f5a184da89ad,801c737176bab764,ATM-FRJD-4051,ATM,3631.07,2023-10-13 20:27:46.663835,30.922146,75.858128
fec72fff-3888-4c62-ae0b-f4290bd336b7,83a3a20e0d2167a6,POS-JYYT-0076,POS,3631.07,2023-10-13 19:56:22.309956,28.134104,77.057236
f3be50be-61c9-4328-8fb0-3f5d936dc262,3e44a84deba706e5,MIC-RJTU-9429,MICRO_ATM_CSP,3631.07,2023-10-13 19:28:40.601613,23.896685,86.843504
8cbb4399-4c93-42bc-abed-39a06ea6cc20,99a3e1da6dbb6224,ATM-JLON-6685,ATM,2723.3,2023-10-13 20:31:08.402406,13.018193,80.305771
85c96ebc-95aa-4ec5-bb55-81bf2e5082db,98768ceed9627cfa,ATM-WACX-6268,ATM,2723.3,2023-10-13 21:12:29.742003,23.956424,86.821046
3c0e1289-aa59-4fd9-b9de-7ac4b73cc21f,85325f4fb0095b84,MIC-UMFN-2179,MICRO_ATM_CSP,1815.54,2023-10-13 20:06:42.089453,28.57977,77.32368
d570edc5-cfaf-4f3b-a308-9eb4341e7bc0,d360483171622837,ATM-IQQU-7606,ATM,1815.54,2023-10-13 20:00:06.813747,22.466065,88.419997
bc678461-74bd-4aea-910d-1da103b25f30,e7dabff5801a84c0,ATM-FITC-3262,ATM,1815.54,2023-10-13 19:43:56.945848,22.642817,88.392988
25c2476a-99e1-487c-b955-a5d1b5884b95,cafd7e8e5e09f087,ATM-PRWQ-6404,ATM,392050.9,2023-11-29 15:41:17.682267,24.199921,86.34693
e62ccc40-5d3f-4489-9a96-64e6a70e9ee1,d81d1683ecaac229,MIC-KSRP-5940,MICRO_ATM_CSP,56394.8,2023-05-16 20:03:54.362348,22.550022,88.365233
d5d8fd80-e718-4b39-b09b-61188450adaf,8608ca6e1438fc4b,ATM-HOUO-6390,ATM,56394.8,2023-05-16 19:25:35.959569,24.012384,86.801055
9416c8f2-09f0-46db-a29d-e5c64b47e4eb,9161da7be526b717,ATM-FNPF-5441,ATM,11507.06,2023-04-14 21:22:47.264723,24.151943,86.305462
5543e538-43b2-4536-99ff-f9d0db986f5e,e2f19358960dc1b8,ATM-LDOF-8081,ATM,11507.06,2023-04-14 21:54:45.376864,28.486227,77.414858
3b2b8178-00ac-40d3-bceb-79ef0d9a02ff,e2f19358960dc1b8,ATM-ESZG-2011,ATM,11507.06,2023-04-14 21:20:53.436767,28.591919,77.472325
602a0b51-91f5-4965-85a5-fc11858402f7,8c8e8c2707466b4c,ATM-CXKE-7913,ATM,11507.06,2023-04-14 21:18:49.423031,24.258502,86.282194
635509bf-4e9a-4fe3-9c96-d1b5b12983c3,028202be514e6b30,MIC-USSN-3377,MICRO_ATM_CSP,11507.06,2023-04-14 21:56:00.760553,28.082451,77.031631
14cb4896-d917-4ae4-b5be-9167f0ab893a,96739c6dc7f02b5f,ATM-FVJT-0962,ATM,11507.06,2023-04-14 22:12:34.050154,30.925373,75.902709
f2227ed3-2f10-427b-a188-b527489962a7,9b4705a5a1cd1e5b,MIC-TMMQ-7467,MICRO_ATM_CSP,11507.06,2023-04-14 21:44:45.115241,22.606943,88.307281
b27dff5a-6c54-40cc-ad23-82bd32d365b3,a51df696101acc29,POS-JCVC-3951,POS,11507.06,2023-04-14 21:39:02.594536,13.028745,80.224472
e1bf19ff-130f-4fa9-993c-2756e0415eb2,9161da7be526b717,ATM-KHPZ-1149,ATM,23014.12,2023-04-14 21:43:14.167100,24.207543,86.343248
7c4d8394-1b00-410c-97b1-daf9450dbeba,9161da7be526b717,ATM-WYXX-0860,ATM,23014.12,2023-04-14 23:44:40.508668,24.236377,86.296855
591eb6ee-5ed3-4f1e-aee6-5c2e8411d23c,9161da7be526b717,MIC-SNSQ-4964,MICRO_ATM_CSP,23014.12,2023-04-14 21:39:55.852342,24.074067,86.305301
80a09782-f586-4f1c-a27e-683f5517b098,e2f19358960dc1b8,ATM-ASCR-1368,ATM,23014.12,2023-04-14 21:40:07.060446,28.550429,77.413986
7b5af0e4-031a-41e2-bd17-f5335e86dc39,9161da7be526b717,ATM-NNVS-9181,ATM,23014.12,2023-04-14 21:50:51.138196,24.129702,86.392762
139962a8-827d-47ff-ba47-59b577f02298,6e8a7e20f88060bd,ATM-PFEX-0707,ATM,23014.12,2023-04-14 22:01:46.144207,22.504021,88.356532
fd3feb7c-4a5b-48ae-b00e-e2cdf2a5f246,9161da7be526b717,ATM-ZALV-6075,ATM,23014.12,2023-04-14 21:36:01.354546,24.145297,86.24159
356b6afb-275c-4b49-86b2-e87a4fc068e0,6719077e3a6cd655,ATM-CTCJ-4830,ATM,23014.12,2023-04-14 22:28:33.809724,24.001584,86.874546
265a5377-b6d5-4363-8b0d-1b318b3ad411,10e4948592a3bbc6,POS-EGQC-9154,POS,80064.7,2023-08-19 01:26:20.252791,23.919663,86.785974
48861460-59c4-4c16-afee-18d4fd1ee477,5f622da84139756e,MIC-EWAJ-0215,MICRO_ATM_CSP,80064.7,2023-08-19 02:22:23.868036,13.118999,80.182996
384730c6-a5ab-4e40-9d6b-7e38f024e450,8c8e8c2707466b4c,MIC-NLEB-6731,MICRO_ATM_CSP,13344.11,2023-08-19 01:44:27.180815,24.190803,86.295814
00242eb4-0a41-4d97-898f-f0818aed44b0,6719077e3a6cd655,MIC-LSKO-6885,MICRO_ATM_CSP,13344.11,2023-08-19 01:45:36.130016,23.920989,86.847773
9831c2df-472c-47d0-a32e-4d5b96b5fb80,51cba92f234ec17c,POS-ZEBH-5051,POS,13344.11,2023-08-19 02:10:19.642242,23.971497,86.74589
0616b91f-53f3-4d3a-a4be-ee5435f586d8,b54aa42950315b45,ATM-FISU-5816,ATM,40032.34,2023-08-19 01:32:50.228151,30.837238,75.917021
d2000c42-6451-43e1-8797-405349ec4cd4,febf24426daa34df,MIC-NWHJ-2056,MICRO_ATM_CSP,20016.17,2023-08-19 01:27:47.505361,19.032919,72.945571
b35cc332-b92d-485d-97f7-0ba1fcfd0832,6719077e3a6cd655,MIC-MFRD-7477,MICRO_ATM_CSP,20016.17,2023-08-19 01:25:18.539481,23.929986,86.705849
0941dc89-05ba-49b5-9597-601841d97ab7,0f402318041204af,ATM-YQNJ-9014,ATM,40032.34,2023-08-19 01:35:47.089489,24.207691,86.300667
605e3615-46f4-4453-b3ef-9d7b080929c2,4214d918811a3778,MIC-AJAS-2049,MICRO_ATM_CSP,12197.08,2023-05-22 03:57:19.424210,24.255422,86.263399
fedff952-fff0-4fbc-af86-0712fa5dff95,952daf51a91e8b31,MIC-OVIV-2688,MICRO_ATM_CSP,12197.08,2023-05-22 03:53:19.036923,23.965892,86.779897
ef4c4645-fc30-409a-b813-6a5f2fbcfb01,2c44e83fabfdabca,MIC-FWPB-9769,MICRO_ATM_CSP,12197.08,2023-05-22 05:18:37.185274,23.940691,86.810674
b593097f-8018-4b8c-8dc6-771fc9503d87,0b2dda7d9fab34a2,MIC-EKSB-0853,MICRO_ATM_CSP,18295.61,2023-05-22 04:14:25.405541,28.511565,77.251814
e4e1255d-cfcc-45e2-9ef4-5cca85b9071a,952daf51a91e8b31,ATM-UZRX-9037,ATM,18295.61,2023-05-22 04:15:12.702401,24.042741,86.784928
da538d3a-4920-47c2-8645-bbe3e9d68357,07e0cebd234c62cb,MIC-OWVZ-5482,MICRO_ATM_CSP,18295.61,2023-05-22 03:48:43.140068,24.161978,86.263127
8054e732-b0ce-44ea-ace8-448b5ce55c3a,fc8676e6a3807581,ATM-KKCZ-9682,ATM,6098.54,2023-05-22 04:15:57.322656,19.003136,72.964
0f59f93f-f90f-4aca-bbd0-10e60b59bbd2,952daf51a91e8b31,ATM-QWCM-9730,ATM,6098.54,2023-05-22 04:58:14.076620,23.958126,86.839493
45b24983-de89-4b74-96a4-3983a73e402f,6b92aabf992d4df4,ATM-GGYC-6223,ATM,6098.54,2023-05-22 04:28:52.262934,24.213307,86.276765
e992f191-a48a-4d86-8bef-f8bc47cc88d9,110ff49da0eee279,MIC-YZDO-7875,MICRO_ATM_CSP,9147.81,2023-05-22 04:03:02.772884,28.112666,77.046978
3d4c9cb9-abf5-41bd-957f-10b36eead447,91ff603347d3f90a,ATM-WSZB-0664,ATM,9147.81,2023-05-22 04:20:12.650921,28.045109,76.991714
bcf88f5b-8d8f-4d14-a465-7c020c3f87c4,73c1232d5b4b4de7,ATM-OAQG-9278,ATM,6098.54,2023-05-22 04:13:07.025477,19.065589,72.850883
cedfec51-0e07-4261-9664-d92c1939a7d6,1b753779d07e2b97,ATM-SZQB-3651,ATM,6098.54,2023-05-22 04:30:08.763127,28.507798,77.399912
2afdca7f-6271-4673-8f44-27c41ba2e862,dd3bf42a1dd6c675,POS-BZAH-6102,POS,6098.54,2023-05-22 03:49:43.912401,24.265039,86.324898
22d48f39-e9b4-497f-977b-3bde8edcd56a,91ff603347d3f90a,ATM-MLQW-7682,ATM,22471.31,2023-11-27 03:29:50.380038,28.106072,76.881828
91f19611-55af-4781-9788-774f747353a4,7878fbab6ddda2f9,POS-KQXH-5590,POS,22471.31,2023-11-27 04:42:53.671684,23.935932,86.856801
05829cdc-d83f-4029-a354-e0a61b0792f0,800f97ed69d44439,POS-EBDS-6896,POS,22471.31,2023-11-27 03:31:47.575361,28.191198,76.968688
822fbd9b-1baf-49d9-a603-732f81736d8a,04cb4af66bbc9cd7,ATM-GIYM-4633,ATM,67413.92,2023-11-27 02:57:00.632730,28.558613,77.443344
12c26a26-e2d3-42a9-9e72-0b4923a78433,800f97ed69d44439,ATM-DLHO-6633,ATM,67413.91,2023-11-27 03:30:39.872195,28.125364,77.048272
7fbca98d-43c8-4b89-8f6c-a1f9455f1547,774f92e6569462f3,ATM-TEOI-6972,ATM,67413.91,2023-11-27 03:10:59.520789,28.477725,77.262493
cdbd7ae9-d192-4090-a124-ec108fc4463c,91ff603347d3f90a,ATM-FQKE-6133,ATM,22471.31,2023-11-27 04:07:34.030564,28.192884,77.053066
9d2e6938-9145-41e4-a9d3-98d3d5ebe6ba,7878fbab6ddda2f9,ATM-GCWD-2481,ATM,22471.31,2023-11-27 02:58:44.244433,23.986609,86.862544
b86fabfc-46dc-4441-b0b6-fa1d535e8ff4,800f97ed69d44439,MIC-DHIX-3206,MICRO_ATM_CSP,22471.31,2023-11-27 03:25:22.504218,28.098167,76.960343
be19e42d-a0a5-425c-acdb-35b95d6ee884,a1ad02ba32ffeec8,POS-ZJUG-4072,POS,22471.31,2023-11-27 03:13:51.940640,24.134923,86.235264
51936e7c-57b6-43cd-92bb-8efdb692e8c8,4d615301bf0f358a,ATM-EMSH-4772,ATM,22471.31,2023-11-27 03:12:25.217216,30.923269,75.836882
7bb2754a-47ab-467d-b2a4-3c6ceba0ba47,25b04eca97925f46,ATM-ISUQ-1344,ATM,22471.31,2023-11-27 03:13:15.029514,24.27103,86.365188
949619c1-887e-4e25-a20a-431f84a42c1c,4b2f70600e0981d6,MIC-PBGY-9558,MICRO_ATM_CSP,191530.4,2023-11-07 05:39:38.616113,28.452749,77.386663
ae8fbed1-a01b-4bb8-9ed4-3673d0631dd9,10391296d265566e,ATM-FCVX-0640,ATM,10809.56,2023-02-11 07:03:59.930971,27.946461,77.039977
0f5021f3-59ca-410a-8ab4-e1e41fd40192,a2be5453e6de14d6,ATM-QLSK-9875,ATM,10809.56,2023-02-11 05:49:43.008069,30.781338,75.942128
c1e745b2-17ad-489a-a565-311cbb33d477,6b92aabf992d4df4,ATM-LIHI-5845,ATM,10809.56,2023-02-11 05:38:02.055489,24.215865,86.285809
a24b8cd4-609f-472c-819a-c1772f279d5f,6877ffca8e5a30eb,ATM-JFWT-2236,ATM,32428.67,2023-02-11 06:27:13.118443,24.20123,86.321857
5a588b26-6a5b-406f-ba42-87d93f5ae6cd,fbdf11c16c6f1158,POS-BWCY-8723,POS,10809.56,2023-02-11 05:54:46.376048,28.516397,77.329016
3fa63ff8-fd22-48c6-8f1f-a8d7687166cc,10391296d265566e,ATM-LVGX-0602,ATM,10809.56,2023-02-11 06:43:58.045870,28.025044,77.035569
dfbc1454-bf36-4029-ae5e-3e3bef50b6fc,6719077e3a6cd655,MIC-EYGR-0921,MICRO_ATM_CSP,10809.56,2023-02-11 05:54:54.807709,23.971727,86.755147
1b7b42bc-6f2e-4f7c-9f12-149f759554b4,ea1049248384ef38,POS-CRKE-2333,POS,16214.34,2023-02-11 06:20:40.068775,22.483092,88.427015
853846d7-3cdd-48fe-9059-f0951ff0f194,f067cd13d9bb540e,ATM-CGCZ-6352,ATM,16214.34,2023-02-11 05:54:03.737930,23.922317,86.879117
3ca74145-df01-409d-823f-20e7318cc1d2,7fe57d0ff66463b7,ATM-NXPQ-6250,ATM,16214.34,2023-02-11 07:03:29.976603,22.59619,88.418659
c9583265-4d38-420a-91bb-ed9337cfc7d7,6877ffca8e5a30eb,ATM-WTFG-2352,ATM,16214.34,2023-02-11 05:24:20.102885,24.207261,86.260269
13405ae0-ca44-4224-9e01-2c0700cde4b1,fad5cbcf2a4d463c,ATM-XUTX-4546,ATM,16214.34,2023-02-11 06:16:48.805576,30.990229,75.837648
123fee82-d0ce-4bf4-bd18-b10408ecfcde,523725b9cd46e00b,POS-DMDK-9394,POS,16214.34,2023-02-11 06:27:40.493018,28.153221,77.064411
f6177f4c-9a5b-4605-a815-ad37d6c45513,e500c9e498d732fc,ATM-ZYJE-6287,ATM,16214.33,2023-02-11 05:58:01.545377,13.048692,80.304559
6f4aef5c-33a7-464a-b4af-7dba115cdc56,0f402318041204af,MIC-PMJG-5131,MICRO_ATM_CSP,16214.33,2023-02-11 05:38:48.625751,24.221691,86.367133
73a1d2e9-5900-4aae-b500-5eafa88e1186,3963b6f6f79dd7db,ATM-SQNI-9190,ATM,10809.56,2023-02-11 06:13:53.458266,28.185182,76.958891
93b258b3-bc64-48e5-87e1-0fa42dbd78cf,9fb71d78ccc4f2b1,MIC-DNFR-7169,MICRO_ATM_CSP,10809.56,2023-02-11 06:27:37.270724,28.551124,77.302061
7d4af641-7919-4add-82e5-e79d819ccb39,ec7e68e5d9782dd2,ATM-QZSQ-3502,ATM,10809.56,2023-02-11 06:52:06.768888,19.059705,72.986442
d861bd19-d8db-470d-8401-7fe7125ffe34,6e8a7e20f88060bd,MIC-PBFY-7059,MICRO_ATM_CSP,16214.33,2023-02-11 06:05:32.091725,22.524769,88.346016
b4de7547-ff17-4cc8-83a0-7135f2c0b521,b0c598b744054043,MIC-WSJK-7726,MICRO_ATM_CSP,16214.33,2023-02-11 05:58:08.249558,23.943003,86.719928
b0107c33-6769-47f6-bf1b-659a93ed9a08,6719077e3a6cd655,POS-YKHS-9393,POS,5702.86,2023-06-07 13:20:21.493522,23.94629,86.860751
d215638e-7d39-413d-9b08-2cfafe0e336f,028202be514e6b30,MIC-DWQK-3985,MICRO_ATM_CSP,5702.86,2023-06-07 14:12:27.089378,28.072512,76.96993
74516c00-19bd-4dce-ac12-5929500f7da4,617e20d2bab877e7,MIC-VKMG-3121,MICRO_ATM_CSP,5702.86,2023-06-07 13:24:49.545429,22.573614,88.287189
2e184670-6035-437f-88e9-3eadd9dafe77,9161da7be526b717,MIC-AGSK-9640,MICRO_ATM_CSP,8554.29,2023-06-07 13:15:44.871453,24.284232,86.322236
68481a35-4240-420c-8449-4c709ee3176c,6719077e3a6cd655,MIC-FIKS-0417,MICRO_ATM_CSP,8554.29,2023-06-07 14:46:15.543142,23.989561,86.872424
86f4827a-1e7f-44fe-bb03-3a0a1370c47f,a34eda124c7becc8,ATM-VZOT-9966,ATM,8554.29,2023-06-07 13:15:04.831230,19.197271,72.873744
c324f1f9-1ce4-473a-8e10-6d1e13fdcfc8,028202be514e6b30,MIC-WKIE-4119,MICRO_ATM_CSP,8554.29,2023-06-07 13:59:20.179656,28.039094,77.025724
9ea5564f-c661-48f8-acfb-22e15a6431fb,028202be514e6b30,POS-KAAB-7490,POS,8554.29,2023-06-07 13:51:25.157633,28.075294,76.954354
1f4b618e-68b9-4c15-9546-02e8822db3f9,6627778c0faccd9e,POS-RAMX-5122,POS,8554.29,2023-06-07 14:14:40.128397,24.171199,86.29721
df4d179e-63cc-4987-af71-fa071c01ae8e,d3503cdd07a76e2f,ATM-DKSR-4255,ATM,17108.58,2023-06-07 13:22:39.128385,24.017549,86.905066
769a91ef-d9e4-48e9-a701-50eb9c54b57e,4b2f70600e0981d6,MIC-WGGM-5770,MICRO_ATM_CSP,17108.58,2023-06-07 14:10:18.643305,28.485283,77.370555
03dd0647-1d98-42c2-ad07-cb4ae042eb06,40b46b1908cf6f3c,ATM-UQPA-4669,ATM,17108.58,2023-06-07 13:47:05.992079,24.22386,86.338124
8856fe2f-95e7-417c-8644-be09630af8a6,4b2f70600e0981d6,MIC-PWNL-8484,MICRO_ATM_CSP,8554.29,2023-06-07 13:52:41.149496,28.49027,77.437641
b935344c-b0d5-477e-a50c-977d181276ee,5308e86f6edbf7ed,POS-APDS-4047,POS,8554.29,2023-06-07 13:29:23.430780,28.078218,76.963153
2509829f-0de0-4f22-8292-b38bb89b22bf,7fe57d0ff66463b7,POS-ZZSH-0235,POS,231823.27,2023-03-07 02:31:55.235113,22.565111,88.381956
29ae9a3c-539e-4daa-9a0f-e402d74818b1,0c7d0bd91be18aaf,ATM-BMVS-9789,ATM,231823.27,2023-03-07 02:36:49.935721,28.152874,77.010899
998bd29a-8536-47c1-a268-237d600b3ac1,8595d99a4d487472,ATM-AEWW-5546,ATM,11763.64,2023-01-25 01:36:28.319206,28.595921,77.346076
122e2da2-08db-422e-b47f-ccaba0c06990,7419f0963738d159,MIC-AKZK-8997,MICRO_ATM_CSP,11763.64,2023-01-25 01:50:30.560786,30.983886,75.915064
112e9812-dd2e-4e00-8a66-70cba042216f,dd9de6b05ff51602,ATM-JQCA-9498,ATM,11763.64,2023-01-25 01:54:43.195947,24.149981,86.28653
ec21ea1c-baf7-4a87-8757-68b3c79cd781,bae8c9e755c32ed4,ATM-IHVL-2608,ATM,11763.64,2023-01-25 01:45:46.653559,24.248621,86.315943
c8c46dec-97a8-4d30-bc1b-02cdccd6e7d5,f2096f718ea48500,ATM-LWNY-6334,ATM,11763.64,2023-01-25 02:08:44.572001,24.167566,86.331779
2f60e2a6-e137-493a-9f1e-e2253bd9cdb7,1060b2a279af1d01,POS-FFYA-8831,POS,11763.64,2023-01-25 01:33:00.672543,24.011132,86.732453
8a80a622-05e4-4321-9024-ec60974f7e5e,ce42adff5fb0bcc0,ATM-IXEY-1964,ATM,12499.61,2023-08-26 19:13:49.564555,24.296802,86.281255
1d033b33-29cd-421d-9ac2-2552a2d70b20,028202be514e6b30,MIC-AZEI-6570,MICRO_ATM_CSP,12499.61,2023-08-26 19:30:28.853993,28.105824,76.939438
53db61e0-e302-4380-9db8-d3521f7420ad,7f8ba2c0a09c55cf,POS-SNVG-9338,POS,12499.61,2023-08-26 19:16:37.092161,13.194175,80.253076
02e3cf89-7dea-4dd5-961d-463db689e06d,028202be514e6b30,MIC-LUPW-5479,MICRO_ATM_CSP,37498.82,2023-08-26 19:15:45.249550,28.199506,76.926213
f498bfe5-fc69-4032-9866-1251779d91e2,028202be514e6b30,ATM-ORDO-2022,ATM,18749.41,2023-08-26 19:37:38.645666,28.126799,77.114564
a8857919-5172-4d57-b69e-cb031445b4d2,6627778c0faccd9e,ATM-DCJR-6377,ATM,18749.41,2023-08-26 19:39:28.733073,24.16408,86.312444
40d4f595-3ea1-48ea-b867-2cf1f4c400a3,fad5cbcf2a4d463c,ATM-HROA-4675,ATM,37498.82,2023-08-26 19:21:06.469629,30.96744,75.840233
226de382-33a2-4cc5-ae09-1d384163d1ce,ad5fe18df494f9d9,ATM-KIUU-4692,ATM,37498.82,2023-08-26 19:49:22.770783,13.010414,80.24656
857f6cc8-4fea-41ce-b436-015742b6fe97,178450fb5c068e0f,ATM-GPYC-3396,ATM,37498.82,2023-08-26 20:05:10.164880,30.915391,75.871104
8885cc81-651a-42b1-be02-67e1d9de66e9,2a5119a5778f8fb7,ATM-DKFB-5919,ATM,28124.11,2023-08-26 20:02:06.007467,28.569914,77.349456
9d0256a1-1e97-42e1-be11-ee51bd20e1c1,2e4345eca1b5a34c,POS-ZBZK-0012,POS,28124.11,2023-08-26 19:09:46.515719,28.634664,77.35098
4dd69737-642b-46f1-8a59-13217e23d7c1,d0d470cfc4fc7e7d,MIC-HYNQ-9404,MICRO_ATM_CSP,14062.06,2023-08-26 19:35:36.202373,13.086589,80.287043
58f36368-1164-4ca4-8c97-e7fd43dab00b,04cb4af66bbc9cd7,ATM-PBKX-1211,ATM,14062.06,2023-08-26 19:43:54.675393,28.546866,77.33648
a497aaad-8d87-433b-815e-aafb97650896,6719077e3a6cd655,MIC-KPXA-9001,MICRO_ATM_CSP,14062.06,2023-08-26 20:04:07.180175,24.026247,86.787783
e80a3bdd-65cb-451b-9c46-cd4dc493aacd,62a72b46f2d2fdbe,POS-PGON-8602,POS,14062.06,2023-08-26 19:28:22.629113,13.103426,80.280568
d30455ea-1b2a-42ac-ab66-cf8918cf56b1,fbf4e2a2689a0699,ATM-BDMZ-3229,ATM,41848.62,2023-01-25 14:48:49.822888,23.873971,86.775784
e5cfe4bf-e0f1-4bf5-b6a9-6b28f4eee8a5,6719077e3a6cd655,ATM-CASJ-8369,ATM,41848.62,2023-01-25 15:07:17.855917,23.95051,86.798032
657374c1-3171-4e40-b631-bac37fa40aa2,3a84fdc33508e322,ATM-DAFS-0771,ATM,41848.62,2023-01-25 14:18:33.970993,19.060658,72.877957
283cac8f-9e7b-4462-8fc6-603b8daf2ec2,c3f72c30b76aac18,ATM-LVFY-5354,ATM,62772.93,2023-01-25 16:00:19.770566,28.484017,77.321096
89066e4a-affb-4068-8ab4-1bfd83ff5c88,4ea91a930097779c,ATM-OPJH-6980,ATM,62772.93,2023-01-25 15:03:33.712434,24.169069,86.32795
8d923569-2136-4c9b-bfd2-2ca0d3686b6c,78cfb5c38ee21247,MIC-PGQD-7491,MICRO_ATM_CSP,125545.86,2023-01-25 15:11:12.935088,23.936164,86.826128
67d4de5e-a33c-4f39-becf-ca9544cbeac6,540d6d34de564912,MIC-MMRI-0273,MICRO_ATM_CSP,38127.1,2023-06-09 11:10:50.117755,30.903739,75.810902
dca1b4fa-bb32-4e70-bcc2-480302cd7a93,4f0d8ce1b58bf64c,ATM-NVRU-7997,ATM,38127.1,2023-06-09 10:19:48.109162,19.066431,72.905737
a578bce6-d585-426e-a16a-c93189599142,25b04eca97925f46,ATM-ADGV-9518,ATM,10949.39,2023-01-05 18:47:05.345380,24.219323,86.328434
e80bbd91-df45-4e23-a3ae-912d170de2cd,25b04eca97925f46,MIC-SFCO-4916,MICRO_ATM_CSP,10949.39,2023-01-05 18:59:41.289970,24.139193,86.267304
4259c79f-c7ca-4cbe-bb22-f480feb0783e,d9956ae44079537a,ATM-KQSN-5101,ATM,3649.8,2023-01-05 18:40:33.179651,30.884314,75.896512
c3b569e4-24a4-4425-911e-eadcb8dcfe55,ce42adff5fb0bcc0,ATM-IYJW-8322,ATM,3649.8,2023-01-05 19:12:07.703589,24.133858,86.304768
6b9f7e56-6d4c-4229-9247-dce0ea64a820,4d615301bf0f358a,POS-HNJB-2907,POS,3649.8,2023-01-05 18:43:08.427343,30.939619,75.890623
9c5db6c1-fe65-4ee9-b461-3812c1d7962c,f716e35638c3dd12,MIC-ASOR-1116,MICRO_ATM_CSP,80131.34,2023-03-24 08:57:36.520249,22.642881,88.360764
dcf4f79f-2065-40cd-815e-92ca6f56c4ca,83ba5887d82ddd6a,MIC-QNXK-1289,MICRO_ATM_CSP,40065.67,2023-03-24 09:42:54.718266,13.047088,80.302855
6080a913-5126-431a-a6e8-e2d1d3d1ff5c,4a2108204892de8a,ATM-XIHL-6641,ATM,40065.67,2023-03-24 10:32:31.667926,23.966992,86.811309
7ee32918-79b5-491a-aade-318160524580,2647f966c1839f83,ATM-GIQG-2515,ATM,40065.67,2023-03-24 09:14:37.813891,28.165775,77.03656
ab1ef895-51d3-43a4-bc56-0a4772cc78d6,f716e35638c3dd12,ATM-CZPA-7619,ATM,20032.84,2023-03-24 08:52:24.383419,22.514023,88.387297
09aa128d-f58b-48e6-94d0-f117ba31c479,83ba5887d82ddd6a,ATM-AMYR-5165,ATM,20032.84,2023-03-24 09:58:17.149017,13.084096,80.255774
e9577060-ca3b-4ecb-838c-525bf8d2b069,2647f966c1839f83,ATM-QHJL-9274,ATM,20032.84,2023-03-24 09:00:18.123728,28.061959,76.975105
8a7db8d3-d303-49f1-a50c-5de4b3130906,2bc3bef98dc93ad5,MIC-ZWRL-1168,MICRO_ATM_CSP,20032.84,2023-03-24 09:01:59.528255,24.164068,86.200394
467921b1-a721-4230-989f-342892214112,a40844e151329aea,POS-KVJZ-5616,POS,40065.67,2023-03-24 09:30:25.057696,24.243438,86.310408
43791b28-1f1b-48cc-9ae9-f7d4156114da,4a013702888d6ac4,ATM-PUJW-9624,ATM,41625.89,2023-09-20 16:22:47.393338,28.531918,77.31941
4a4ab2be-12e7-45f2-b844-c3368e470dcb,94886534ba697546,MIC-BJFN-0606,MICRO_ATM_CSP,41625.89,2023-09-20 15:44:42.341813,28.07716,77.059953
1cc63987-5f61-475b-b852-859260badfc1,e3d62aedfb9d3703,ATM-AFOJ-0926,ATM,27750.6,2023-09-20 16:05:52.818416,13.120654,80.262579
f41439d7-9e2f-45e3-a128-6fe96a59514e,ce42adff5fb0bcc0,MIC-CZNI-3888,MICRO_ATM_CSP,27750.6,2023-09-20 16:00:07.879890,24.125285,86.245868
3cd477a8-401f-4fe2-b770-32621d54d50d,9c933ed3540d2b7d,ATM-GHEJ-3989,ATM,27750.6,2023-09-20 16:03:29.461621,13.052243,80.319623
6f5348bf-3f55-4ec8-a2c3-e7dc6de4d1dd,c05a5b6ef117bd25,ATM-HOSV-4080,ATM,55501.19,2023-09-20 16:04:17.329459,28.122455,76.989956
5bca8d9c-9746-489d-980c-11438c408b6f,3c3f2e8c9b7b4708,ATM-QXHB-0964,ATM,9250.2,2023-09-20 15:47:27.474745,30.929641,75.843027
120643c5-6cda-497d-9e92-18c7ceb8e70a,15bc62bab6812a87,ATM-IMCV-2352,ATM,9250.2,2023-09-20 16:25:47.829495,22.617515,88.349251
8593b189-d96b-4360-8b5d-d7bb48644bc2,83ba5887d82ddd6a,MIC-QYUX-0387,MICRO_ATM_CSP,9250.2,2023-09-20 15:44:40.200562,13.108035,80.316987
64feb4a5-fbcf-464b-af61-7b2e8405a548,83ba5887d82ddd6a,ATM-RVNK-0550,ATM,13875.3,2023-09-20 15:34:33.565243,13.153783,80.330075
1f8ad96b-9be0-4ff6-9616-894d3880989e,4a2108204892de8a,MIC-AEBU-7892,MICRO_ATM_CSP,13875.3,2023-09-20 16:22:41.859773,24.017535,86.849691
f624301f-6775-46c6-95d6-43c855c53cad,51cba92f234ec17c,ATM-DVXJ-1472,ATM,9250.2,2023-09-20 15:42:36.173267,24.027149,86.774059
1de656a5-e5f7-483b-ad24-e4c1dac9e733,89d7b75cd9122aad,ATM-HQHZ-2236,ATM,9250.2,2023-09-20 15:32:16.666120,30.910405,75.829445
bb7555d3-590d-4beb-ba80-3fc13a95a000,7b68689a915b1865,POS-QOJW-8110,POS,9250.2,2023-09-20 15:50:38.680385,28.434986,77.394739
d17ca7c7-ca48-4ba8-9947-79e880860546,51cba92f234ec17c,ATM-MZTU-6251,ATM,13875.3,2023-09-20 15:31:29.222914,23.939171,86.728856
058bbe76-543d-426c-b6c1-876958203e85,3595b10f9139f7f5,ATM-SMNJ-2239,ATM,13875.3,2023-09-20 16:00:33.274553,28.56371,77.406565
ef59b32f-e390-4d0f-879d-ab6ba9654810,d81d1683ecaac229,MIC-ZFQZ-9455,MICRO_ATM_CSP,103920.91,2023-11-04 20:14:05.705823,22.51831,88.407826
fb224ddf-9faa-4ca8-960c-1079d3f2529b,6719077e3a6cd655,POS-FGDQ-0246,POS,103920.91,2023-11-04 19:41:31.202981,23.944123,86.844841
e7905ba4-c2b3-4ef0-beab-3f5493d87b42,c05a5b6ef117bd25,MIC-UDLW-6647,MICRO_ATM_CSP,9035.07,2023-04-26 02:59:57.940776,28.170233,77.008417
911dfe51-ab61-4625-993b-ed4ba4dd5e37,f35940835bdb022f,ATM-EJBT-4863,ATM,9035.07,2023-04-26 03:32:49.564484,24.218759,86.34162
464bbe9a-4250-4c07-8477-ee4aa4e84fb9,bb6efc9b42a0c6a5,MIC-AKSM-6606,MICRO_ATM_CSP,9035.07,2023-04-26 02:45:05.956611,24.227569,86.396243
0d33d134-3989-4573-b464-d5626ae69fe1,3c3f2e8c9b7b4708,ATM-IVDZ-6515,ATM,9035.07,2023-04-26 02:57:10.412545,30.880981,75.776308
ad67caa6-920b-4b94-84ea-19ac3e624b8d,f716e35638c3dd12,ATM-ITHR-3812,ATM,9035.07,2023-04-26 02:32:08.122663,22.616036,88.341817
07101cc6-5d95-4ccc-b0fa-6ce2684cc4a0,eceb974fb106da17,ATM-PAJH-3341,ATM,9035.07,2023-04-26 03:13:11.117238,22.558176,88.301814
e6a4ce3f-251c-49c2-bbed-c17da5307ca4,4a2108204892de8a,ATM-SWXV-9347,ATM,13552.61,2023-04-26 02:28:20.892892,24.030527,86.893117
7d1dee12-1aec-4652-b6d2-ab1c1d78cb77,83ba5887d82ddd6a,ATM-KCBO-0658,ATM,13552.61,2023-04-26 02:46:19.905392,13.072191,80.282308
1ebf21f3-cf02-4e87-b9bf-9a9671c5182d,83ba5887d82ddd6a,ATM-QRFM-3308,ATM,81315.66,2023-04-26 02:47:58.502787,13.050857,80.388243
5d586dfd-0fbd-4721-8c40-f3606aeb1e92,edaf410540b5230f,MIC-ZZUL-3297,MICRO_ATM_CSP,170302.75,2023-07-02 02:01:03.053499,23.978104,86.753596
67d5be61-cebd-458b-8a7a-efe3ec3f6b16,cafd7e8e5e09f087,ATM-AIPD-4367,ATM,170302.75,2023-07-02 01:58:54.276789,24.294614,86.336758
337b1228-edb7-453c-b8ea-59542128a010,7fe57d0ff66463b7,ATM-IATX-8202,ATM,94493.7,2023-05-19 00:13:46.654403,22.525103,88.33033
9ae04e81-86d7-46d0-8e89-4a1e67ce03bf,fed6a0b55d80fbac,ATM-ALHW-5063,ATM,94493.7,2023-05-19 00:16:46.912904,28.052944,77.013971
0e064fa7-3c1e-44f4-a1bc-dd09dc6e05a8,562772d2f729f0a9,MIC-PNMG-5794,MICRO_ATM_CSP,94493.7,2023-05-19 00:01:27.285740,30.867501,75.839511
987fbc41-75ff-4221-b959-745b91f68631,18d4b8c5d301d3fc,MIC-OVWI-1948,MICRO_ATM_CSP,94493.7,2023-05-18 23:51:49.370448,23.976839,86.877577
5b14cc4d-3c0a-4206-84fa-4d7c42bf049b,d81d1683ecaac229,ATM-DNVU-3246,ATM,118298.03,2023-06-30 18:09:39.425009,22.545351,88.334487
a65a7a3d-4a68-499b-860e-711ac30e0def,8608ca6e1438fc4b,MIC-DMJF-7731,MICRO_ATM_CSP,118298.03,2023-06-30 18:55:24.029869,23.910386,86.73457
9f5d879a-d17d-4e70-b9f2-076c855a7e4f,0f402318041204af,MIC-IEDS-3560,MICRO_ATM_CSP,176369.86,2023-07-07 10:51:03.554699,24.238838,86.28775
00a9da1c-5f8a-4733-9f61-c9e4663b2a18,76e37cd876827e1a,MIC-IFHG-7868,MICRO_ATM_CSP,176369.86,2023-07-07 10:29:49.027878,28.165734,76.97721
8f3df208-b6ba-4777-972c-f1d2a528b5b6,e09de44b287780d9,ATM-NUOJ-0362,ATM,33598.94,2023-08-15 08:43:06.083758,30.75099,75.836964
de0ec2d5-7f62-46cc-b9be-ab410e2005ca,ec7e68e5d9782dd2,ATM-NRNS-4299,ATM,33598.94,2023-08-15 08:58:16.393474,19.026391,72.851966
9f884034-8a9c-42c9-ae95-ac545833395e,f88d24bd0a63aea0,MIC-CALM-7433,MICRO_ATM_CSP,7466.43,2023-08-15 09:03:23.251384,31.012127,75.86169
bfd6ba16-c019-46b8-b6a6-50bb5479df6d,c44d8338f95263f6,POS-ECSC-8503,POS,7466.43,2023-08-15 09:49:52.252506,22.571807,88.377899
e3e9de80-a9c5-4614-a0b5-602b0f64757d,1b5f2c835b89a1e3,POS-OBVH-3331,POS,7466.43,2023-08-15 09:07:23.011097,12.982513,80.246726
7b77c090-0574-4273-8d3d-716d2eee161d,76b7a36222fb4dbf,MIC-WFHB-6890,MICRO_ATM_CSP,7466.43,2023-08-15 09:02:22.844014,28.07372,76.931955
658f7bed-74b0-489c-8216-b06b9f66859f,c44d8338f95263f6,ATM-GYES-6748,ATM,7466.43,2023-08-15 08:58:32.543233,22.526162,88.356891
6248089f-0bc9-409a-b9cb-80571d9e7351,96739c6dc7f02b5f,ATM-NMXJ-6670,ATM,7466.43,2023-08-15 08:48:10.716154,30.980044,75.875959
1b83a2fb-aa6b-4789-a74a-9287b77f3d60,c44d8338f95263f6,ATM-HCVQ-1719,ATM,7466.43,2023-08-15 08:50:09.903620,22.594349,88.357345
8617d0ec-5383-47fd-a967-cb6b186916bb,83a3a20e0d2167a6,ATM-SRUB-4096,ATM,7466.43,2023-08-15 08:58:29.836020,28.169873,76.92456
b8366369-fd5d-4e73-8692-c2af52b5229c,0f402318041204af,POS-LHFI-5360,POS,7466.43,2023-08-15 11:42:45.820179,24.170792,86.371599
f1e48101-f060-4ccd-89c2-7ecb1d29bb79,a90e52c63855a5a6,ATM-AFJF-0674,ATM,33598.94,2023-08-15 08:53:43.867877,30.887162,75.855762
f808d951-f0b2-4cd8-9a89-4981ca7e8817,76b7a36222fb4dbf,ATM-CIDB-7599,ATM,16799.47,2023-08-15 10:52:09.736439,28.046,77.015065
d7883c1c-40cd-4a35-887f-ad08601f983c,c44d8338f95263f6,ATM-EZGJ-0126,ATM,16799.47,2023-08-15 08:59:07.407218,22.6769,88.430671
ebbceaf4-2588-458f-9845-0685a84a8d42,f72723c2288b7429,ATM-MIWV-1644,ATM,4280.16,2023-02-11 13:35:11.203362,24.148844,86.298479
80a5af9c-5cb5-42dc-b43d-33a51fecfbf1,5eb59abc9c970d06,ATM-BUDI-6735,ATM,4280.16,2023-02-11 13:02:28.231043,28.587555,77.42365
34a5e431-1d1d-4bbd-b14b-8a961b71775f,15bc62bab6812a87,POS-JOIA-1857,POS,4280.16,2023-02-11 13:08:57.649471,22.696807,88.423424
fe84ea4b-6949-4a8e-81bd-89f7dca7efd5,a8db324facfdb708,POS-ERAR-0019,POS,6099.23,2023-02-11 13:10:50.012448,28.507904,77.356684
3e4345be-0191-4e8e-bc19-bef1b15f2080,25b04eca97925f46,ATM-DUTE-2852,ATM,3049.61,2023-02-11 14:22:28.167556,24.118876,86.324025
bc021e28-288b-4c85-8fcb-d58ad203b46c,a8db324facfdb708,ATM-MUMJ-9412,ATM,3049.61,2023-02-11 13:12:41.017772,28.536233,77.359785
6ec52351-a793-4a04-9dc8-ec79da2adf1e,562772d2f729f0a9,ATM-FGSE-5859,ATM,3049.61,2023-02-11 14:06:06.614658,30.960486,75.865666
82bef1bb-dc39-4ed3-ac2c-1edd1ba4461d,fed6a0b55d80fbac,POS-USCH-2741,POS,3049.61,2023-02-11 14:23:42.172050,28.144298,77.043537
b3ab456c-d32a-4626-80fc-ab520623c2ab,90ccc2d3d41485de,ATM-CXYB-4257,ATM,6099.23,2023-02-11 13:20:41.144579,28.090843,76.956929
64fb7b09-57cd-483f-8309-ce491b70baef,ce42adff5fb0bcc0,POS-GYQI-9542,POS,2033.08,2023-02-11 13:28:42.255245,24.183362,86.331648
020757cf-5e66-48ab-9403-472a664d4f63,e1884fc3fe5d9847,ATM-YJRD-6207,ATM,2033.08,2023-02-11 13:23:57.694338,28.462096,77.469124
c3076188-d006-4408-9a2f-9e27118a169d,38fd75ab3f30c2f6,ATM-MLXL-5250,ATM,2033.08,2023-02-11 13:14:56.371042,24.004179,86.754573
2bdc1c0b-d4e2-4da6-8320-c2cd813af1ec,6719077e3a6cd655,ATM-GQHU-9422,ATM,6099.23,2023-02-11 13:02:53.955521,23.941185,86.765674
465a1921-17c6-4519-9872-586bf3a4920d,82040f84c6d17a60,POS-GFCT-0168,POS,18297.69,2023-02-11 13:21:44.922524,28.529355,77.358077
b85d7c9a-bcb1-4434-b0ac-9effd7a7dd60,15bc62bab6812a87,MIC-XNNR-4518,MICRO_ATM_CSP,18297.69,2023-02-11 13:34:05.202585,22.620357,88.307637
ec3dde7a-4fc4-4773-a2d9-8ad30a8f8125,e2008e1b14bdb6c8,MIC-VBOT-5277,MICRO_ATM_CSP,2033.08,2023-02-11 13:04:27.207809,28.544052,77.329761
691fda5b-547f-4034-9050-d20460838c9f,33522c9bdbaf3bad,MIC-CWUT-7384,MICRO_ATM_CSP,2033.08,2023-02-11 14:34:45.091464,13.156496,80.248925
9fb920d6-917a-4508-aa7d-afe9e1f0e7e8,6da47df28d1aad11,ATM-JTEI-8162,ATM,2033.08,2023-02-11 14:05:59.205147,30.97023,75.928721
75df4ee1-e7f9-46ef-aeb4-46bcf6d57ac6,25b04eca97925f46,ATM-ZACE-1139,ATM,2033.08,2023-02-11 13:03:56.050579,24.16135,86.319802
da672b36-ed92-4d1a-b5d4-0c1300476e0f,a8db324facfdb708,ATM-UKHN-9751,ATM,2033.08,2023-02-11 13:08:58.740548,28.547812,77.351503
851bfaa9-c7aa-42c6-95c0-30ee56e57cee,1b31c8b8b88df13f,ATM-TBRI-5619,ATM,2033.08,2023-02-11 13:10:36.981479,28.594544,77.380834
1af2c932-183a-4708-86ac-67d53320a7a1,095c1c65e3981f27,POS-JPQT-7510,POS,6099.23,2023-02-11 13:21:23.164190,23.878442,86.836155
258b5eb7-024f-436c-b9ca-f19987410ee4,1b31c8b8b88df13f,ATM-NTCA-5581,ATM,2033.08,2023-02-11 13:43:04.371530,28.439351,77.38718
38d7cabc-39ca-4937-bc5d-5274d614d577,25b04eca97925f46,ATM-MZRL-3493,ATM,2033.08,2023-02-11 14:33:09.578885,24.208623,86.32173
e7cd0b95-c3fe-4842-834a-b509df86fe4e,24e643baebc74702,ATM-TMHP-7446,ATM,2033.08,2023-02-11 13:11:21.653049,30.882418,75.876834
eb7ebc63-3d46-47c8-b714-fad4a6074a41,f72723c2288b7429,ATM-MMJC-7864,ATM,57031.58,2023-08-30 07:58:03.909661,24.193207,86.373282
507d3149-c933-46c7-bb97-161704d33d64,d799d9a9330ffa26,ATM-PCQV-2750,ATM,57031.58,2023-08-30 09:05:45.888886,24.243116,86.262464
7ad463ce-7be6-4022-a0a4-5260803b847f,d987bbe07c445fa4,ATM-YDYA-8080,ATM,38021.05,2023-08-30 08:02:41.771088,23.877002,86.783939
93cf0fac-15a4-4c22-aa38-82ec3f2436a7,82040f84c6d17a60,ATM-UOND-7000,ATM,38021.05,2023-08-30 07:40:11.673206,28.563675,77.367986
c7426c01-d592-4f35-9f87-2d5476afa1bf,e15635324afef7f6,ATM-BXIA-9315,ATM,38021.05,2023-08-30 08:21:25.883664,28.666669,77.331028
aec9544a-fe6e-47d4-9b3a-ce5880906c03,6da47df28d1aad11,ATM-QLTY-7371,ATM,39701.83,2023-08-02 08:28:51.393368,30.917504,75.834334
62ca2eb4-c4ce-4031-9437-7eb09120a7af,98768ceed9627cfa,MIC-CYFI-5149,MICRO_ATM_CSP,39701.83,2023-08-02 08:11:57.060297,23.950332,86.92093
49469511-f4c3-4f1c-b309-aba4a001e903,384f87a17f6c5ecd,ATM-UYVG-0611,ATM,15507.39,2023-03-28 04:27:11.906441,13.118121,80.217908
8892c466-e61f-4a33-9c63-15de8d635579,a77e1110504ea4de,MIC-PMMH-5281,MICRO_ATM_CSP,15507.39,2023-03-28 04:19:50.275098,24.218127,86.320953
aaa340a7-baaf-452d-86a8-aa1c40a9402f,c05a5b6ef117bd25,POS-RWYM-1894,POS,15507.39,2023-03-28 04:16:35.021806,28.152071,76.98894
999fa810-ca57-47d6-bb59-715905099447,540d6d34de564912,MIC-VOGH-8651,MICRO_ATM_CSP,106288.41,2023-04-19 18:56:47.695905,30.940014,75.933679
a6305957-d82e-4aa1-9329-88233e9d16b1,450ed2cd4f37f2a0,POS-MLIU-7048,POS,35429.47,2023-04-19 18:52:47.364691,19.117071,72.872696
9d83b63a-bcf6-414c-90aa-0ac741a9abed,5440d6b39ae55086,POS-UWFJ-0591,POS,35429.47,2023-04-19 19:00:45.860175,23.970718,86.799802
041bc7d6-e3dc-402e-843e-70a94561532c,3fdb81fcdd99b495,ATM-OJVL-3400,ATM,35429.47,2023-04-19 19:27:43.610347,13.011341,80.261682
9b7a0d0e-02c1-4927-b736-2bb320f5b10c,cab96474e727e59c,ATM-VQXD-3319,ATM,70858.94,2023-04-19 19:03:02.078509,22.553342,88.342936
3e7e1a8b-8a3a-4802-bfa5-faba0b35e7ce,cb9fa8bf15d4a4db,ATM-MNBU-1313,ATM,35429.47,2023-04-19 18:52:11.876859,24.16233,86.282075
feeb9de7-8fd7-4185-be68-9574c123151a,ba703db5e0293b48,POS-EAQJ-5278,POS,35429.47,2023-04-19 18:37:00.272538,22.505635,88.312589
6e964e05-2a23-4534-87de-d1d8aae5dd28,90ccc2d3d41485de,MIC-KENN-4562,MICRO_ATM_CSP,70858.94,2023-04-19 18:53:30.982776,28.161265,77.060141
e78109ce-850c-4bb7-a72d-a2230f93069f,3fdb81fcdd99b495,MIC-IUXQ-1165,MICRO_ATM_CSP,4539.97,2023-07-30 06:58:02.169348,13.162507,80.276515
9a0d38e9-0d90-481e-a847-8771e4389cc4,9c933ed3540d2b7d,ATM-LPDF-9430,ATM,4539.97,2023-07-30 07:20:10.495453,13.112548,80.267482
e56041f8-3f93-4d3a-9df8-592a0b47ea5a,58332689d416f427,ATM-YQRI-6561,ATM,4539.97,2023-07-30 07:39:48.292043,28.163382,76.974647
f86c8e8a-a8c7-49fd-a65d-61ad2ea31cb1,0f39aa3b13e7e3c0,ATM-SHAI-7624,ATM,19408.38,2023-07-30 07:17:28.002044,30.940623,75.855288
32189e9d-d1aa-4e1b-b8f3-bec508cb13ed,25b04eca97925f46,ATM-LXAZ-7282,ATM,4852.1,2023-07-30 07:08:26.472729,24.226978,86.386909
979a6098-b041-42f0-ad7b-6a5bb327b4f1,fb68a7d30e7700c4,ATM-GGBD-6003,ATM,4852.1,2023-07-30 07:15:37.097743,24.155643,86.196925
28f3e12e-1479-4c27-b006-8089ac09186c,d327db90c3ad5ef6,MIC-EMXA-8208,MICRO_ATM_CSP,3234.73,2023-07-30 06:57:22.053976,30.891239,75.90141
a3a3260c-37a2-4a09-bd12-e6a209b5065e,a27b932eb377baae,ATM-BYXG-3921,ATM,3234.73,2023-07-30 07:28:24.837902,23.940456,86.820459
f113f8ed-3d42-4dd2-b66e-7557416b42f3,0f39aa3b13e7e3c0,MIC-RDJE-8371,MICRO_ATM_CSP,3234.73,2023-07-30 07:38:39.962482,30.883626,75.839838
7ca1290d-24ad-436a-8fc0-6a774da41ae9,e3af0705ba5a43fa,ATM-KKDO-8941,ATM,6469.46,2023-07-30 08:10:29.644899,13.125368,80.23775
eb1054ad-a2c7-4f38-8199-3705b7fc8421,e3af0705ba5a43fa,ATM-VJYY-3344,ATM,6469.46,2023-07-30 07:58:15.435866,12.984618,80.302722
89c2f11e-fdf3-4c51-b6a0-ef4ac6b0b032,fb68a7d30e7700c4,POS-OUNV-5263,POS,12938.91,2023-07-30 07:42:36.308671,24.307594,86.289036
6103276a-b1ec-4b03-a543-bab72db398c3,8cd344c9dfe0dd5c,MIC-YAZW-6926,MICRO_ATM_CSP,249073.11,2023-09-18 22:20:27.755700,23.932127,86.878857
75db9715-dff1-4dd5-969d-9380358d39b3,e5f265e3ef332cfc,ATM-VDBH-1091,ATM,80290.12,2023-08-11 09:27:25.428453,13.138228,80.314679
55fa029e-fa5d-4401-a3d3-968a1cb45858,ce42adff5fb0bcc0,ATM-LXUL-3078,ATM,26763.37,2023-08-11 08:31:04.113091,24.141363,86.326495
8395c69b-ceb6-401f-9790-af47129ca767,cb9fa8bf15d4a4db,POS-SSVA-1509,POS,13381.69,2023-08-11 08:08:58.401714,24.139129,86.229202
e086a729-c13f-43be-b49d-4a2f5e08a532,e5f265e3ef332cfc,ATM-CTYC-6364,ATM,13381.69,2023-08-11 08:27:36.572810,13.118305,80.239931
3e1c9c2a-1be0-4e87-bac5-ba4304b50739,fad5cbcf2a4d463c,ATM-GGVF-5948,ATM,13381.69,2023-08-11 08:29:01.010014,30.963277,75.892078
ca0a4e6a-9bf6-4c27-9461-0bbd9d9ac566,e5f265e3ef332cfc,ATM-ILHG-2843,ATM,13381.69,2023-08-11 09:47:47.132182,13.007815,80.170827
5a3f0c6c-72f6-4330-8743-1ad8c73b9273,6da47df28d1aad11,ATM-FWOO-4112,ATM,13788.44,2023-02-18 03:53:02.912225,30.882343,75.857286
ec03db13-23fa-404a-b502-fd0e90caaf86,f21c8fbd73df9e0e,POS-OGOQ-3386,POS,13788.44,2023-02-18 04:02:30.575152,22.556455,88.303142
287ace71-615c-494e-80e1-609092c88fe8,4a2108204892de8a,MIC-ZXWS-1392,MICRO_ATM_CSP,465676.19,2023-09-23 20:59:44.898051,23.889223,86.733614
a83f7765-dc44-4063-ba22-c5c115bc70f3,3d2337c8db88cc60,ATM-GKNU-1915,ATM,16418.04,2023-09-26 20:41:30.351319,28.18311,77.031613
c5e089f9-e672-4a80-834d-5a54fc3466b6,4b2f70600e0981d6,POS-PTWT-1186,POS,16418.04,2023-09-26 21:27:46.993017,28.516043,77.490808
e5ff5ccb-0b81-4b40-8738-2ce401780c1e,ad5fe18df494f9d9,MIC-MEVM-2428,MICRO_ATM_CSP,16418.04,2023-09-26 20:45:22.053720,13.088351,80.321138
e040275e-273c-4275-8c84-78cfe486ee77,6c5210044e8bd8d5,ATM-LRFW-6627,ATM,16418.04,2023-09-26 21:53:34.747916,30.956059,75.855599
64d927be-848b-4183-ae36-28dce49dea38,7dfe46ee8d6ea258,ATM-RZPR-2328,ATM,4216.51,2023-07-02 09:00:14.573895,24.247359,86.299296
8ad536ed-3c4e-4e61-8402-de94f01636e6,56d780b6aabce5d8,ATM-HNIE-5231,ATM,4216.51,2023-07-02 09:49:05.311808,19.111355,72.841825
a3cb0b1f-3d37-403f-9e61-298c2990b714,c527c012113fa811,ATM-SLNW-3309,ATM,4216.51,2023-07-02 08:49:03.377499,24.161752,86.224959
6a08ef94-aa0f-47fb-96cd-56df49c79492,022fec248c97806e,MIC-DBDW-0150,MICRO_ATM_CSP,12649.52,2023-07-02 08:49:19.382429,24.258418,86.34894
f5455f47-d20f-4815-bb42-6fdbdc2cac56,6877ffca8e5a30eb,MIC-VACU-2761,MICRO_ATM_CSP,4216.51,2023-07-02 09:19:18.039332,24.211631,86.240653
6d6270f7-72e0-4e70-bbc8-f218e9288b8e,670cc11c904cb688,POS-XEWN-0412,POS,4216.51,2023-07-02 09:09:19.671859,24.267872,86.336414
673154d3-81ed-41cd-a6e7-fd70804b9b7f,3963b6f6f79dd7db,ATM-RTXJ-5149,ATM,4216.51,2023-07-02 09:18:09.558945,28.096679,77.031668
49b011f8-0fd8-4002-a52e-2a35b282cdd5,b2e3e791ec389fae,ATM-IKLM-3647,ATM,4216.51,2023-07-02 09:46:07.732476,23.954178,86.848557
f9ae0d9d-7fea-476f-ac11-70f3ff20eed6,c05a5b6ef117bd25,MIC-KOID-7540,MICRO_ATM_CSP,4216.51,2023-07-02 08:54:47.422123,28.069043,76.914271
06904951-eca4-476c-b626-d73118f53d5c,c3f72c30b76aac18,MIC-HZXD-2317,MICRO_ATM_CSP,4216.51,2023-07-02 09:04:36.824414,28.564823,77.428555
c0555b42-4ce9-4fdf-ae8c-c0b42c1b2026,05e58b535004d596,ATM-UAIP-8444,ATM,8433.01,2023-07-02 09:13:04.721176,13.005355,80.157731
884eb53c-e00f-4309-a07e-3c0be7615d06,c05a5b6ef117bd25,MIC-JOYR-7554,MICRO_ATM_CSP,8433.01,2023-07-02 09:06:04.211222,28.130207,77.04138
d3fc88b5-0489-4e77-8f80-6147ef886bdb,670cc11c904cb688,ATM-DFPO-4110,ATM,8433.01,2023-07-02 09:28:27.572870,24.188867,86.261174
a1898dda-e0ae-4b2b-969f-3ef7b0878f00,96739c6dc7f02b5f,ATM-FEEK-6131,ATM,9487.13,2023-07-02 10:48:44.734196,31.002011,75.883527
33bde2a7-56bf-41e2-9dba-a665c2cf34af,25b04eca97925f46,ATM-LWNK-8425,ATM,9487.13,2023-07-02 09:00:17.945875,24.257653,86.250228
d8a8d593-d3dd-46f4-8ad2-a4178814a45f,b2e3e791ec389fae,ATM-CCBH-3380,ATM,9487.13,2023-07-02 09:14:19.003499,24.02943,86.838545
eea9712e-9958-4ec7-9b36-836b12b5b9ba,5fb01e701e601441,ATM-UJJF-0363,ATM,9487.13,2023-07-02 09:39:23.250735,22.667136,88.399153
749ec126-1602-4dca-bac8-3b46e07616d1,5fb01e701e601441,ATM-NYOS-0729,ATM,37948.54,2023-07-02 09:16:26.488231,22.581465,88.363746
7bc2e8dd-71f6-44d8-a8ca-66bfdd5eed59,96739c6dc7f02b5f,ATM-LJOW-3314,ATM,4216.5,2023-07-02 08:52:45.336406,30.872203,75.857665
a2f6570e-b2cd-4ac1-8cb0-83f6eb022661,8687a4cc583aa0ae,POS-HOKY-2043,POS,4216.5,2023-07-02 09:34:44.088719,24.231296,86.37673
23e64243-0f21-4483-8d54-e4cc7f2e1080,5fb01e701e601441,ATM-SFLS-3161,ATM,4216.5,2023-07-02 11:45:16.993329,22.618044,88.327728
ea32f9d3-3184-41a6-8ddf-17a2f2e1d1a9,b2e3e791ec389fae,ATM-LDHV-5662,ATM,4216.5,2023-07-02 10:50:21.608307,23.891694,86.834112
9c5e9001-bfaa-46bb-b150-516084e9c9b2,c3f72c30b76aac18,ATM-OWNF-0798,ATM,4216.5,2023-07-02 09:30:45.088756,28.455791,77.392513
05702d10-4732-41c4-b924-624b23c042d0,c05a5b6ef117bd25,MIC-EASJ-9486,MICRO_ATM_CSP,4216.5,2023-07-02 08:52:17.299731,28.052314,77.05338
e2187320-7874-4ae3-b742-f733f49663dc,8687a4cc583aa0ae,ATM-XKHJ-4968,ATM,12649.51,2023-07-02 10:23:53.921260,24.178442,86.291488
29216336-245c-49ad-9545-17287321675a,095c1c65e3981f27,ATM-JEVV-9412,ATM,12649.51,2023-07-02 09:14:43.017346,23.888912,86.871135
5a4765b5-9a93-4623-91bd-6589f71bf2c3,90ccc2d3d41485de,MIC-SREK-9433,MICRO_ATM_CSP,2811.0,2023-07-02 09:05:43.077062,28.127264,77.026301
14e98ef5-a507-4ca1-9ea4-9755644f1d49,83537c7c9fe41c3e,POS-FJQI-0590,POS,2811.0,2023-07-02 10:38:54.632715,23.899609,86.730408
2fc38235-c0a3-4059-804f-aecaab8b22b6,1e8b570b4f4e8db8,MIC-PARQ-6676,MICRO_ATM_CSP,2811.0,2023-07-02 09:03:55.007789,22.536203,88.346054
79cee821-e895-4bda-8052-9fe23ed8120a,8687a4cc583aa0ae,ATM-SDRF-0910,ATM,2811.0,2023-07-02 09:23:30.501441,24.157248,86.39693
ce6ea76e-3a6c-4cb0-9916-b85baa628537,96739c6dc7f02b5f,ATM-JFRO-7468,ATM,2811.0,2023-07-02 09:23:54.492569,30.959338,75.859962
12318605-110b-476a-b47e-b9684d1f7be7,90ccc2d3d41485de,MIC-VJTZ-3212,MICRO_ATM_CSP,2811.0,2023-07-02 09:14:35.295354,28.080095,76.959325
79e00bae-b7e1-46b5-ad42-98bd40428726,e41466061105f4e8,ATM-UDAN-7726,ATM,8433.01,2023-07-02 09:13:35.337539,30.901435,75.87492
91ee4806-1b96-41f1-ac41-635695ebfd62,6da47df28d1aad11,MIC-BRCF-0359,MICRO_ATM_CSP,90530.98,2023-04-24 22:21:48.437778,30.876169,75.861968
7a7d047f-9101-4690-a544-0c7d342765b0,294291ddc1b5dcaf,MIC-YDXF-2630,MICRO_ATM_CSP,45265.49,2023-04-24 22:40:16.442228,13.126573,80.304865
000fcac9-47a7-4d53-903f-ec4a44005079,026a402f7a19d725,ATM-BXDD-2347,ATM,45265.49,2023-04-24 22:41:25.195846,23.97043,86.922987
0bdb6c3c-3cba-4775-b954-42eb23fee426,6719077e3a6cd655,ATM-SXEC-7685,ATM,10059.0,2023-04-24 22:52:31.935203,23.93737,86.885132
c0e5c882-064e-4f22-b05c-736c6ca0af53,3a84fdc33508e322,ATM-RZXT-8026,ATM,10059.0,2023-04-24 22:09:16.826689,19.018902,72.863803
3d0e2084-462e-4ae7-a87b-40156b33d0d2,fbf4e2a2689a0699,ATM-ASOW-0437,ATM,10059.0,2023-04-24 23:13:09.913186,23.959532,86.756553
aac6daea-442a-4d5e-bd83-ac61c8f7c09a,3a84fdc33508e322,MIC-DAXJ-6858,MICRO_ATM_CSP,30177.0,2023-04-24 22:25:10.330094,19.069302,72.895846
b2425cba-2bb2-4063-a07b-1772bfec385a,3a84fdc33508e322,ATM-UHDS-2728,ATM,10059.0,2023-04-24 22:18:09.923291,19.062468,72.932714
117a426e-a13d-424b-8421-90621fb5f3e9,8763dc761991d7fd,MIC-DQGW-6011,MICRO_ATM_CSP,10059.0,2023-04-24 22:38:39.419541,28.539515,77.492992
d669c9a6-72ff-44e4-a268-f19374e750c1,78cfb5c38ee21247,ATM-OWGI-3543,ATM,10059.0,2023-04-24 22:34:49.170666,24.035424,86.813912
5119f9dc-68db-4a5c-98d6-700566719793,150079c7a6c509ea,ATM-JHOQ-6606,ATM,22632.75,2023-04-24 22:43:34.653089,28.531939,77.428498
7812b654-830b-473d-b18e-1f12436d7fa8,801c737176bab764,ATM-WMUW-5423,ATM,22632.75,2023-04-24 23:29:57.078058,30.777982,75.820208
e11b4fcc-535e-4f64-b58b-1c34bea22934,c3f72c30b76aac18,ATM-PXJK-0306,ATM,45265.5,2023-04-24 22:22:32.694537,28.500029,77.483936
d20bd476-fed5-4e4c-8a80-638c9142e8cf,1fbd0c1ad65a3618,POS-ARUK-0179,POS,207698.64,2023-05-02 23:09:21.078116,23.962301,86.884279
7ebba040-18e4-4796-9823-36872484da40,a069a748d2be8bed,MIC-WDCJ-4845,MICRO_ATM_CSP,207698.64,2023-05-03 00:00:36.801201,22.584814,88.521245
9f080c25-83ac-4be8-b9dc-3df09717c30b,0c7d0bd91be18aaf,ATM-MOQP-2524,ATM,52829.28,2023-05-29 12:53:36.790416,28.055317,77.005519
c3937567-e8a1-4404-8a9f-0e6732856085,2647f966c1839f83,ATM-JMAL-0316,ATM,52829.28,2023-05-29 13:34:10.031034,28.13728,76.966624
0d373be5-9dd9-4ed3-8cca-9f332cdf505d,b54aa42950315b45,ATM-WNEC-2839,ATM,52829.28,2023-05-29 13:01:54.965707,30.953285,75.875458
0eae8b01-625c-47ec-af81-336fcfdc89a8,c00017baec900020,ATM-ZHDV-8320,ATM,40955.12,2023-08-23 21:54:17.242076,24.17216,86.281489
455551f4-fe67-435f-911e-39ed3d294832,e0bc7472ab1f2964,ATM-WJOD-8062,ATM,40955.12,2023-08-23 21:55:04.353475,30.884407,75.846476
9ac4728a-c72e-490b-828f-31ed2737ca51,79a8772dff7b3fdb,MIC-QERY-7941,MICRO_ATM_CSP,30375.95,2023-10-10 18:16:53.204429,24.217273,86.287189
d9b4045d-bedd-4b50-b1aa-41b44bc7433d,6719077e3a6cd655,MIC-YAXF-1522,MICRO_ATM_CSP,15187.97,2023-10-10 19:11:12.109042,23.964641,86.762877
257e8e05-449f-4dec-b274-76134038cab6,a0f75e9cadde49b3,POS-KUIU-4573,POS,15187.97,2023-10-10 20:13:43.882817,19.013585,72.890598
17ea5315-e369-40aa-8bee-9387ab223849,a0f75e9cadde49b3,ATM-ZDMB-7189,ATM,15187.97,2023-10-10 18:22:33.106789,19.134712,72.988371
29cb8cc2-7e39-42f1-9f9f-a0c9b86694fe,07e0cebd234c62cb,ATM-MBCM-1341,ATM,15187.97,2023-10-10 18:22:00.873660,24.17335,86.341442
b3b791ab-31ef-45ad-8348-4ee48ee09d26,91ff603347d3f90a,ATM-AEYI-8718,ATM,15187.97,2023-10-10 18:13:34.452987,28.10089,77.043278
c79b4d8c-a39f-44fa-a433-ddf6a852897e,9f1975758d203f92,ATM-PMSQ-7804,ATM,15187.97,2023-10-10 17:41:57.207965,23.928616,86.794237
f6f6fec1-c26e-42ff-82ec-f1d8db87ac01,4a2108204892de8a,ATM-ZVUB-2392,ATM,15187.97,2023-10-10 18:12:19.915896,23.921593,86.824319
a0cba423-6f93-4b6b-b0d9-a0e20c084852,9f1975758d203f92,ATM-CAAA-4104,ATM,15187.97,2023-10-10 18:06:07.702054,23.86999,86.818657
2ff9e85e-a23d-4827-b90c-6991951f96e4,a0f75e9cadde49b3,MIC-YVAF-1235,MICRO_ATM_CSP,10125.32,2023-10-10 17:51:15.237241,19.116611,72.775763
55c56542-2fb6-4353-8fb2-033f756a0476,9f1975758d203f92,MIC-CRHY-4771,MICRO_ATM_CSP,10125.32,2023-10-10 17:54:28.519460,24.030164,86.722584
0963ca8e-ad2e-4579-a0da-d4bb1e9d74d8,5ab65182c5db6734,ATM-RCSP-0861,ATM,10125.32,2023-10-10 18:15:14.051922,13.117897,80.243255
140645e2-1796-49d2-995b-56a40838ba87,2647f966c1839f83,ATM-FKHO-9443,ATM,18623.4,2023-07-08 02:33:11.935215,28.100503,77.030153
10c774b3-2805-45f8-a397-075363195ba9,e80ae379760509e4,MIC-CQZO-0330,MICRO_ATM_CSP,18623.4,2023-07-08 01:07:58.774720,13.045209,80.32015
6684d082-01ee-4add-8f66-2ab90afa7e58,91b86f426cd2cf59,ATM-HXLJ-3525,ATM,18623.4,2023-07-08 01:20:29.339940,28.573326,77.362357
619c5109-5d5c-425e-bb5e-a61e42cec280,bdb8bd7283b2a364,MIC-WIAS-4131,MICRO_ATM_CSP,12022.27,2023-01-30 06:59:59.265784,22.617296,88.290206
23b01dbc-c1ee-4cf8-8727-1e25b93e511e,96ee3133eae53f34,ATM-MGUU-4508,ATM,12022.27,2023-01-30 06:56:31.051356,28.526367,77.454385
05529f13-7ded-4b7a-9534-a4e5537fbc1c,cb2c0cd8e1ad8e96,MIC-MKJL-3275,MICRO_ATM_CSP,8014.85,2023-01-30 07:47:27.315805,30.871585,75.812065
543593fc-51ad-408a-bf01-8b72807bca8b,36743817547696c9,ATM-PXOP-7129,ATM,8014.85,2023-01-30 07:20:23.459174,23.952927,86.863262
bb30f8bb-870c-42a6-a55c-64641dd14119,efdb8fa983319ec0,MIC-SCQA-4337,MICRO_ATM_CSP,8014.85,2023-01-30 07:06:06.869431,24.244795,86.289088
c8983dff-4d0f-4a5c-959d-88be6306d8ea,2119af9683bba04d,ATM-WKWM-5091,ATM,24044.54,2023-01-30 07:27:27.364556,23.942798,86.855106
fc1dbaf4-aec8-4bb7-9161-f769878b1d12,f88d24bd0a63aea0,ATM-ZRYZ-7863,ATM,24044.54,2023-01-30 07:04:47.320355,30.93715,75.876872
279d45ff-2712-4add-bc5c-2efd70942308,0c3bb40dc19d9219,MIC-PKPD-0444,MICRO_ATM_CSP,16029.7,2023-01-30 08:15:46.682385,28.051656,77.0634
ad36e66a-9825-43c7-8be2-ae660b84d4ae,fbdf11c16c6f1158,ATM-GADQ-3923,ATM,16029.7,2023-01-30 07:12:23.363116,28.578163,77.320938
9b79ec7c-7013-4cf5-ae90-aabefce5434e,10391296d265566e,ATM-SBTV-7068,ATM,16029.7,2023-01-30 07:38:11.936164,28.142737,77.070333
4274e412-c794-4e57-8fae-b214794acaca,4b2f70600e0981d6,ATM-WVCC-2580,ATM,16029.7,2023-01-30 07:57:02.128111,28.498624,77.34762
b523e5cd-8d68-4d77-be76-d7b4d38dbd95,78a973ba4ad6b938,ATM-JKLC-4375,ATM,16029.7,2023-01-30 07:26:24.717282,28.004138,77.008935
02e8a054-1dc5-470a-86ea-05a3acd6338c,fbdf11c16c6f1158,ATM-WDGH-2168,ATM,16029.7,2023-01-30 07:55:19.962934,28.541154,77.443444
c44117db-45d7-459a-9c29-6486f77dc6e2,095c1c65e3981f27,MIC-HMRZ-2836,MICRO_ATM_CSP,31331.06,2023-05-09 11:51:57.435907,23.939728,86.823002
8b4236dd-b521-4a0f-84ef-43903f90d225,6877ffca8e5a30eb,ATM-GFXX-2011,ATM,31331.06,2023-05-09 11:16:01.770658,24.250267,86.385515
2de51a12-ab6c-4c6c-b807-dce8ad6f1ca3,294291ddc1b5dcaf,ATM-MFMV-4126,ATM,20887.37,2023-05-09 11:31:46.511383,13.010778,80.240776
8dfe850c-0978-4cae-b9a8-09a476aa9f54,314ff6665437dae9,ATM-LNWE-9813,ATM,6962.46,2023-05-09 11:29:33.602798,23.929925,86.873554
10347449-ae39-4a4e-a6dc-d5858ace44b9,562772d2f729f0a9,ATM-ZJUH-4950,ATM,6962.46,2023-05-09 12:47:48.002424,30.935083,75.8559
5e4a758b-82cc-41e8-bf02-59210c5b392e,178450fb5c068e0f,ATM-OKMS-4946,ATM,6962.46,2023-05-09 12:03:38.756657,30.917311,75.750921
34dea6fc-a5cd-474b-bf01-518d0751f778,96739c6dc7f02b5f,ATM-WNAI-3096,ATM,10443.69,2023-05-09 12:53:16.197600,30.881314,75.864795
3b12e7e3-ca34-4327-9e07-9a45c05fcc42,eeb7ceafb88813a8,ATM-HVJZ-5191,ATM,10443.69,2023-05-09 11:37:09.041886,19.041287,72.827377
d0b69187-e838-49a1-9da3-bf75a93d9d88,a8db324facfdb708,MIC-XBDJ-6425,MICRO_ATM_CSP,66839.43,2023-08-12 10:01:45.898370,28.527374,77.407761
e8c90341-4914-4e77-b9b4-dffb75d24c40,e3d62aedfb9d3703,MIC-QEJL-2596,MICRO_ATM_CSP,66839.43,2023-08-12 10:19:29.504375,13.094264,80.262644
34e7b15b-cd00-43fc-aeb8-a66adad7e032,6c5210044e8bd8d5,ATM-UHEE-5921,ATM,66839.43,2023-08-12 10:14:35.820275,30.878815,75.824908
3fee2861-785c-4f18-a029-a9df1c37c8c7,774f92e6569462f3,ATM-CPGR-7207,ATM,33419.71,2023-08-12 09:55:03.480417,28.418097,77.390714
c9cbb196-650f-4120-b84e-075a3b359b29,25b04eca97925f46,MIC-IIPD-7958,MICRO_ATM_CSP,33419.71,2023-08-12 10:06:06.657331,24.103417,86.257045
12278b2e-fe35-4599-8bdc-785b05536304,6da47df28d1aad11,POS-WESH-9273,POS,2834.42,2023-04-22 13:47:20.770949,30.911195,75.909812
ed49d819-7b53-41e8-b7a5-c0fabad55338,5ea4882b1d06781b,ATM-XPND-3227,ATM,2834.42,2023-04-22 12:15:16.627442,23.940116,86.791659
7ca102d3-783f-4778-b683-268c8e520a6d,d3e68396d863f181,MIC-EPDE-7455,MICRO_ATM_CSP,5668.83,2023-04-22 12:36:12.270883,28.146444,76.992644
0fa5a3ce-f69f-467d-b3ed-354c23170272,6719077e3a6cd655,ATM-GMTQ-0784,ATM,90388.21,2023-11-10 21:31:57.620430,24.008924,86.809183
2e825a74-79be-405c-8936-16e032a1c6d7,9ee7cac59a162040,ATM-NKZF-0210,ATM,90388.21,2023-11-10 21:36:28.871652,23.987788,86.889061
b9af01be-2f2f-4fb8-a951-60f76c98e3ff,1363f80c2a6ea929,ATM-QYOD-6652,ATM,71191.25,2023-08-11 23:00:44.042431,19.089691,72.954047
74a28513-7bce-4794-afc3-570dd34d7a9b,cafd7e8e5e09f087,MIC-EZKB-3215,MICRO_ATM_CSP,71191.25,2023-08-11 22:25:19.365323,24.127389,86.328754
fc0bf97a-5114-404d-a19c-29be1b813792,20d1004be5275449,MIC-IWLD-6430,MICRO_ATM_CSP,71191.25,2023-08-11 23:13:45.505732,22.624978,88.357425
525291c8-9e1e-4cc8-9bd2-22347570e604,9a9c31abade1e5d9,MIC-XIOY-1388,MICRO_ATM_CSP,71191.25,2023-08-11 23:32:07.351276,23.894643,86.866713
36de0de4-8f99-489a-bc15-a02a2eda7833,d00466dba4ffcefe,ATM-NVDJ-4670,ATM,71191.25,2023-08-11 23:09:40.028136,28.569597,77.34968
f0dc05af-de7e-4a63-89d2-ce967100e03a,cafd7e8e5e09f087,ATM-ORPQ-5654,ATM,71191.25,2023-08-11 22:37:51.100105,24.158617,86.306911
dc7d3054-1ae8-4082-b899-a7089c6bb459,9f1975758d203f92,MIC-GXRF-6299,MICRO_ATM_CSP,136385.24,2023-04-21 03:52:43.440323,23.960351,86.764556
60b3a6fd-a0fc-4b46-8a29-bf556d967613,9c933ed3540d2b7d,ATM-ZCPW-3433,ATM,136385.24,2023-04-21 03:57:37.782244,13.180677,80.184661
f12d6429-ed97-4d29-ad11-1ad63fb6ded5,7fe57d0ff66463b7,ATM-LYPW-9488,ATM,37506.3,2023-12-25 21:23:36.360679,22.492797,88.390396
9ce53985-37d0-473d-8691-e9c25baae1ce,8595d99a4d487472,ATM-FQGT-0465,ATM,37506.3,2023-12-25 20:39:44.110685,28.493762,77.387014
8de459f4-ded5-4259-a36a-413544541eea,b92b6e9f899d8fd9,MIC-CSRS-3379,MICRO_ATM_CSP,75012.6,2023-12-25 20:28:08.968160,22.453687,88.346994
65eb0953-4787-4b8e-b1b2-706fec25f0fe,cc1c94c6f9f1c567,POS-NJZQ-7349,POS,27538.57,2023-01-20 18:23:51.077077,18.995718,72.873898
fcebf5d5-130c-43d6-b2d4-5574ee3bbafb,55a08fadaa1a3e1a,MIC-UZAC-2507,MICRO_ATM_CSP,27538.57,2023-01-20 17:23:34.158592,28.150696,77.035594
58d11f0a-ffd9-421c-890f-71a2fb6d75a5,0c5b61c0cc49dd4e,ATM-LFAC-8857,ATM,56052.66,2023-02-24 19:39:46.358771,24.168958,86.352771
b36bc17f-cad3-43c6-8b91-1c75e2b311ad,cafd7e8e5e09f087,MIC-MXDE-0665,MICRO_ATM_CSP,56052.66,2023-02-24 19:44:29.774705,24.194366,86.312483
43a2e95b-0099-417c-a741-848a425841df,a069a748d2be8bed,MIC-XGFF-4908,MICRO_ATM_CSP,56052.66,2023-02-24 19:07:10.495712,22.505232,88.355757
24995936-5484-4743-b495-9a9b97a9ceb7,d9956ae44079537a,MIC-YZEY-0132,MICRO_ATM_CSP,56052.66,2023-02-24 20:05:26.767744,30.863013,75.802233
63e2a26e-ef9e-46ec-b02a-e2ddd1226417,98768ceed9627cfa,POS-FWVI-0869,POS,356728.18,2023-06-08 19:55:36.384643,23.87005,86.771896
9c29f86e-8137-4216-9b56-1fbafde02d64,ba7b0c09f0862541,MIC-WDFL-0733,MICRO_ATM_CSP,74232.19,2023-04-27 05:21:59.673025,24.201748,86.308666
650b0481-9f51-46cc-bf67-5984c9bffc9f,f067cd13d9bb540e,ATM-GJHR-4365,ATM,334353.62,2023-04-24 00:28:53.222464,23.913477,86.874013
5a254fb8-ca3e-410e-98da-1fcccee37f4b,2647f966c1839f83,MIC-MDWO-2851,MICRO_ATM_CSP,48393.09,2023-04-28 12:51:47.976481,28.107745,76.969981
c091181d-acde-4faf-9b93-56256ee0f99c,c05a5b6ef117bd25,MIC-AXAY-2683,MICRO_ATM_CSP,48393.09,2023-04-28 12:42:09.834680,28.199452,77.088798
22081a11-3ba0-48eb-ae5e-126c2edb4a4a,02fe7675e52ed832,POS-ORIB-4496,POS,48393.09,2023-04-28 12:56:19.956504,13.059639,80.185376
c528a900-933a-4b89-b64d-8732af642cd4,38a341c387bf6b0b,ATM-NWCZ-0172,ATM,48393.09,2023-04-28 13:20:48.858494,28.176677,77.045061
776e53b8-6a33-473a-89fd-2517fddb871b,3409e9d07e07a0ea,MIC-YLFT-9875,MICRO_ATM_CSP,48393.09,2023-04-28 14:01:22.419778,19.090358,72.875654
8e5700ef-bb14-466e-9be7-3cb9992188b4,30e3b2726849cf25,ATM-FVXZ-9153,ATM,48393.09,2023-04-28 13:20:40.640221,28.602221,77.39816
c99898aa-6b35-4480-b540-15c836632594,96ee3133eae53f34,ATM-IJOS-4966,ATM,20442.76,2023-02-16 14:40:23.514402,28.63203,77.363738
17b69b59-3999-49ef-aa17-366dafed595f,96ee3133eae53f34,ATM-LJLN-9367,ATM,6814.25,2023-02-16 14:46:30.877004,28.543238,77.356957
3b7ac90a-678b-4b67-ae2d-072fd153c19f,bdb8bd7283b2a364,POS-SSXE-6091,POS,6814.25,2023-02-16 14:19:58.001707,22.630774,88.397557
862c9bbe-bbc0-427b-90ea-9ad6da841f18,3130a23abd9e06eb,ATM-MOSB-1341,ATM,6814.25,2023-02-16 14:32:03.367919,28.503401,77.343717
540b85cd-a1c7-4ece-b7dc-1bf081b862ef,f716e35638c3dd12,ATM-QOUF-8243,ATM,6814.25,2023-02-16 14:46:12.635770,22.631014,88.338883
dc237ea5-5469-4cf0-9d0e-862ed618a768,bda9d41fa5c88946,MIC-DDJN-3484,MICRO_ATM_CSP,6814.25,2023-02-16 15:23:43.536183,24.102344,86.337772
9a962652-bd2d-4e0a-a5b1-108ec5008142,96ee3133eae53f34,ATM-TAIE-3219,ATM,6814.25,2023-02-16 14:52:26.378756,28.568868,77.397242
afe659a7-ae0c-4b00-bc63-4a03b20f73d7,3130a23abd9e06eb,ATM-NBMB-6795,ATM,6814.25,2023-02-16 14:48:18.006652,28.583732,77.412705
bd7a4793-fcff-42ac-8d19-72a05946260f,8c19faaa8bd5ac32,ATM-IVZX-1765,ATM,4542.83,2023-02-16 14:40:06.947873,28.164344,77.02522
d59d57e2-4b7e-43dd-8250-b5748576a9f0,6da47df28d1aad11,POS-VWIO-3367,POS,4542.83,2023-02-16 14:27:48.326110,30.832885,75.82068
09752d08-a761-4520-b4e5-ceab7e3bdeb5,efdb8fa983319ec0,ATM-EWXZ-9997,ATM,4542.83,2023-02-16 14:59:16.599240,24.195029,86.303219
ef3b3cd9-bf3e-40e8-9858-9e36ce96f8e0,8c19faaa8bd5ac32,ATM-SHOO-9564,ATM,89361.63,2023-02-19 02:38:22.485072,28.061167,76.962456
082b9fa8-522e-4e2a-9c3c-d0b160650496,04e45c79972ecbeb,MIC-ZOZB-6864,MICRO_ATM_CSP,89361.63,2023-02-19 02:23:58.691199,19.107471,72.877384
48fc2c75-37dd-4970-b5c0-fb115e656df8,062371f93ac5416d,MIC-VRRB-9611,MICRO_ATM_CSP,89361.63,2023-02-19 02:53:04.090582,28.095705,77.007723
d3396435-f9cb-4390-9ef6-c5a52cf0ef30,77323791caaf34e8,ATM-QLGX-8772,ATM,47269.62,2023-07-17 17:10:03.830476,28.553173,77.408901
e4a84d34-4c99-4a15-bb83-62d5eb90b6b2,4a2108204892de8a,POS-ZBRI-2676,POS,47269.62,2023-07-17 17:32:56.921315,23.968784,86.825941
773e015b-3e3d-40d9-89b8-2871ff4dde90,83ba5887d82ddd6a,ATM-ZSPR-6967,ATM,23634.81,2023-07-17 17:58:22.266526,13.099128,80.226261
f39a1223-9889-4c97-89fe-6e1316540e0c,4a2108204892de8a,POS-CHMC-1755,POS,23634.81,2023-07-17 17:18:35.949223,23.916379,86.871285
2bf0ba99-4978-49b2-be87-818a6a3a2eee,83ba5887d82ddd6a,MIC-GSFQ-5167,MICRO_ATM_CSP,47269.62,2023-07-17 17:59:51.664612,13.092483,80.290574
aa628da0-4f89-455b-8635-ff20db388c27,2bc3bef98dc93ad5,MIC-QFUZ-7793,MICRO_ATM_CSP,222785.99,2023-03-10 04:42:50.645817,24.175539,86.298052
fbe746a0-d7af-4f9c-ba4c-ce8339f0e559,43b282632be789d4,ATM-YDET-7352,ATM,91247.85,2023-12-22 06:18:43.178933,13.061006,80.292973
51fcd998-b443-4c25-9124-4ccd757d3e77,8cd344c9dfe0dd5c,MIC-SPMR-2323,MICRO_ATM_CSP,45623.93,2023-12-22 06:40:05.362670,23.96071,86.904094
699e6d90-0927-48d4-a59d-63df2f8f3a32,afb6585a70966e66,ATM-FJOZ-7900,ATM,45623.93,2023-12-22 06:06:32.381978,28.534716,77.478178
7814bc90-62d9-41f1-a919-a4e2824c8ffa,c00017baec900020,ATM-ZMTR-4428,ATM,20974.24,2023-04-10 06:05:04.696444,24.179605,86.336801
bf87f98f-62c9-4c6d-bcc4-6a4693ba907d,9c39fecd110d5cad,ATM-RAHV-0240,ATM,20974.24,2023-04-10 06:39:39.702641,13.119261,80.302527
a014d88b-fafd-4cff-8cbb-e6bc0026980e,d197d95e274489e7,POS-NNPJ-5855,POS,20974.24,2023-04-10 06:42:53.334450,28.17393,76.99269
067c93a1-8876-44eb-993c-6387d7c2a07e,0004a1a3a12705a4,ATM-KOXK-9188,ATM,31461.35,2023-04-10 06:18:29.924580,19.02531,72.841525
a392fa3a-3f9d-4ed1-9a3c-8c372114d358,022fec248c97806e,ATM-JEAF-0500,ATM,31461.35,2023-04-10 05:58:52.188652,24.202078,86.337258
ff46eee9-679a-47c2-98b6-84b4af5946b6,09faa805bb9366e1,MIC-JQOT-7204,MICRO_ATM_CSP,62922.71,2023-04-10 06:14:18.813582,13.083341,80.317475
b19b5fd7-41b1-4c9b-8e1a-b95b19a9058a,a1b1b0b2c4e48c3b,ATM-NIQX-6829,ATM,20974.24,2023-04-10 05:58:26.529930,24.18557,86.298154
2e4128c2-04db-4fab-ae53-b269e1f1dcac,dd9de6b05ff51602,ATM-AWNR-8674,ATM,20974.24,2023-04-10 05:56:12.954340,24.155826,86.25797
dd64c5df-ac91-4522-b044-23ed3edd96d3,7dfe46ee8d6ea258,POS-OLZV-5680,POS,20974.24,2023-04-10 06:02:58.520634,24.233788,86.24794
f09730a0-8831-4a8b-85a3-7442f4aa41dd,c945f53dcac18889,MIC-LCGO-9660,MICRO_ATM_CSP,7186.5,2023-01-31 19:33:56.942846,24.220652,86.340946
72db7e00-02f9-4780-8ce0-e7f2511d2e93,4d9d93596a6dbe06,ATM-WXFI-1469,ATM,7186.5,2023-01-31 21:21:59.864246,30.872212,75.956577
d32509ae-c180-4274-b5dd-cdad911e793f,3bebc51f1ef19765,ATM-WSAP-4227,ATM,7186.5,2023-01-31 19:53:58.324446,24.182343,86.241922
b8c0e7fa-9735-4985-ab97-8c6eae1b8cc6,3dcd069dfca35470,ATM-CUIU-2462,ATM,7186.5,2023-01-31 20:06:18.238682,13.107224,80.247166
09796337-90ab-464f-a117-9ba0323ea522,82c9eceffb3a9628,POS-OHPO-7266,POS,17905.2,2023-08-08 07:19:56.974826,28.578265,77.457687
5459348e-d8e2-4be5-96ef-ce5172f2a51a,095c1c65e3981f27,ATM-BGBU-7996,ATM,17905.2,2023-08-08 08:10:07.526590,23.920871,86.793609
aeb54bca-f686-4841-a78f-91fa026ee2f6,2ac4a8b096d7bd21,ATM-XLOZ-3890,ATM,17905.2,2023-08-08 07:15:25.069459,28.497957,77.321918
37a9eccd-16ab-4f6c-b218-fa094a2023b7,a7582a5b632b9fbb,MIC-ZFCX-6149,MICRO_ATM_CSP,26857.81,2023-08-08 08:01:58.095130,28.197971,76.98854
b941fc5a-934d-4aeb-bbbb-d993c43b6415,ed25b3310f976d9c,ATM-AECV-0739,ATM,26857.81,2023-08-08 07:24:19.791845,24.241388,86.3592
ff0eaf47-fd16-4e14-9496-e4c99a5f71b5,2d7f04c671c24245,MIC-SDPW-6451,MICRO_ATM_CSP,11936.8,2023-08-08 07:19:50.076552,19.027161,72.955104
09441c7f-6b50-4523-9bf6-0ef0b6de061e,2ac4a8b096d7bd21,MIC-FLHT-8573,MICRO_ATM_CSP,11936.8,2023-08-08 06:52:49.469094,28.519098,77.430922
5e931779-0ed9-4f24-82bd-188c3bcf9a2a,05d9cb0a7966aa7b,ATM-GMBV-6668,ATM,11936.8,2023-08-08 07:10:00.068220,28.171018,76.987395
a29d0fa6-5f16-431f-9245-eeef244981ac,1b31c8b8b88df13f,ATM-NTLO-3786,ATM,17905.2,2023-08-08 07:26:07.846502,28.485277,77.357856
7a6cd34d-fd78-4d31-a1cf-ead6e5e2d0c4,f11598245b195848,ATM-RPYF-8451,ATM,17905.2,2023-08-08 07:23:53.720980,22.618253,88.455418
a14920fd-7d81-4fe0-825e-f3cc594a2923,43b282632be789d4,POS-UBMN-5986,POS,11936.8,2023-08-08 07:28:06.659536,13.074131,80.251046
249935d2-c7b4-4bac-b796-fcd78dbaff9a,d9956ae44079537a,ATM-NGUZ-9732,ATM,11936.8,2023-08-08 07:15:27.515998,31.033313,75.890691
ac4578d4-c8f2-4c85-89e0-5b366782a487,757013409a1de55b,MIC-DSRI-8347,MICRO_ATM_CSP,11936.8,2023-08-08 08:39:37.555789,19.014974,72.837341
3a88bdef-9a76-4829-a9fc-ee099c46119e,e01c434b0d177165,ATM-TREZ-9943,ATM,53715.61,2023-08-08 07:06:42.624657,28.460284,77.405688
0c7f4a5b-7d80-461b-a95b-f98393399a3f,05d9cb0a7966aa7b,MIC-EFUG-5592,MICRO_ATM_CSP,53715.61,2023-08-08 07:21:27.478775,28.110013,76.996475
3f8bee49-5801-4b0c-884a-4986418878a3,562772d2f729f0a9,MIC-DEBC-2351,MICRO_ATM_CSP,18567.97,2023-12-02 16:23:57.961411,30.966219,75.846227
9e212735-68cd-42d0-9d99-00f9cf6b2189,6942d07ea440a530,ATM-YHGI-5201,ATM,9283.98,2023-12-02 16:19:00.200130,23.999012,86.789161
019eb653-f743-4b18-932a-067dccf187b0,095c1c65e3981f27,ATM-DNGJ-0720,ATM,9283.98,2023-12-02 16:28:15.635457,23.859666,86.778635
819b1735-ea6f-4044-b0ea-a73c878bc90d,6da47df28d1aad11,ATM-WERD-8573,ATM,4126.22,2023-12-02 17:07:36.545109,30.89652,75.906437
84a9f4f5-f1ff-4fe7-b069-ac530f553cb8,a1ad02ba32ffeec8,ATM-RXUA-4051,ATM,4126.22,2023-12-02 15:57:22.838753,24.167961,86.298483
8ccb613c-e5f2-4c36-a5cc-d37905e297c2,c5ed1a30cccb44f4,MIC-NRWE-7763,MICRO_ATM_CSP,4126.22,2023-12-02 16:39:08.634862,24.243887,86.284614
928c6990-1522-4e9c-a91c-854ce2673e31,2ac4a8b096d7bd21,ATM-PEVQ-9189,ATM,6189.33,2023-12-02 16:05:53.091513,28.536923,77.389234
b00fbcb7-0872-43bd-a72b-e02c2d48d20f,82c9eceffb3a9628,MIC-GYRV-8593,MICRO_ATM_CSP,6189.33,2023-12-02 17:07:48.483639,28.551445,77.367663
617f339d-5422-470f-a4e7-dae2eb8a829e,2cea95cfb3bfcf81,MIC-TGTE-4372,MICRO_ATM_CSP,6189.33,2023-12-02 16:11:33.062680,22.575635,88.384241
5a2e3c52-2add-4cdd-8d8c-41013a15ad2c,cc1c94c6f9f1c567,POS-IIGA-8738,POS,6189.33,2023-12-02 16:57:36.270425,19.097836,72.776359
e38efee5-02bd-49f2-ba54-6a42768c006c,2a1810e23521088f,ATM-FJMS-7739,ATM,122337.33,2023-07-03 12:05:41.307326,28.102408,76.996183
4ec40206-8b06-411f-b60c-01a345b5c886,87cc051ae08428cf,POS-HPDQ-1169,POS,40779.11,2023-07-03 12:11:29.826508,24.179963,86.288421
92b7d7a9-b34d-4c2d-8d92-f2efa5149101,3c0b67ba74cbafec,ATM-YCDX-7608,ATM,40779.11,2023-07-03 10:39:49.741325,28.505026,77.402173
f4cca021-8272-41e3-883d-7715a5cf6d57,450ed2cd4f37f2a0,ATM-AIHM-2172,ATM,40779.11,2023-07-03 11:00:32.586602,19.071659,72.904847
55b776a9-9781-482b-89ef-177856cf9384,218c5d6d080619a2,MIC-RDQG-4256,MICRO_ATM_CSP,110977.38,2023-07-15 18:54:29.648837,30.812333,75.862553
2720fc3e-3735-4ec5-9db8-0d423582efaa,25b04eca97925f46,ATM-JXVY-4743,ATM,110977.38,2023-07-15 18:18:10.089090,24.177016,86.354454
7c3eddfc-6d67-4234-8812-a75f02898cf1,b6061c939aa88bd7,ATM-RALS-8041,ATM,110977.38,2023-07-15 19:00:14.704213,24.199231,86.281022
19c625cb-0d4b-4743-a7d7-7d9c745376d0,774f92e6569462f3,ATM-VZFV-7353,ATM,394872.72,2023-05-23 15:46:33.525047,28.52333,77.39141
f11860f4-34f4-470b-9ee3-d84bd5be57b0,02ae516d1d2fd9f9,ATM-ZGNT-1627,ATM,76599.63,2023-05-22 06:12:52.894373,30.870238,75.865984
71ef5d4a-4ea5-4df8-b69f-153a7abd8997,d9bcc83f674275e1,MIC-YBQX-3787,MICRO_ATM_CSP,76599.63,2023-05-22 07:08:57.795312,19.087659,72.926278
2e801f11-0371-4079-9ce3-8ed55deadd12,a1c22d172367ec5f,ATM-PEMA-5079,ATM,126324.98,2023-06-10 17:55:02.285096,22.584415,88.380437
0b7add46-db3e-4449-9c9d-c716b30ff677,044beed55d80dc2b,MIC-NGTA-4785,MICRO_ATM_CSP,312237.98,2023-03-27 22:40:17.521629,24.115207,86.37059
dc528831-9e0b-4572-ae64-374b6925447a,22690ccfe81c822e,MIC-ABDR-9254,MICRO_ATM_CSP,18172.15,2023-03-27 17:05:06.271073,24.138504,86.318179
a68d58dd-85f9-4233-8b4c-605f6c08c40a,3fdb81fcdd99b495,MIC-ZTGS-1672,MICRO_ATM_CSP,18172.15,2023-03-27 16:45:40.521660,13.084129,80.252191
cc0bace4-493d-4da2-b05b-e5693d93c94f,6719077e3a6cd655,POS-JYOI-8784,POS,18172.15,2023-03-27 16:38:39.460977,23.930589,86.830902
16efc93c-41a5-43e0-bc86-463b8ed34c81,22690ccfe81c822e,ATM-TNJQ-9303,ATM,27258.22,2023-03-27 16:45:28.658959,24.264843,86.325646
cb6f8607-4b35-4518-9491-05051cbfefc7,b82c83e33c343e84,MIC-XAVP-7616,MICRO_ATM_CSP,27258.22,2023-03-27 16:47:42.805021,19.071029,72.920545
136e74a1-e42e-4ed2-8fa1-b5d06c48c78f,bb6efc9b42a0c6a5,ATM-GARA-5564,ATM,24780.55,2023-03-06 10:07:12.759076,24.237093,86.211759
68ce8cf8-3eed-41d1-b40d-6570f4739f55,a540604a12e6c5bc,ATM-BWYU-2041,ATM,24780.55,2023-03-06 10:47:09.269686,24.196732,86.282975
bdfaa3a7-280d-4f3a-a4d5-4ac3d241e0f5,4346536ee04363c3,MIC-VUDD-6284,MICRO_ATM_CSP,178521.43,2023-05-05 06:52:28.215625,22.636039,88.294472
07dc6fd7-13a2-443c-ab04-c10683f01164,4346536ee04363c3,ATM-FDQC-1736,ATM,89260.72,2023-05-05 06:29:38.575707,22.577522,88.352501
013426d6-9052-43a2-a1c4-32ba64ac0496,91ff603347d3f90a,MIC-WCXC-8364,MICRO_ATM_CSP,89260.72,2023-05-05 06:57:57.926304,28.199135,77.039146
70344aaa-8410-4b74-b736-fd0384fe8d1f,febf24426daa34df,ATM-BNAW-6192,ATM,8746.04,2023-02-28 11:26:30.762860,19.083582,72.830571
745fd7de-dd21-4319-8b68-b6b4f405b69a,d00466dba4ffcefe,ATM-AASD-6478,ATM,8746.04,2023-02-28 10:04:23.154004,28.574863,77.401608
9be7469b-80e6-4c85-92c0-0998d4c791f5,d808e7485fc3520a,ATM-DEUY-2535,ATM,8746.04,2023-02-28 12:00:10.127704,28.055833,77.025831
8d63353f-0c09-40fe-99bf-8880baa950dd,99a3e1da6dbb6224,ATM-KYIY-7417,ATM,8746.04,2023-02-28 10:25:21.061656,13.081183,80.238283
785ee143-8c6a-4c79-a99f-9b6f73db2668,afb6585a70966e66,ATM-WPWW-4667,ATM,17492.07,2023-02-28 10:08:28.722767,28.52209,77.472369
0772b864-5f9f-4726-86d3-a9e889b91526,8e9be22c03d9e1cb,ATM-KZTU-2070,ATM,17492.07,2023-02-28 10:05:31.866692,28.082094,77.000689
b4aeb92b-8cd3-417b-8199-7ed0f84cd53f,05e58b535004d596,ATM-WVQB-1684,ATM,8746.04,2023-02-28 10:25:59.481593,13.075429,80.238559
8fb96c45-c9e8-4809-a7e8-32b176e1d745,b40cfec92900ce51,ATM-FMAH-0011,ATM,8746.04,2023-02-28 10:13:22.733959,24.096273,86.339106
280f82a4-36f0-4b01-bed0-082420dd4af6,4b2f70600e0981d6,ATM-VUPR-0224,ATM,17492.07,2023-02-28 10:44:05.040404,28.554695,77.336551
a04c0bb9-78af-495f-9d97-7aa7aa0adbdd,ae35003a1df2f0e2,ATM-WBUC-9531,ATM,5830.69,2023-02-28 09:57:28.504960,28.554667,77.476199
e4a22c0a-9ee4-4e44-a89d-d1817b2eb577,94d6f63ab19d86b2,ATM-ZDBE-2118,ATM,5830.69,2023-02-28 10:20:54.938932,24.003906,86.829955
e4d7db86-54e7-4154-b352-c81a6c5b1133,4f0d8ce1b58bf64c,ATM-WPYN-6573,ATM,5830.69,2023-02-28 10:09:00.030767,19.068753,72.872604
725f45a5-3b0d-49ab-8f15-7125939a156b,ee953cbc6fe1c738,ATM-PKLB-8922,ATM,5830.69,2023-02-28 10:41:41.855401,30.987993,75.812285
fc5938b7-c620-4487-800a-1650a67ab489,6da47df28d1aad11,ATM-CEIV-2002,ATM,5830.69,2023-02-28 10:12:58.176196,30.859098,75.782521
55cb0af2-1355-4be4-9546-ca22402dd280,d808e7485fc3520a,ATM-OSYV-0816,ATM,5830.69,2023-02-28 10:20:24.130503,28.142139,77.11091
f97d64eb-5b1f-4082-bebd-645ac54a6d1e,2a5119a5778f8fb7,ATM-XLNQ-1965,ATM,150364.8,2023-08-02 15:06:57.280302,28.564907,77.396782
ccabb6a5-3c83-49e0-a786-d4051a7e5113,f716e35638c3dd12,MIC-YZSK-8562,MICRO_ATM_CSP,150364.8,2023-08-02 15:22:31.867272,22.602113,88.437535
04f1de02-3074-4fa9-ac54-8babbf49a1ad,04cb4af66bbc9cd7,ATM-TLWZ-8855,ATM,85259.35,2023-04-02 14:05:53.587030,28.538647,77.372235
52203515-21d0-4886-90d0-2bf6ff93e2c2,1fbd0c1ad65a3618,MIC-WNJY-3526,MICRO_ATM_CSP,42629.67,2023-04-02 13:51:20.265201,23.967071,86.831553
116cb619-094f-4891-a2f8-b3cad61fde6b,6627778c0faccd9e,ATM-KOVJ-2530,ATM,42629.67,2023-04-02 13:48:56.922362,24.221521,86.282183
8b8e2772-e7ec-47d7-882a-b1a61e7baef7,04cb4af66bbc9cd7,ATM-IUXL-9548,ATM,85259.35,2023-04-02 13:54:50.079814,28.574718,77.42664
e2fd6c53-c32a-4d63-b670-7e4b7be86843,ce42adff5fb0bcc0,MIC-IZBA-7705,MICRO_ATM_CSP,21590.51,2023-09-05 02:34:31.350702,24.336981,86.319902
58ad62d8-318e-4e5d-9479-f54296d1a73b,3c0b67ba74cbafec,POS-ZVHM-2587,POS,21590.51,2023-09-05 02:22:54.907507,28.578582,77.425676
b1f006b7-85db-42d1-8594-2cfc62a005a4,8b2f80b612ad4abe,MIC-TDZN-6303,MICRO_ATM_CSP,21590.51,2023-09-05 02:20:30.671607,30.916223,75.844213
77006247-f968-4918-80df-7cbe54c25337,3c0b67ba74cbafec,MIC-QPJR-4063,MICRO_ATM_CSP,21590.51,2023-09-05 02:23:59.607225,28.48688,77.497682
a9c74744-c097-4f4f-9d3f-13c969b6db9b,2bb65ef4ad770c01,ATM-PPML-0536,ATM,28787.35,2023-09-05 02:36:56.373540,23.9326,86.800293
8519f88c-c6b3-40b4-bcdc-7f8c134ab909,a7d3dd3cb0ab4de4,ATM-VUHD-8161,ATM,28787.35,2023-09-05 02:45:23.353919,24.189189,86.275209
d4927d0b-3f48-47ff-b74e-55d96a3ea742,c944a5acdd141b53,ATM-JMRL-4164,ATM,28787.35,2023-09-05 02:20:40.469622,13.107563,80.244606
30785bbc-67f6-4d60-b0a8-8962c8258f2c,9161da7be526b717,ATM-HCBM-7296,ATM,102039.07,2023-09-19 06:54:44.553102,24.254918,86.351157
8560e6f1-59d1-44d8-bdfd-ef5368b8e849,2cea95cfb3bfcf81,MIC-DXUE-7124,MICRO_ATM_CSP,102039.07,2023-09-19 07:05:28.330048,22.455912,88.394414
218eae5c-464c-454c-9848-3556e5948071,6d15ef43c18a5e44,ATM-RKMQ-1032,ATM,179822.53,2023-09-25 10:10:18.269342,19.091492,72.911656
b8e2879f-916b-4201-bb0c-bc36670a8509,ecc8777fcfc39d17,ATM-CUKM-6818,ATM,59940.84,2023-09-25 09:44:38.756489,22.507966,88.376036
97650d6a-28c0-44c5-aba6-742a13286ddf,6719077e3a6cd655,MIC-KEXX-1294,MICRO_ATM_CSP,59940.84,2023-09-25 09:11:11.683031,24.015858,86.839404
d9ef3fe7-5700-406e-b31e-ff83ecc82756,9f1975758d203f92,ATM-QDFA-1946,ATM,59940.84,2023-09-25 09:16:01.807769,23.904988,86.877982
6df42f28-a857-4042-bd86-8ee72867cb94,e2008e1b14bdb6c8,MIC-IZCC-8918,MICRO_ATM_CSP,56778.24,2023-03-26 08:33:44.502765,28.515424,77.312206
92a51beb-4d17-4b95-b189-b9757220ddab,4d615301bf0f358a,MIC-XSZP-9925,MICRO_ATM_CSP,56778.24,2023-03-26 08:18:35.395624,30.86801,75.921369
0decbe1a-ffb2-42f0-a588-6808e06f0263,15bc62bab6812a87,MIC-FSQT-7425,MICRO_ATM_CSP,18926.08,2023-03-26 08:17:34.594027,22.514066,88.414711
bf45fdd0-6c17-4511-a7bb-43812964a07b,6719077e3a6cd655,MIC-UVXF-6285,MICRO_ATM_CSP,18926.08,2023-03-26 08:36:14.987009,23.983582,86.823825
5a41fae2-9ca1-4b9d-a345-69c5083cf7e6,7a10f6d97500d049,ATM-FHVB-0211,ATM,37852.16,2023-03-26 08:08:41.289910,23.99152,86.875533
e93c9b38-d6ce-4787-8a61-3b6eedca773a,6719077e3a6cd655,ATM-QHTZ-5817,ATM,37852.16,2023-03-26 08:39:21.442067,24.018302,86.800638
e4afd30a-28e1-4172-b339-852046521555,76e37cd876827e1a,MIC-XBOJ-3470,MICRO_ATM_CSP,12755.12,2023-09-25 01:40:05.659175,28.115361,77.068179
93af9660-0a5d-4a6c-adc1-1e9f7aae8823,0f402318041204af,POS-OFKI-2806,POS,12755.12,2023-09-25 01:28:04.838367,24.19834,86.422672
69e6b48d-946f-4eb7-9e54-a5e510199853,6c5210044e8bd8d5,POS-VWFY-6767,POS,12755.12,2023-09-25 01:29:22.263568,30.911036,75.913481
07220303-701b-4be1-8533-613b6a2d6d0a,e7dabff5801a84c0,MIC-ZWEV-9409,MICRO_ATM_CSP,12755.12,2023-09-25 02:18:25.015598,22.515518,88.311122
0e98175e-e93f-4526-a44e-f36b0ca919b6,6719077e3a6cd655,ATM-JXZC-9135,ATM,25510.25,2023-09-25 01:11:02.948606,23.963857,86.783513
8af1fbb1-a4a6-42bb-bfbc-631b3b9c537a,a2fa3041d552b090,MIC-TQDE-8218,MICRO_ATM_CSP,38265.37,2023-09-25 01:28:39.128259,28.43664,77.442369
f2aeaea5-83f8-46ff-bb7e-0be42098b72e,4b2f70600e0981d6,MIC-RZCH-7655,MICRO_ATM_CSP,9566.34,2023-09-25 01:57:31.316409,28.557865,77.394013
7f577b3a-91d7-46ae-aba5-2fae1d6048d4,99a3e1da6dbb6224,ATM-USAN-1770,ATM,9566.34,2023-09-25 02:34:03.041354,13.076055,80.278677
5d630126-7180-4592-9c8c-8ea0d97e7217,2f5005f659c6467e,POS-QOTA-8407,POS,9566.34,2023-09-25 02:16:59.957819,23.937542,86.774417
e038ad93-1b1c-4b1e-908b-e9976e05a779,18054a93ec8f02eb,MIC-VICG-8483,MICRO_ATM_CSP,9566.34,2023-09-25 02:31:44.573163,13.113801,80.229519
8aeb3c1d-8191-4ad0-83c0-060e923fa721,218c5d6d080619a2,MIC-JENX-0039,MICRO_ATM_CSP,60823.93,2023-12-29 08:39:12.720541,30.877974,75.892513
45bbc96b-b3ce-47ce-85ac-2bf5872b3f2a,b6061c939aa88bd7,ATM-SCUR-7230,ATM,60823.93,2023-12-29 08:02:02.395140,24.21127,86.267566
ced334d9-55c8-4255-9b51-98e6e0f709e1,25b04eca97925f46,ATM-NNSE-1292,ATM,60823.93,2023-12-29 08:26:47.913841,24.250256,86.328453
997a3f87-66a8-4a92-bc93-41fd925ac79b,25b04eca97925f46,ATM-FUJZ-5501,ATM,30411.96,2023-12-29 08:58:35.094627,24.233759,86.362286
46893ab6-4c45-4a4f-b627-29de6deea519,8603e60ca1329f36,ATM-GQUP-6940,ATM,30411.96,2023-12-29 08:32:48.865419,30.941827,75.926972
02b62715-08ef-4a27-bab0-8ee3013f2226,2647f966c1839f83,MIC-KQSE-9498,MICRO_ATM_CSP,30411.96,2023-12-29 08:29:54.244784,28.120943,76.959267
a1e56601-90c7-4097-a3b3-781031a37793,392ff47fb759eb21,ATM-QVAP-9061,ATM,91235.89,2023-12-29 08:09:56.402653,28.533555,77.382991
6e7dc17a-fa3e-4bfc-90cd-81150925d00a,a2be5453e6de14d6,ATM-BKEB-9341,ATM,210132.41,2023-09-17 06:04:28.358998,30.943659,75.879563
b966d637-8941-44aa-81e4-60aad3cd9e1a,10391296d265566e,POS-DXOB-4996,POS,210132.41,2023-09-17 05:54:02.405474,28.083259,77.01224
2e09a11c-af7c-40fc-8e15-f183a35d9b33,45d630ed37506629,MIC-CWOQ-6265,MICRO_ATM_CSP,33011.94,2023-01-16 00:59:49.558204,22.564661,88.34944
265134a8-6c9a-47f2-abb9-054401467733,20c2089f25f299fe,ATM-UCLQ-9813,ATM,33011.94,2023-01-16 01:50:54.250905,28.085315,76.963924
7c4c1522-a425-4662-b557-4fcd770e74de,150079c7a6c509ea,ATM-ZIDR-9228,ATM,33011.94,2023-01-16 01:15:27.224911,28.516384,77.454568
90a945f0-9268-43b2-b501-f3761f4b336b,93c4f2afeee071da,ATM-FVBO-2562,ATM,33011.94,2023-01-16 02:50:53.289771,19.024547,72.83631
ad25005f-7144-47f0-b101-30460ebd833a,793bb65021361c99,MIC-SRHH-5643,MICRO_ATM_CSP,33011.94,2023-01-16 01:31:57.271865,22.503951,88.343417
8f9c1326-c6ce-4f5d-b6f3-be2b49b11287,6b92513a58c1d9b4,MIC-AGBG-0070,MICRO_ATM_CSP,33011.94,2023-01-16 01:19:15.422298,13.108321,80.247884
f3b8a5ba-034d-4a7b-9c3b-bd5542ab6809,98768ceed9627cfa,ATM-NVFA-1769,ATM,11584.51,2023-05-08 04:35:11.141993,24.008299,86.787855
f6a4e198-464d-43a1-8311-0a7f31d077ff,801c737176bab764,ATM-KCEV-0663,ATM,11584.51,2023-05-08 04:35:48.174026,30.876581,75.887181
8f480835-e93b-45a1-9222-6ce1094c4365,001cc7c523c48f43,MIC-FZEV-8692,MICRO_ATM_CSP,41362.92,2023-06-03 04:59:34.197553,24.114338,86.333063
cb7b7891-1279-4817-88dc-d8c681edbc64,78412091d3702307,ATM-KPKS-5571,ATM,41362.92,2023-06-03 05:11:32.693181,28.122821,77.058098
e2da757c-2b33-4ed1-aa53-e7b52706649d,095c1c65e3981f27,ATM-BZYJ-0573,ATM,41362.92,2023-06-03 04:53:08.275851,23.996584,86.92212
1dbe54ba-cc82-433c-8b40-a60ee0b3d954,c08d00055da1c6f6,MIC-ESKA-8370,MICRO_ATM_CSP,62044.38,2023-06-03 04:58:23.997540,28.109987,76.984689
497ab342-7812-4e1d-a8b8-527e016c63b6,2a1810e23521088f,ATM-OGKF-0285,ATM,62044.38,2023-06-03 05:13:16.315228,28.166558,76.985566
a4ba82e8-336a-4d1a-80ed-baf8813e442d,3130a23abd9e06eb,MIC-GWIV-7937,MICRO_ATM_CSP,186186.69,2023-03-01 12:08:34.658957,28.561942,77.372551
36be0e1f-e284-409c-8bd4-d1f346566ede,91b86f426cd2cf59,MIC-JIDG-7651,MICRO_ATM_CSP,186186.69,2023-03-01 12:05:24.521230,28.582366,77.371765
83a1e5a2-4d0b-453b-b190-7bff04a7306a,82040f84c6d17a60,ATM-OODX-4777,ATM,61620.12,2023-08-01 23:53:38.880663,28.649426,77.380281
e5316331-3795-4a8c-9984-4a95c5cbe1c0,87cc051ae08428cf,ATM-KDYP-0404,ATM,61620.12,2023-08-01 23:58:39.089691,24.273255,86.327117
977e485c-1316-4569-90dc-c5e73cc4972d,9fb71d78ccc4f2b1,ATM-SHUG-7514,ATM,48615.98,2023-08-06 00:33:32.112660,28.548047,77.409303
d9811bb6-29e9-40ab-8ac2-501851bb4e99,07e0cebd234c62cb,POS-POEB-5900,POS,48615.98,2023-08-06 00:37:54.837959,24.115127,86.298403
61e38697-118b-47ad-a296-816f4983be2d,9fb71d78ccc4f2b1,MIC-JNDK-4472,MICRO_ATM_CSP,32410.66,2023-08-06 00:26:43.277484,28.53252,77.488341
8fd89bb0-a7d4-46f0-aa85-3da4e826af30,25b04eca97925f46,MIC-FLCE-2139,MICRO_ATM_CSP,32410.66,2023-08-06 01:25:57.282983,24.181653,86.385901
8ee498f7-9cd6-41b4-9ea2-ed1766a675fc,6719077e3a6cd655,POS-XYLS-8867,POS,32410.66,2023-08-06 00:45:14.464330,23.960412,86.793992
5da1bb56-4960-41c9-873c-66f57fbe4cf4,9fb71d78ccc4f2b1,ATM-WMDE-8000,ATM,48615.98,2023-08-06 00:45:29.086571,28.458115,77.408482
cc846797-4450-4268-90ce-c323e1ebcaa4,6c95e9c4a0ba9faa,ATM-KUFW-1893,ATM,48615.98,2023-08-06 01:17:01.899801,23.922282,86.742057
6c858e72-f33c-4818-bfac-7b7c30623f95,e09de44b287780d9,ATM-BXPX-0233,ATM,32410.66,2023-08-06 01:16:44.577614,30.933062,75.876693
c1fd8fc2-a81b-4e4e-993f-7e403c12b9a2,735d7382bc84f337,ATM-TSNB-5995,ATM,32410.66,2023-08-06 00:23:55.469162,19.099915,72.87938
58b72682-d42d-4faf-b58d-28946d1dd96c,ec7e68e5d9782dd2,ATM-WMNH-4763,ATM,32410.66,2023-08-06 02:04:28.130422,19.044235,72.829525
32cb6736-2adb-4d09-b30a-8e905353f7b1,9f1975758d203f92,POS-EJXS-8718,POS,384784.18,2023-12-04 11:26:22.237113,23.935559,86.826425
00725c6a-dfcd-4f08-8526-13a76409e49b,095c1c65e3981f27,ATM-IIMJ-8061,ATM,11152.67,2023-10-16 19:56:15.701480,23.975976,86.823678
09746d96-f54c-4b23-93bf-b9f0c1ab883d,90c719afbb7ddcc0,MIC-YOXF-3327,MICRO_ATM_CSP,11152.67,2023-10-16 21:09:57.552426,19.096884,72.882368
314ebfcd-47d8-4826-afca-7db32ae0613f,77323791caaf34e8,ATM-SWIP-8906,ATM,11152.67,2023-10-16 19:37:54.290633,28.499781,77.351981
1f3377d0-b25d-42a4-a48a-b4aa4e785649,a2fa3041d552b090,ATM-SBTX-8399,ATM,33458.0,2023-10-16 19:53:45.434786,28.537261,77.436819
b6f10921-2974-45b2-b1bf-f4acce20bcd6,67b29c8559f11dce,MIC-VYLK-9341,MICRO_ATM_CSP,33458.0,2023-10-16 19:51:04.811252,23.964201,86.783769
9046e6b5-068d-4b45-97ff-045191a6df0d,f1768bad6f1e3ce2,MIC-HAFS-1634,MICRO_ATM_CSP,16729.0,2023-10-16 19:56:25.799326,19.085325,72.889029
c8438a85-e2e2-4746-8452-c826a9fbe036,a40844e151329aea,ATM-SSFG-7658,ATM,16729.0,2023-10-16 19:49:10.049361,24.159734,86.400543
8f437517-cbe3-4da8-89b3-825c06489b52,1e53c2e9292b4b76,POS-GLQP-1051,POS,10290.47,2023-06-05 15:10:18.755251,24.176463,86.303135
0b6cf22d-421e-4db6-a33b-80d83640b3d6,da409597f4ad841c,ATM-KDWB-3283,ATM,10290.47,2023-06-05 14:53:28.604935,23.951715,86.784626
f601e5d9-0a9c-42da-b70d-33111a8db8f2,bb6efc9b42a0c6a5,ATM-CLTL-0598,ATM,6860.31,2023-06-05 15:28:26.337628,24.313044,86.345968
d400210d-e498-4e52-919a-0b56a18c0467,488c8c92e7abac83,ATM-JVGY-3633,ATM,6860.31,2023-06-05 15:01:02.389482,28.527073,77.410594
c1d26801-4b4b-45cc-8f81-bf038e4aefcb,793bb65021361c99,ATM-AMMW-3203,ATM,6860.31,2023-06-05 14:59:26.297232,22.566544,88.326919
71648b2b-98c9-4a02-a2e9-466a779b400b,bbe623c9da0b733d,MIC-GMGN-5764,MICRO_ATM_CSP,2075.21,2023-01-04 15:54:33.549579,24.174845,86.306481
480606dc-627f-4bf9-aa23-d41dfcbd4bd5,e2008e1b14bdb6c8,MIC-LOYZ-5832,MICRO_ATM_CSP,2075.21,2023-01-04 16:17:06.879691,28.543034,77.352547
7781ebf9-1e00-42e8-952e-d88acb9dd4a2,67b29c8559f11dce,POS-NNHG-3932,POS,2075.21,2023-01-04 14:44:41.228621,23.936651,86.927123
d0547d26-2ed4-422f-9fc9-63532aef0b82,4efff10329ca6699,ATM-OGTY-4415,ATM,1971.45,2023-01-04 15:06:26.873960,19.001414,72.830057
386df3c2-23c4-467b-b047-72ca5832b9ab,aefb9520732cf5fc,MIC-YSZR-5395,MICRO_ATM_CSP,1971.45,2023-01-04 16:08:11.290996,22.575823,88.417492
e385b374-b278-44d1-b26b-1cefea7e1568,0bd8573ba3901c0d,MIC-KNTR-2200,MICRO_ATM_CSP,1971.45,2023-01-04 16:02:45.850559,30.820718,75.823594
ecf13361-7586-4d82-ac18-6c1cd83e05c4,f2096f718ea48500,ATM-KQBF-0069,ATM,5914.36,2023-01-04 15:40:38.292007,24.199369,86.334114
1f337e7a-4da0-4b38-a86d-a6ed6653b631,f49ea4ce91fb5dd8,MIC-NXTH-2713,MICRO_ATM_CSP,17743.06,2023-01-04 15:01:19.733649,22.566874,88.306345
a2b244e0-8d0d-48d0-9dfe-97ba424edd93,c293589cea3b5636,POS-UGYV-3269,POS,183037.85,2023-04-27 21:10:56.819437,23.96032,86.787065
6d958305-4c7b-4e4d-8a71-16b75b500f9a,9ad82182ead0fba7,ATM-BHGC-4728,ATM,183037.85,2023-04-27 21:52:54.832556,28.538262,77.423165
f13faafe-e104-48bf-aacc-02567f8c8321,6719077e3a6cd655,POS-SHSO-3279,POS,270385.11,2023-04-25 00:44:29.169087,24.044789,86.772979
7a1f4190-c972-416e-9cd6-7e8d6fe507ec,9161da7be526b717,MIC-RBQT-3593,MICRO_ATM_CSP,464200.55,2023-02-15 05:52:45.232575,24.28091,86.236318
94b48086-6ece-4475-9aa1-6e4206f6a82e,c5ed1a30cccb44f4,ATM-IUML-8073,ATM,34542.16,2023-10-08 07:48:16.450242,24.172713,86.252019
0ce66e7a-f0ab-40c2-91bd-1e99614aa077,ee953cbc6fe1c738,POS-IPAZ-9167,POS,34542.16,2023-10-08 09:03:17.175212,30.933204,75.814339
0aacf65b-a0b0-4855-a2fd-cb23c1af37fa,6719077e3a6cd655,ATM-MXGX-7950,ATM,34542.16,2023-10-08 07:50:02.483924,23.945741,86.6985
e6da24c1-0537-4861-8972-8d0cb44676ab,ee953cbc6fe1c738,MIC-BYAN-2072,MICRO_ATM_CSP,51813.24,2023-10-08 08:05:22.811185,30.896836,75.893835
51cc7318-f41b-45ed-b2d3-531a3560a45b,1fbd0c1ad65a3618,ATM-CFFL-3834,ATM,51813.24,2023-10-08 08:00:47.229228,23.994403,86.879023
8de76fd3-7581-4b7b-9273-b0ebf20e2d68,ee953cbc6fe1c738,MIC-AMXZ-3715,MICRO_ATM_CSP,103626.47,2023-10-08 07:44:12.266765,30.85208,75.775352
52fe6526-9c50-496a-a769-04c493e60e87,1fbd0c1ad65a3618,ATM-CRXY-1592,ATM,103626.47,2023-10-08 08:12:03.237249,23.89779,86.754774
6de3f6ee-3664-4e20-b55a-7e60a4c4c058,a458a9d0fa6b945c,ATM-PLJG-0919,ATM,199994.42,2023-03-24 14:24:23.861907,23.909725,86.793827
f171016c-fc01-4efb-914a-fbea737f0098,90c719afbb7ddcc0,MIC-KFZR-0996,MICRO_ATM_CSP,49998.6,2023-03-24 14:08:37.251780,19.105442,72.829865
d8d53803-174a-434a-b1fe-0b4e29474fc2,47dbc2f354f604d2,POS-FFFR-9505,POS,49998.6,2023-03-24 15:40:45.134000,28.090314,77.03662
cc8526ca-c51f-4736-b3e6-6bcf67d6c96a,93c4f2afeee071da,ATM-EZQY-0897,ATM,33332.4,2023-03-24 15:07:23.964587,19.090765,72.91857
47f51eca-cb11-4000-809c-6a78d1778078,eeb7ceafb88813a8,ATM-GBIE-0502,ATM,33332.4,2023-03-24 14:27:26.350242,19.057308,72.900041
02e592ba-b826-45d2-86bd-e4dfd68ef6d6,3e96103935c76626,MIC-LHXC-0901,MICRO_ATM_CSP,33332.4,2023-03-24 15:52:16.929025,28.061599,77.053745
6fdbb4fb-613b-43a2-86cb-a49a81c2d921,dd3bf42a1dd6c675,ATM-SVGB-0008,ATM,59411.36,2023-09-08 23:23:40.239697,24.235813,86.335881
a2337dda-98fe-467b-b422-d9bc4fa22a4e,028202be514e6b30,ATM-VRPX-0242,ATM,59411.36,2023-09-09 00:31:07.571886,28.136469,77.028964
cd9a4e83-013e-4217-a0c2-6a97e0c9aba0,523725b9cd46e00b,ATM-QVWL-8848,ATM,59411.36,2023-09-08 23:12:39.413561,28.093136,77.001319
4a3da275-874b-4dc1-b9ab-3b0be779077d,ee953cbc6fe1c738,ATM-UIMO-3896,ATM,89117.04,2023-09-08 23:21:23.506255,30.904692,75.815054
db94f364-a10f-45ea-9f4c-cfd78187346e,ee953cbc6fe1c738,MIC-DFVW-2463,MICRO_ATM_CSP,89117.04,2023-09-09 00:52:44.996517,30.894131,75.902825
bf4308fb-983d-432d-bfd4-91cbfd5f6000,218c5d6d080619a2,ATM-IJNS-2454,ATM,4418.15,2023-11-13 04:19:48.341421,30.894911,75.832297
eac79768-c0cc-4c5b-8e8a-52ef7ffa70ed,96c80e0c992812b9,MIC-SELS-0414,MICRO_ATM_CSP,4418.15,2023-11-13 03:52:50.914091,28.026306,76.93188
70815ee1-3d16-4692-aebc-bef7b8489000,59466547af7f83d0,ATM-PZQK-2006,ATM,4418.15,2023-11-13 04:09:34.435020,13.133165,80.31087
39e74874-1e74-42fa-a39f-25e299678fb1,9fa7af4628dd9cb3,ATM-VTMM-2978,ATM,6627.23,2023-11-13 03:46:54.290870,28.56431,77.395598
2f3081bb-39dc-45d3-9c46-230b2203b76e,a7725f1729a11e9a,ATM-OAZO-1233,ATM,2209.08,2023-11-13 04:23:41.217391,13.107808,80.240254
eda188ae-a267-4515-a57a-5626dfc7f7fe,9fa7af4628dd9cb3,ATM-QGBI-8442,ATM,2209.08,2023-11-13 04:07:27.418653,28.509276,77.392163
326dd226-d985-4732-b843-d6c2b9cc38d2,095c1c65e3981f27,ATM-VHFF-6597,ATM,2209.08,2023-11-13 03:52:22.520253,23.938502,86.770222
baf98ca2-b450-44c4-ac5f-4839b91a8c95,5ab65182c5db6734,MIC-AMLO-8278,MICRO_ATM_CSP,4418.15,2023-11-13 04:00:07.566176,13.165048,80.281117
1f3c8cd3-6da1-47d6-881a-40d83ab5d854,394194a39a57bcc6,ATM-UVSE-4270,ATM,4418.15,2023-11-13 05:11:11.792221,22.553055,88.392589
ad4fecad-5431-4e99-8bdf-3edfed02e979,ba7b0c09f0862541,POS-ZDLF-8073,POS,4418.15,2023-11-13 04:33:35.173051,24.244158,86.244018
40b5a517-22a9-46d5-b005-d480e4f39c2e,a34fc46ca7398755,MIC-BEFN-7937,MICRO_ATM_CSP,19903.24,2023-11-30 08:58:27.952295,28.142465,76.958804
bebb69fd-8701-4291-b6fa-bd86bc1ab17a,151d8260d0e8560e,ATM-SVFV-7551,ATM,19903.24,2023-11-30 09:33:32.765960,28.556839,77.326932
5861b4bf-6c42-4cae-aa80-4b9b82c5c05e,0f402318041204af,ATM-UPUZ-6747,ATM,19903.24,2023-11-30 08:36:43.364735,24.289194,86.269843
48b844ab-b880-42ad-8d29-c85553e9b587,0c3bb40dc19d9219,ATM-FRYK-0468,ATM,19903.24,2023-11-30 08:31:40.242019,28.046831,77.03784
304938df-24ea-4f92-8ffa-05ce3c15af55,78a973ba4ad6b938,MIC-HMZQ-5135,MICRO_ATM_CSP,19903.24,2023-11-30 09:19:03.175693,28.104512,76.958959
56399129-9fd3-4de3-8b2b-a09016a5bb03,7a25be9714d338c3,ATM-QERM-6437,ATM,19903.24,2023-11-30 09:05:22.119410,28.491442,77.301407
7a42bf87-f1cb-48e5-9b7b-83780b89dd7d,c08d00055da1c6f6,ATM-MEOG-7922,ATM,59709.73,2023-11-30 08:38:45.375350,28.041912,77.027681
d3640730-ab64-4a62-8c80-e70efe1f09f5,6da47df28d1aad11,ATM-LGLU-9535,ATM,59709.73,2023-11-30 08:25:12.278747,30.86101,75.831512
c4a75e06-3764-4881-9516-a668c7548293,d95d8cbc786fbe44,MIC-ZRVR-0146,MICRO_ATM_CSP,59709.73,2023-11-30 08:19:05.218140,30.867681,75.927333
c6acfa72-0606-4f7e-9d72-08db1c1d2820,6719077e3a6cd655,MIC-CABX-0096,MICRO_ATM_CSP,29854.87,2023-11-30 08:30:21.598429,23.96126,86.818858
0f074f5c-be9a-4156-861d-1cc221275e90,a2bbd14a2f29203e,ATM-YBVN-1752,ATM,29854.87,2023-11-30 08:37:11.334679,23.990456,86.825184
362a5f00-4849-458b-a8b5-55e802933163,3ba14a4de4ea92d7,MIC-TDEV-8135,MICRO_ATM_CSP,6089.26,2023-12-27 13:32:41.243475,22.492981,88.435907
2e3530de-565b-4924-bb6e-cf588816f3e3,3bebc51f1ef19765,ATM-MFDI-6203,ATM,6089.26,2023-12-27 14:00:21.195974,24.252259,86.360239
e2ccb15f-0c25-4785-beb3-05a6957dc1d2,569e825e4e2fc336,MIC-SYXL-7580,MICRO_ATM_CSP,12178.52,2023-12-27 13:55:24.249379,22.685217,88.379967
5c57f61f-8157-4141-b344-05c8ff73303a,1b6df1573ac24ffc,ATM-HAMI-5731,ATM,33885.93,2023-09-24 14:39:55.790418,30.827633,75.889915
47b416bb-8e6a-4c4e-aee4-9332fbbb03ce,25b04eca97925f46,MIC-OWYD-3172,MICRO_ATM_CSP,33885.93,2023-09-24 15:10:47.738233,24.202749,86.340461
86512778-344f-4ab5-b60d-5c7520000fb7,40358308186e55a2,MIC-TOJA-8256,MICRO_ATM_CSP,22590.62,2023-09-24 14:53:02.812115,23.915323,86.759352
46ee00d6-aafa-4052-bdc7-786785e15897,f11598245b195848,ATM-EHBD-1205,ATM,22590.62,2023-09-24 14:10:35.104917,22.560504,88.269965
0ff70e2a-1cbd-4927-b8bb-3732d04095ae,ce42adff5fb0bcc0,ATM-DYEV-7661,ATM,22590.62,2023-09-24 14:15:29.457223,24.281085,86.288398
a77b77a6-3703-4d58-82de-92fe1bcdb661,9161da7be526b717,MIC-EVYB-2188,MICRO_ATM_CSP,33885.93,2023-09-24 14:28:49.021723,24.077751,86.276515
768aac98-7073-4881-9d04-c2a2a82c8956,96739c6dc7f02b5f,ATM-ZNVX-1214,ATM,11295.31,2023-09-24 14:14:48.337837,30.892226,75.929557
b80b4fc4-55a3-4f92-a657-5f1e23896785,028202be514e6b30,MIC-WWTT-2001,MICRO_ATM_CSP,11295.31,2023-09-24 14:43:30.910758,28.115356,76.940231
19b67772-ad52-405f-8158-43c700cbdf51,e2f19358960dc1b8,ATM-OGZN-1861,ATM,11295.31,2023-09-24 14:29:38.182191,28.553488,77.392588
c0aa173c-bc5b-40be-a843-d1a6b2cfb457,51cba92f234ec17c,MIC-KYKI-7650,MICRO_ATM_CSP,11295.31,2023-09-24 15:27:09.272276,23.947792,86.795771
fdbfca42-b2c5-4a37-843b-c00c8af7c7b6,8c8e8c2707466b4c,ATM-WTIV-3024,ATM,11295.31,2023-09-24 14:46:28.392899,24.241391,86.302196
ecf70dff-7c4f-492c-a480-8097493a3f72,4c33d093c4bea6f0,POS-IJXN-0291,POS,11295.31,2023-09-24 14:24:36.405944,22.569553,88.422632
09c628ba-4cbc-4e77-8abf-54c1e0b7c90f,b82c83e33c343e84,ATM-PPIP-5736,ATM,11295.31,2023-09-24 14:56:42.153542,19.11596,72.895895
66406d20-f7ce-4c77-8555-b88d8626e34d,0c5b61c0cc49dd4e,POS-SZUL-8275,POS,11295.31,2023-09-24 14:22:33.249192,24.1606,86.286795
74636a0c-b433-4111-b86a-c0f706766733,a0f75e9cadde49b3,MIC-AEUQ-5470,MICRO_ATM_CSP,11295.31,2023-09-24 14:12:03.307038,19.07124,72.812814
95c903d1-327a-4b7a-b54a-f50995b54cc3,8763dc761991d7fd,POS-WCWS-4685,POS,31487.07,2023-12-23 02:54:28.067091,28.576436,77.462134
41c562c4-bea9-472e-b235-01f3b42b3d5c,7fe57d0ff66463b7,MIC-IUOA-5522,MICRO_ATM_CSP,31487.07,2023-12-23 03:13:33.770140,22.571136,88.366115
969e4229-e78c-42da-b2d5-fe45ed00a26e,7fe57d0ff66463b7,POS-PWOR-3409,POS,62974.14,2023-12-23 03:29:06.888470,22.612934,88.358457
4f74da4f-c1fe-4dee-807d-76ce274ced72,7878fbab6ddda2f9,MIC-JGKL-5103,MICRO_ATM_CSP,31487.07,2023-12-23 03:22:26.757987,23.994485,86.847187
4835a5d9-b636-4207-b6cc-72420f34edf4,7fe57d0ff66463b7,MIC-MERA-2578,MICRO_ATM_CSP,31487.07,2023-12-23 03:22:22.196267,22.576715,88.314317
0c4bdfd6-6c48-4277-9a2e-ce58692b6cbb,25b04eca97925f46,ATM-JICR-5240,ATM,94461.22,2023-12-23 02:54:23.584767,24.229846,86.242147
144ee2ba-8094-4102-a656-e28f4f50e241,91ff603347d3f90a,ATM-UCTA-5532,ATM,94461.22,2023-12-23 03:38:35.539183,28.100577,77.087255
b61771c4-b172-4a1f-84d7-d0e6613f2d1f,7a10f6d97500d049,MIC-NMWL-2969,MICRO_ATM_CSP,11810.61,2023-01-08 13:13:32.148145,24.011836,86.825968
2a3cd8da-4ef7-4862-a260-a072e5831346,c944a5acdd141b53,ATM-SKDT-9692,ATM,11810.61,2023-01-08 12:42:14.420958,13.111986,80.270388
1571fd11-44e5-44e7-957d-ed61c8b30ea4,25b04eca97925f46,ATM-LBZL-8511,ATM,23621.23,2023-01-08 12:37:43.327061,24.174618,86.340951
0cba17e5-a4c6-44e3-8bfd-2410913af232,095c1c65e3981f27,MIC-MOFT-8847,MICRO_ATM_CSP,15747.49,2023-01-08 12:53:43.629469,23.890646,86.845227
8db4dee8-8b01-4252-8af6-10c476a3d2c7,562772d2f729f0a9,MIC-FMFN-3013,MICRO_ATM_CSP,15747.49,2023-01-08 12:53:56.994900,30.962695,75.786687
78042899-ee2e-4cc0-8db1-659f743f8950,96739c6dc7f02b5f,ATM-RXNB-7782,ATM,15747.49,2023-01-08 12:46:33.075666,30.964029,75.827496
5db6f917-f939-4f76-a0c9-3632f46b6c0c,89d7b75cd9122aad,ATM-ULYD-0674,ATM,11810.61,2023-01-08 13:22:24.157630,30.954673,75.915935
3eeeeefc-fcdc-4285-b216-05cd9cabf6ee,25b04eca97925f46,ATM-PBAT-4730,ATM,11810.61,2023-01-08 13:17:08.777480,24.195139,86.295144
d3fdad7c-6336-4073-8af4-f1e02fd3fded,e9b823fe47bc426a,POS-FHWR-8331,POS,7873.74,2023-01-08 13:41:51.389687,24.196319,86.28082
30607bb0-e0d5-48e7-9fbb-f539350dce17,3dcd069dfca35470,ATM-CNRM-5193,ATM,7873.74,2023-01-08 13:27:16.949156,13.135453,80.232666
0e686af7-c3bf-42c8-8f48-353a9cdfe4f1,6da47df28d1aad11,POS-JLCJ-2154,POS,7873.74,2023-01-08 14:31:13.994049,30.893671,75.86683
3487a27d-8730-4d05-9190-09eaf03267d5,8e5fcc4d4d7f23bb,POS-GYYG-9576,POS,73187.44,2023-05-27 20:54:04.382660,24.154013,86.332227
d048316a-44f3-4887-8f1f-21f6bdf8080a,8595d99a4d487472,MIC-FBMM-7941,MICRO_ATM_CSP,24395.81,2023-05-27 19:57:51.929654,28.65282,77.423819
364a25cc-7517-4aec-aef4-87a8c89994cd,5eb59abc9c970d06,MIC-BWRQ-6144,MICRO_ATM_CSP,24395.81,2023-05-27 20:26:25.375114,28.508787,77.401008
1e61becf-5b5d-4c77-a281-78f1594aa424,5056c4fc4739600d,ATM-CVPR-6185,ATM,24395.81,2023-05-27 20:18:50.413034,30.848934,75.80049
ea6073de-59d4-4cf6-8fa1-966cee7973d3,8687a4cc583aa0ae,ATM-KXSG-6405,ATM,24395.81,2023-05-27 20:00:08.957547,24.278701,86.312918
b4c15576-2957-45c8-821e-1b8131b2f41d,0f402318041204af,ATM-UBUS-5237,ATM,24395.81,2023-05-27 20:43:33.732534,24.243586,86.287167
50d22853-8e2e-4494-979d-79c07d2ae42d,76e37cd876827e1a,ATM-KWSF-4862,ATM,24395.81,2023-05-27 19:38:09.925469,28.05599,76.94473
96c2da72-b587-4812-8f5f-c1d279cfc93f,0f402318041204af,MIC-TMWB-9696,MICRO_ATM_CSP,24395.81,2023-05-27 19:34:01.201421,24.1496,86.319476
a161d368-42d1-4a54-b74d-14e39253f6a7,e500c9e498d732fc,MIC-BVSW-3978,MICRO_ATM_CSP,24395.81,2023-05-27 20:27:21.489988,13.008166,80.27068
34fbade1-9548-419e-bbc5-197463a1cc9c,0f402318041204af,MIC-WIUC-3742,MICRO_ATM_CSP,24395.81,2023-05-27 19:44:12.613670,24.218954,86.243491
6089e896-5387-4f8a-b27a-fad26983725d,82c9eceffb3a9628,ATM-YLQN-5039,ATM,193754.84,2023-03-17 12:57:56.242284,28.551618,77.388836
71c1d28a-0ec8-4e0e-b6ca-a84720990da3,6719077e3a6cd655,MIC-CRMG-1243,MICRO_ATM_CSP,48438.71,2023-03-17 13:03:23.736878,23.974297,86.84061
9ee8c9c4-269b-4013-acf0-a10027f756ac,15bc62bab6812a87,POS-UVAL-1606,POS,48438.71,2023-03-17 12:26:32.183716,22.654384,88.349247
4ba1da1e-924c-4086-9a3f-b4566ac28d52,ce42adff5fb0bcc0,ATM-GOZG-7226,ATM,96877.42,2023-03-17 12:35:55.662710,24.130933,86.24602
f7e43436-c4fa-404d-aac2-78487dd9cfd7,6da47df28d1aad11,ATM-WWHN-7990,ATM,19241.2,2023-12-13 23:33:18.692750,30.905359,75.867326
c88507f1-c43a-4fdb-83f6-3ece5638dc71,6da47df28d1aad11,MIC-FXIN-4852,MICRO_ATM_CSP,19241.2,2023-12-13 23:36:29.017691,30.785794,75.849573
687522db-f91d-4d09-8037-efe80a661af3,78a973ba4ad6b938,ATM-XFNW-9388,ATM,12827.46,2023-12-13 23:37:12.877886,28.169962,76.994877
70f3eb93-7fab-4dba-ae00-faf4f921bfa9,5234e2681fb4977e,ATM-LANV-3616,ATM,12827.46,2023-12-13 23:30:01.650413,24.140038,86.338375
f9b098e6-ecf3-4d8f-84e7-7313880f0cfc,6da47df28d1aad11,ATM-GRYF-9737,ATM,12827.46,2023-12-14 00:08:44.033681,30.839524,75.85939
b52a354f-8888-47b5-b464-9a387abb35d0,5234e2681fb4977e,MIC-QGWL-5378,MICRO_ATM_CSP,19241.2,2023-12-13 23:39:38.873613,24.179165,86.219107
f2669304-4f1a-449f-9088-f953615c31cf,78a973ba4ad6b938,ATM-EDHR-6947,ATM,9620.6,2023-12-14 00:08:49.526986,28.160152,77.024254
c6eecefe-10f6-4246-9ef0-a390d669a266,6719077e3a6cd655,ATM-VOEM-8221,ATM,9620.6,2023-12-13 22:58:41.570089,24.023717,86.806742
6045790d-5dfc-4e28-9393-489d2407dbad,800f97ed69d44439,POS-PCLD-5630,POS,16007.45,2023-03-02 12:15:57.203086,28.142094,76.943281
685e3379-b86a-4a27-a4d9-ed9274a3c840,800f97ed69d44439,MIC-ZTHP-7921,MICRO_ATM_CSP,16007.45,2023-03-02 11:55:40.928968,28.132419,77.007732
4fb6d25a-21e7-4c03-9df3-306df6f4ee12,a1ad02ba32ffeec8,ATM-FRPB-0085,ATM,10671.64,2023-03-02 12:02:35.406564,24.186558,86.33338
2373794d-4092-4e42-afdf-7aa9e1edd86b,25b04eca97925f46,ATM-SSUM-7266,ATM,10671.64,2023-03-02 11:23:07.478289,24.210892,86.330098
7ae052e9-32cd-47a1-a825-68253bab7dc4,4d615301bf0f358a,ATM-KSPL-0552,ATM,10671.64,2023-03-02 11:27:04.146026,30.927577,75.883443
6f9ae531-2df4-4b59-bbe2-dedc86a49a2d,f8f70366a172abf6,ATM-QGKB-0532,ATM,109383.6,2023-04-03 13:15:02.380897,19.112643,72.801132
1922411b-20bb-4ab3-b7fd-45d13fbc9c2f,fe37a32105f85e14,MIC-ZNME-9350,MICRO_ATM_CSP,36461.2,2023-04-03 13:58:36.813596,28.52801,77.427363
21b08348-b502-4e90-abe9-cfdfec5f4457,9f39a0685c6ab47e,MIC-COLQ-7107,MICRO_ATM_CSP,36461.2,2023-04-03 12:55:21.617075,23.886388,86.80139
5fd29462-081a-4192-990f-f9f048963a3a,0f39aa3b13e7e3c0,ATM-NWIJ-7257,ATM,36461.2,2023-04-03 13:32:37.141643,30.941831,75.756264
997b621d-583a-445b-9f67-ce43f9b574a2,9bbadf1ea0aacb76,ATM-TBLU-1271,ATM,111476.53,2023-05-21 07:07:56.438102,13.108074,80.340616
0969fdac-e671-41b1-9ddd-bd10828dbaa2,15bc62bab6812a87,MIC-LGDZ-1914,MICRO_ATM_CSP,15081.25,2023-12-19 06:55:55.926435,22.56127,88.369267
1d926ecb-2ca2-41a7-b874-6a7c2fb7ac0e,6719077e3a6cd655,ATM-RNKD-3196,ATM,15081.25,2023-12-19 06:28:48.667776,23.983822,86.831943
9393a420-070e-4e37-b173-ccce905ce716,0766e1d476d3074f,ATM-ARFM-0454,ATM,185428.22,2023-09-23 00:23:01.583430,28.670694,77.460278
ad809c15-9aa4-429c-9923-9823b066ab28,8cd344c9dfe0dd5c,ATM-QXDZ-1401,ATM,185428.22,2023-09-23 00:12:37.305110,23.856771,86.797247
ddac6689-a55e-4105-b620-0ae3a370ef1d,f9a34baab7be9f34,MIC-DIPC-9206,MICRO_ATM_CSP,74678.9,2023-11-03 07:50:04.687526,13.082649,80.270605
784836b9-d1ba-486b-acb0-0bfb6c6af3b5,8f21d510590ce4b1,ATM-XQEN-0367,ATM,74678.9,2023-11-03 07:36:46.817895,19.107929,72.853416
4fd9eecb-e6b3-4746-bf76-acb9d524268a,1b31c8b8b88df13f,ATM-ORSZ-3912,ATM,74678.9,2023-11-03 07:54:27.057216,28.545227,77.398236
60cf914f-f123-465f-9c16-e86de634cfcf,6da47df28d1aad11,MIC-UYEW-9815,MICRO_ATM_CSP,112018.36,2023-11-03 07:02:45.924245,30.918005,75.90834
78ac6d72-dd2b-4a9e-abba-dab6c3d5ea13,9a9c31abade1e5d9,MIC-RAYK-0324,MICRO_ATM_CSP,112018.36,2023-11-03 08:19:56.246666,23.917361,86.774714
3f069581-e6b7-45ba-a0dd-c6394728ae00,f79cd1fb09127f5f,MIC-QVVZ-4461,MICRO_ATM_CSP,97468.4,2023-06-17 11:41:11.665960,30.990689,75.895766
4ce1d526-f2ce-406a-a61b-dc6fe67c3045,774f92e6569462f3,MIC-SQWA-5384,MICRO_ATM_CSP,97468.4,2023-06-17 11:45:18.244899,28.470419,77.333115
7c9fc181-847c-4cbc-a39e-24426bb0ade1,774f92e6569462f3,ATM-BEYW-4884,ATM,97468.4,2023-06-17 12:21:04.936174,28.612419,77.412308
24160d7f-ba9a-4992-8b81-31d1f12b0f4a,e15635324afef7f6,ATM-BFAO-6729,ATM,97468.4,2023-06-17 12:49:07.795586,28.508229,77.393159
33436b90-bd7d-4992-ba21-a247e71ccfca,38172de70c053844,ATM-SDDC-2115,ATM,12335.79,2023-04-19 12:47:41.681725,24.160338,86.266092
d05c76cc-366f-48e8-9e56-5face7711550,87cc051ae08428cf,ATM-EFLK-5645,ATM,12335.79,2023-04-19 12:35:55.261362,24.182692,86.296443
59b12ca2-341a-4132-9630-cc3168e731fc,3dcd069dfca35470,ATM-MCZT-0410,ATM,24671.59,2023-04-19 12:50:25.580394,13.061063,80.299304
9806347d-85f3-4fd4-9191-8ac96653981e,8608ca6e1438fc4b,ATM-OILR-4114,ATM,24671.59,2023-04-19 13:08:12.469283,23.992759,86.806922
42cf5a8e-d01b-49f0-a8e0-d55cf2d0495f,85325f4fb0095b84,POS-DLOC-4243,POS,24671.59,2023-04-19 12:21:21.574277,28.497844,77.362597
cca7eedb-c422-43a4-acfd-90f78bf5eea9,fc8676e6a3807581,ATM-HLHW-8944,ATM,12335.79,2023-04-19 13:13:56.908072,19.144894,72.978098
0470a5df-5143-4e31-b454-48f74ecac9d2,87cc051ae08428cf,ATM-QKVG-5496,ATM,12335.79,2023-04-19 12:32:22.484931,24.124007,86.242565
94fa5e3c-1d38-49d5-95e2-13d04a96feaf,400a95ae23792cbd,ATM-OLKT-2671,ATM,24671.59,2023-04-19 12:28:59.833385,28.08356,77.080555
f1763739-651a-4983-9368-e5cc8a559c25,8608ca6e1438fc4b,ATM-UGJT-6517,ATM,8223.86,2023-04-19 12:51:13.541721,23.936632,86.842562
791e509b-5a68-4871-9a5c-a9fe21a09439,dcf5a7c428ffc3d2,ATM-DGOT-9039,ATM,8223.86,2023-04-19 12:49:39.272727,24.183282,86.2738
72e6de93-5d6f-44cf-a5e9-d3454cd9c98c,569e825e4e2fc336,ATM-LNAZ-7155,ATM,16447.72,2023-04-19 12:08:44.911694,22.557804,88.300768
7b6dd235-1130-460e-a6bb-fdffbcef0b56,02ae516d1d2fd9f9,MIC-COBB-9823,MICRO_ATM_CSP,8223.86,2023-04-19 12:55:41.233662,30.935686,75.818796
1cce5c26-8441-4286-b234-1693d9b6a52e,8608ca6e1438fc4b,ATM-ULDF-1549,ATM,8223.86,2023-04-19 12:32:46.546795,23.925094,86.769667
55533c34-23ee-488e-b0cd-f107ffc8bf89,d81d1683ecaac229,ATM-GXNJ-8715,ATM,49343.17,2023-04-19 12:45:19.624911,22.651466,88.338528
06ac9261-e671-4f8f-85ab-2ad49ee50409,87cc051ae08428cf,MIC-VDAR-9310,MICRO_ATM_CSP,12335.79,2023-04-19 12:14:28.643625,24.203641,86.196135
068b092d-7cf8-4ff6-8432-28801f76a302,d360483171622837,MIC-TXRJ-9199,MICRO_ATM_CSP,12335.79,2023-04-19 12:30:57.846056,22.442573,88.302015
de80f06a-10ee-4780-ad5a-b0460f0878c2,dcf5a7c428ffc3d2,ATM-XMZS-7363,ATM,12335.79,2023-04-19 12:21:03.497872,24.244519,86.307375
b0f2cd0e-8fc9-4d89-8728-eb7eb8187b4b,8608ca6e1438fc4b,MIC-PFKH-5677,MICRO_ATM_CSP,12335.79,2023-04-19 12:50:22.413791,24.043407,86.872211
67c5a99c-b479-4226-8358-afa9029ab4a1,2cea95cfb3bfcf81,ATM-WYPA-3486,ATM,119031.63,2023-12-13 14:01:14.617724,22.562541,88.430175
bd983980-ac5e-48f1-bdb8-1f12eef4ee88,96739c6dc7f02b5f,ATM-PJTA-4685,ATM,119031.63,2023-12-13 15:23:47.555783,30.899104,75.805722
5fcdd8f6-6be7-425a-9a5e-0289617f7399,40b46b1908cf6f3c,ATM-AGXT-7293,ATM,119031.63,2023-12-13 13:36:42.012570,24.208564,86.349508
35870d11-1ac1-46ec-ba36-a734234f1098,91ff603347d3f90a,ATM-YUVO-7486,ATM,158985.16,2023-06-24 19:32:44.573213,28.101251,77.000746
415a2927-5a7c-497c-81ca-09c447a34410,25b04eca97925f46,POS-THYS-5460,POS,158985.16,2023-06-24 19:40:06.307751,24.210004,86.276254
872eeef4-84c7-47bf-a227-8ce58ee1f716,394194a39a57bcc6,ATM-RKYF-5264,ATM,61245.09,2023-05-27 14:57:03.431155,22.583937,88.458048
b63755be-f790-4aab-a474-7fefbe74cd2d,3409e9d07e07a0ea,ATM-UPSV-5953,ATM,61245.09,2023-05-27 14:47:24.755161,19.126666,72.890994
13cd4254-5b99-4386-83a9-22c9d8a4b119,3c0b67ba74cbafec,MIC-BXMJ-2811,MICRO_ATM_CSP,61245.09,2023-05-27 14:49:17.834652,28.545366,77.379389
c0b41aa4-c376-4ecf-b3c4-779f1bf45016,5ea4882b1d06781b,POS-PPVJ-2600,POS,30622.55,2023-05-27 14:50:02.581715,23.927631,86.892781
64ef322f-2ff3-4334-8308-525cca0e95a0,6da47df28d1aad11,ATM-XDLQ-4732,ATM,30622.55,2023-05-27 15:29:45.937309,30.90398,75.814898
a65b81c3-4ef8-4deb-b9e9-a783cb9613f7,91ff603347d3f90a,ATM-MVQS-7077,ATM,30622.55,2023-05-27 14:48:04.644115,28.102796,77.013317
f35fb340-9f22-43ad-8bb5-3fac3d867911,5fb01e701e601441,ATM-GTRT-5299,ATM,91867.64,2023-05-27 14:40:48.369722,22.529056,88.384391
68e4ffe2-5b44-410c-84b9-c8e127bb4c62,b0c598b744054043,MIC-XMOX-3226,MICRO_ATM_CSP,26770.22,2023-08-31 15:37:44.912673,24.011909,86.825298
08babe50-db1c-40ce-a31f-c578e2001140,e2008e1b14bdb6c8,ATM-YQUK-9824,ATM,26770.22,2023-08-31 14:57:01.545010,28.625162,77.408559
3376f690-6f7c-411c-ab92-46f5e1daf4c0,a458a9d0fa6b945c,MIC-KWPB-7620,MICRO_ATM_CSP,26770.22,2023-08-31 14:55:41.735096,24.066689,86.786286
8b63b0e3-859e-4ca6-82b3-23ae8f22da9f,f1768bad6f1e3ce2,MIC-BHFF-0165,MICRO_ATM_CSP,20077.67,2023-08-31 15:38:32.962385,19.086181,72.917585
8141b794-7014-498d-95e5-caccd163c45a,0f402318041204af,MIC-OIRW-4085,MICRO_ATM_CSP,20077.67,2023-08-31 15:03:50.306481,24.253372,86.29031
592b1fe3-4ec6-4a1b-9edb-d986fb59ac27,f1768bad6f1e3ce2,ATM-HGQV-2515,ATM,40155.33,2023-08-31 16:03:19.994548,19.007153,72.808712
3cda29a4-e7d9-4edc-bb65-fc609aa3b64c,fad5cbcf2a4d463c,POS-EGDJ-2751,POS,40668.35,2023-07-29 18:59:05.367096,30.888199,75.887163
eacf81c2-c1ac-402c-af68-569bb3868577,870522376f60b02a,MIC-NFFR-8449,MICRO_ATM_CSP,40668.35,2023-07-29 19:18:37.760465,19.041026,72.901726
c4b3da25-44de-4f73-a829-1747c09c2bbc,a458a9d0fa6b945c,ATM-YRZL-1254,ATM,11215.73,2023-03-25 05:40:54.236811,23.874158,86.84024
7c74408b-851b-4cc0-8e3f-1d7d2969dc4f,186923cec964032c,MIC-TYBK-8883,MICRO_ATM_CSP,11215.73,2023-03-25 06:07:38.375530,24.159877,86.187366
b40a610a-a852-4fc0-8f49-0a6bd7c48c64,394194a39a57bcc6,MIC-ITTK-6666,MICRO_ATM_CSP,11215.73,2023-03-25 06:01:16.127928,22.492393,88.34512
b967d587-923a-4006-a5ce-810da824009f,9c39fecd110d5cad,ATM-YLDH-7138,ATM,16823.59,2023-03-25 06:10:56.623107,12.996192,80.233514
ca9d7dbc-f182-454e-a760-e6a218ca31e2,4d615301bf0f358a,ATM-FKHF-7559,ATM,16823.59,2023-03-25 06:05:37.715775,30.954477,75.934896
c255c44f-7ad7-4f02-9c5a-6e7e45aa94f3,9c39fecd110d5cad,POS-EAHO-6830,POS,16823.59,2023-03-25 06:00:45.339364,13.008641,80.263621
d97d19cc-bf5b-489e-991a-dfdbfe664c42,460c3af32119dbe0,MIC-DDDJ-8264,MICRO_ATM_CSP,16823.59,2023-03-25 05:47:00.069852,30.765999,75.841996
8a662d51-4a53-405f-9c83-7437eaa6475d,1b31c8b8b88df13f,MIC-XTPT-6720,MICRO_ATM_CSP,50470.78,2023-03-25 06:47:18.806663,28.574645,77.361081
23b50ebd-771d-4dee-8db5-a317dbdae9ee,9c39fecd110d5cad,ATM-GDIJ-2984,ATM,50470.78,2023-03-25 06:02:42.202756,13.120557,80.349138
5da34d69-8cd6-447a-bafd-475c4ba7c4c9,460c3af32119dbe0,POS-ISVR-8411,POS,11215.73,2023-03-25 06:15:54.943294,31.017362,75.764649
dc448886-9e36-4485-9e0d-edfe872bcd8a,6719077e3a6cd655,MIC-HETA-8251,MICRO_ATM_CSP,11215.73,2023-03-25 06:15:55.360354,23.968929,86.817515
2a220824-9442-41c1-8b38-30414f8226ac,40b46b1908cf6f3c,MIC-QNGR-8895,MICRO_ATM_CSP,11215.73,2023-03-25 05:58:28.379566,24.248447,86.366228
6994c3d4-565e-48aa-8f6e-7a327a28c184,2cea95cfb3bfcf81,ATM-VSOB-9137,ATM,11215.73,2023-03-25 06:03:53.614260,22.572265,88.448766
7a3e83b9-2fbe-47e8-bb45-76649a314145,96739c6dc7f02b5f,MIC-GZFT-6870,MICRO_ATM_CSP,11215.73,2023-03-25 05:58:58.243472,30.893545,75.814337
922ff0e8-a1f8-4e0a-a100-6bb6ed0aaf7d,40b46b1908cf6f3c,ATM-VRNA-6208,ATM,11215.73,2023-03-25 05:52:54.810480,24.233406,86.244573
32a76959-053f-4d3e-8c47-afd2d7a4a068,ce42adff5fb0bcc0,ATM-ZKKB-1559,ATM,22431.46,2023-03-25 06:25:47.736425,24.230422,86.339974
b0afaec1-a558-4029-890c-d2b249bca791,c1a3db241cc61fca,ATM-UTDE-9057,ATM,22431.46,2023-03-25 06:15:02.149387,28.166344,77.002958
7a65350c-f179-4efc-a404-a8a3306d274c,40b46b1908cf6f3c,MIC-TOAM-6028,MICRO_ATM_CSP,7477.15,2023-03-25 05:56:13.155654,24.243034,86.202668
00f99866-4bab-4d50-b821-da626df339fa,7f8ba2c0a09c55cf,MIC-SAIR-1034,MICRO_ATM_CSP,7477.15,2023-03-25 05:48:01.016529,13.106349,80.279788
d617f21f-4361-4b85-bfeb-3b084c13de0b,4b2f70600e0981d6,MIC-HWVY-6947,MICRO_ATM_CSP,7477.15,2023-03-25 05:37:43.293237,28.596447,77.506897
0a88d699-5c46-4ae1-a8d6-c25fd5ccf3d9,c3f72c30b76aac18,MIC-IATU-1685,MICRO_ATM_CSP,16823.59,2023-03-25 05:46:23.796740,28.628244,77.318565
b1d5d27d-1bdd-4c59-bcb8-24cdbc2475f6,026a402f7a19d725,ATM-HMHI-1520,ATM,16823.59,2023-03-25 06:11:30.631862,23.962043,86.787114
807774b3-56d2-4288-b436-a9d129e8b401,294291ddc1b5dcaf,ATM-ENTC-6737,ATM,33647.19,2023-03-25 05:43:13.492877,13.034949,80.293181
66697e27-8183-40f1-888e-e2a724f1c82a,59466547af7f83d0,ATM-PZQF-8649,ATM,55986.64,2023-03-22 09:21:08.411070,13.047034,80.269038
055b9b07-082e-4455-aef8-8a7020770656,dbb971a3623d9970,MIC-RXUS-0466,MICRO_ATM_CSP,55986.64,2023-03-22 08:46:34.030478,28.565154,77.361548
06c7a8ad-8c34-49c1-922d-f0507b0834be,f5ee5bb69c594618,ATM-PMML-5733,ATM,55986.64,2023-03-22 09:01:36.791266,24.19663,86.297179
d22c85eb-c327-4a63-aaf7-ca8f2bf4f2b3,aefb9520732cf5fc,ATM-ZBUK-3206,ATM,55986.64,2023-03-22 08:29:00.710326,22.524329,88.412581
996d7f0f-2279-4825-9113-b95641c75f77,9fb71d78ccc4f2b1,ATM-ONGN-3170,ATM,20433.75,2023-12-23 21:04:09.116599,28.612127,77.323047
4506b1bc-d784-4459-a4db-8c43010c91fa,07e0cebd234c62cb,MIC-MSTQ-4970,MICRO_ATM_CSP,20433.75,2023-12-23 21:11:17.484673,24.183274,86.24223
1ff93510-285a-4df5-91c7-a106b36ef184,ecc8777fcfc39d17,ATM-DXXQ-2514,ATM,10355.43,2023-04-17 17:58:33.682008,22.559368,88.304019
d69fdb95-f74a-4625-8136-d5ebb1204da5,253c75bacf995b9c,ATM-UINX-6028,ATM,10355.43,2023-04-17 18:49:58.037519,28.528166,77.44618
cb3122e9-8973-42c5-ab87-2324b7ad0639,095c1c65e3981f27,ATM-BLBG-6484,ATM,10355.43,2023-04-17 17:56:28.619656,23.952933,86.84266
bcb1c202-2091-4a64-86b0-04d1a18c02bf,095c1c65e3981f27,MIC-SRIY-9448,MICRO_ATM_CSP,15533.15,2023-04-17 18:03:57.739981,24.029228,86.868518
2bcada70-c055-4466-b5ac-6c999587d078,fb68a7d30e7700c4,MIC-WYIN-7250,MICRO_ATM_CSP,15533.15,2023-04-17 18:10:38.809955,24.140216,86.340773
c2d53f63-0923-4251-8051-6da8a31110cd,095c1c65e3981f27,ATM-IKYM-1195,ATM,20710.86,2023-04-17 18:06:33.733839,24.011756,86.779377
90acd272-e418-4733-b0a6-3f10ea6aff1f,c944a5acdd141b53,ATM-YYUA-3591,ATM,10355.43,2023-04-17 17:50:44.772744,13.131591,80.267092
936f9bc5-6be8-4306-8459-d48db89778b2,2cea95cfb3bfcf81,ATM-NVXI-4800,ATM,10355.43,2023-04-17 18:42:25.927328,22.6472,88.368392
aaef47e4-7026-45fd-809e-933e9b8529b1,9f2c367e9ecb304a,ATM-URPC-1804,ATM,10355.43,2023-04-17 18:42:00.576612,24.020629,86.710041
f0b916f2-4bb9-4f28-9cb8-5d013132e0c2,0f8ee466d63c1e84,ATM-UQWV-0828,ATM,10355.43,2023-04-17 19:02:14.793961,28.151477,77.031801
72b21f30-a2dd-49ab-b787-ca70be8e47a2,6719077e3a6cd655,MIC-PICT-2153,MICRO_ATM_CSP,109195.85,2023-05-02 12:02:02.001186,23.977111,86.761563
91c04777-8733-4d5e-ba5b-b13e1662d28f,7fe57d0ff66463b7,ATM-XRGE-5132,ATM,109195.85,2023-05-02 11:45:42.250236,22.600922,88.453448
1da20d3e-3911-4af6-8bb8-bdb2eaa09b9a,3690c9c1867520be,ATM-BCZE-9256,ATM,109195.85,2023-05-02 11:46:55.053243,13.083003,80.339612
1278545b-5cc8-44a3-b441-2da2379abb3a,6877ffca8e5a30eb,MIC-QENU-5777,MICRO_ATM_CSP,43167.85,2023-12-26 11:32:34.226864,24.190431,86.315936
63e7386c-2ea6-4037-afee-075fa5fbfaed,aac943362d1a75d3,MIC-XSJQ-4155,MICRO_ATM_CSP,43167.85,2023-12-26 10:52:38.653732,28.108151,77.007925
ab355652-f07f-4dd1-a034-895039752561,25b04eca97925f46,MIC-MQEY-0844,MICRO_ATM_CSP,28778.57,2023-12-26 10:53:11.096349,24.21589,86.351365
f94f8415-0126-42ca-aeff-dc14c8c88b7e,fb3613bd645c7d41,ATM-SRKI-5788,ATM,28778.57,2023-12-26 11:26:37.861461,28.555106,77.435054
79e2cdef-bf0f-4f6a-b425-b6560ca86323,6da47df28d1aad11,ATM-GYWD-5285,ATM,28778.57,2023-12-26 11:52:23.075268,30.863686,75.928372
b6d56067-c061-4aef-b672-20a9fcb1cd00,47dbc2f354f604d2,MIC-WTLN-4768,MICRO_ATM_CSP,37938.79,2023-04-10 00:27:04.029107,28.099815,77.038097
26a80cf4-e92a-4117-956e-84d7449f0f1f,90c719afbb7ddcc0,ATM-PZYD-4298,ATM,37938.79,2023-04-10 00:28:42.556854,19.088306,72.897513
2e73bbfd-c9cd-4531-af7e-94e7002a400c,522a65badd42c641,POS-CFUR-0281,POS,10139.32,2023-11-17 02:16:15.571700,24.222768,86.315975
13cdabef-217d-4212-8638-8c44314adece,07e0cebd234c62cb,POS-XECX-3240,POS,10139.32,2023-11-17 01:37:06.230536,24.171827,86.174781
4d0056cd-67b2-43f6-a853-486896cf3833,f88d24bd0a63aea0,MIC-VVID-4063,MICRO_ATM_CSP,9646.72,2023-05-06 11:46:08.563472,30.88299,75.847922
2686f6b5-544e-4b81-898b-0aed102b3876,0f8ee466d63c1e84,ATM-DYCW-6167,ATM,9646.72,2023-05-06 12:42:32.457717,28.186535,77.046827
6ffba264-cdc6-478d-b4b8-10cd4ee1e2c8,2d7f04c671c24245,MIC-ZDGJ-4964,MICRO_ATM_CSP,9646.72,2023-05-06 12:06:22.791848,19.124044,72.88603
bca2c68d-2d91-4d07-b8f5-2b500af6628e,cfaa503a4b7ef3b4,ATM-NQJU-5372,ATM,9646.72,2023-05-06 11:15:38.499561,13.151464,80.270659
1cf7f84f-98c4-480d-8304-8a70389b7969,15bc62bab6812a87,MIC-QUDY-5488,MICRO_ATM_CSP,19293.44,2023-05-06 11:33:25.359596,22.61863,88.403982
829b0945-eaa6-4d9a-8077-603e252e1176,5234e2681fb4977e,MIC-RSGJ-4216,MICRO_ATM_CSP,19293.44,2023-05-06 13:17:53.833610,24.279845,86.259819
cdf4b78b-9857-4594-9c4e-07f6a05b1ef9,5234e2681fb4977e,ATM-QLMJ-4452,ATM,38586.87,2023-05-06 11:15:55.800577,24.120128,86.299884
6d8057cd-b64d-4382-8887-83fd69742769,6719077e3a6cd655,POS-YTRU-9524,POS,19293.44,2023-05-06 11:39:14.473673,23.923436,86.793547
29d1f40e-2177-43e8-95d4-5a7802cf1222,98768ceed9627cfa,ATM-NZGZ-8075,ATM,19293.44,2023-05-06 11:30:07.869307,23.958934,86.879497
443183ac-9363-4e1f-8ea0-192f2341f724,6719077e3a6cd655,ATM-VQQM-4425,ATM,12862.29,2023-05-06 11:10:34.102045,24.020442,86.743513
4d829b8f-7a07-49ac-986e-3b2f363f110b,fbdf11c16c6f1158,ATM-JJNT-7781,ATM,12862.29,2023-05-06 11:03:01.171259,28.570211,77.310797
e27ec826-e84e-4e82-ad9c-fa9d7b22d9dd,10391296d265566e,ATM-RCMT-0314,ATM,12862.29,2023-05-06 11:48:08.981054,28.16529,77.072241
da2cbf73-5afd-4c76-81f3-b2b3382e6d83,7fe57d0ff66463b7,ATM-LTGV-7227,ATM,38586.87,2023-05-06 11:03:46.806360,22.53332,88.364717
4f63cbdb-df19-497a-9d14-c0d6b0fec4e0,ba703db5e0293b48,ATM-AIVX-1482,ATM,3533.74,2023-04-23 13:18:35.932519,22.585085,88.203152
a5ad8402-6c1e-41b6-90e4-1b6028f3374d,a2be5453e6de14d6,ATM-HPYT-4902,ATM,3533.74,2023-04-23 14:00:26.689006,30.940652,75.913108
da09bb9a-2c9f-4795-b6c0-02229f859b74,6b92aabf992d4df4,POS-WILO-2350,POS,3533.74,2023-04-23 13:01:56.288005,24.198682,86.262878
0aaa6614-8cd3-43cb-bc56-f57413da4793,d95d8cbc786fbe44,ATM-LDRF-2998,ATM,4783.79,2023-04-23 13:32:11.683223,30.967978,75.829923
d0a26b26-34a7-42a1-9125-279354525bac,131a7708363db506,ATM-JAKF-2551,ATM,2391.9,2023-04-23 13:33:15.839597,22.534189,88.445977
0fc58e43-e626-4cef-ba96-6bc714bfe5ef,1a5374909c292cdd,ATM-XCHL-0691,ATM,2391.9,2023-04-23 13:43:39.978949,28.097882,77.010299
7d172517-fa36-4e57-869d-a9f3dcb20bb1,87cad92e65ebcdb6,ATM-YWBB-3914,ATM,202286.93,2023-03-16 12:58:02.583625,28.515245,77.323529
09065a5c-2ff9-4621-81b5-97ec2e09125f,c945f53dcac18889,MIC-HUMX-1612,MICRO_ATM_CSP,112382.5,2023-11-02 06:16:46.778567,24.252854,86.303829
1151da5a-239c-451e-acc8-5d680b0e9750,2a17b5795aadef18,MIC-TUEQ-3861,MICRO_ATM_CSP,56191.25,2023-11-02 06:10:51.929589,24.007393,86.896716
f30177f7-c555-4713-a783-2503a90297d1,e3ca269f60d6d65f,ATM-MRLN-0356,ATM,56191.25,2023-11-02 07:33:23.837781,13.178364,80.240679
94bca4f5-eb02-4383-8108-24195465eab9,9ee7cac59a162040,MIC-EWOM-2840,MICRO_ATM_CSP,23695.96,2023-05-02 04:59:56.982841,23.961259,86.882915
8d3dab9c-34e6-4db7-b16d-83d88f289dcb,095c1c65e3981f27,ATM-UDIZ-4457,ATM,23695.96,2023-05-02 06:12:55.185819,23.967251,86.775965
f28ae921-3ce0-46c5-b24d-ff5f6b7321ca,400a95ae23792cbd,MIC-GNLO-5654,MICRO_ATM_CSP,23695.96,2023-05-02 04:46:34.348084,28.176881,77.020816
bcc8e33c-9b99-4a65-a791-58a0f42f207d,9ee7cac59a162040,POS-NPAJ-1899,POS,35543.94,2023-05-02 06:04:25.887415,24.006392,86.760784
27cfb663-814c-4194-b5fe-1b68e01ab78b,095c1c65e3981f27,MIC-SXIW-4030,MICRO_ATM_CSP,35543.94,2023-05-02 05:57:15.552381,23.972788,86.773854
a730f8f1-ff90-4af4-a2f6-d0898fbb6d3d,400a95ae23792cbd,POS-ZHBB-8564,POS,142175.76,2023-05-02 05:12:15.260398,28.124729,77.040254
3cd6c97d-7dc6-45dd-b26d-712254426ecb,095c1c65e3981f27,ATM-ENDP-5197,ATM,23695.96,2023-05-02 05:37:42.065331,23.900546,86.812323
c3db1ea8-3835-4c1e-b009-669e58d47f42,bf83fdd147835180,MIC-DMTH-0298,MICRO_ATM_CSP,23695.96,2023-05-02 05:08:24.375158,28.481775,77.442019
fdf32dc0-9b8e-4099-b35c-bad17b2484be,b15f4e8b57339c3b,ATM-NQPK-4596,ATM,23695.96,2023-05-02 05:41:09.595165,28.538537,77.352623
10b8e749-b0de-4fbf-8efc-3660e9e4d9a2,095c1c65e3981f27,POS-LRVH-3885,POS,35543.94,2023-05-02 06:15:03.527669,23.931167,86.793783
14e5bc82-08e1-487d-893a-4942a0cb9915,4d9d93596a6dbe06,MIC-XVYB-5954,MICRO_ATM_CSP,35543.94,2023-05-02 04:59:43.974854,30.973047,75.853606
a330f9d3-fc79-4172-943a-b03c9959f872,bb6efc9b42a0c6a5,ATM-PBKS-6060,ATM,90631.81,2023-10-12 13:27:56.068638,24.211818,86.214021
98bc9077-c73b-4c04-8643-fe4e5c03f1a5,2a925c837b42a9e9,MIC-YMUJ-9828,MICRO_ATM_CSP,90631.81,2023-10-12 13:42:06.042385,24.220239,86.268306
79eabf30-0941-46b5-9896-cdda3818030e,095c1c65e3981f27,MIC-IFGU-7656,MICRO_ATM_CSP,124435.41,2023-03-09 04:50:34.873280,23.968972,86.90186
1cc3a04f-85db-475d-afa7-cdc44695095a,f9a34baab7be9f34,MIC-VYTL-9225,MICRO_ATM_CSP,20751.42,2023-02-11 02:04:46.590132,13.062284,80.194576
8ccda05a-51cd-46d0-a0fd-9901747e78d6,774f92e6569462f3,MIC-ORPG-2337,MICRO_ATM_CSP,20751.42,2023-02-11 02:37:03.445098,28.52773,77.408844
54f66c3b-64a5-41ad-85af-95c4baa3b850,800f97ed69d44439,ATM-KTYP-7017,ATM,41502.84,2023-02-11 01:34:09.019311,28.104805,77.031477
9277bb1c-10ac-4a72-acc9-2e5e9c9242ed,945db3dffb7ba17b,ATM-KWUW-4440,ATM,5308.3,2023-01-21 12:15:33.037827,19.103974,72.949156
39f314bb-21e0-4f79-8de7-cdb20b17295e,218c5d6d080619a2,POS-ZMJU-4744,POS,5308.3,2023-01-21 11:51:01.847347,30.926677,75.820872
69ed0bd6-d2e6-4fd5-800f-8f444ba3c8b6,dbb971a3623d9970,ATM-LHAJ-9680,ATM,5308.3,2023-01-21 13:04:03.453158,28.542809,77.419109
788c193f-a549-448c-81aa-1cadcb50ef9e,98768ceed9627cfa,MIC-MHZY-0512,MICRO_ATM_CSP,5308.3,2023-01-21 11:33:53.127249,23.922384,86.845911
9da3ea15-8c52-4089-b9c9-2435f819c313,a1c22d172367ec5f,MIC-BTNV-6601,MICRO_ATM_CSP,5308.3,2023-01-21 13:10:02.785424,22.645828,88.359754
1f0c5dd0-09a6-46bc-9eb8-e16ef471bbc5,59466547af7f83d0,MIC-OHWO-3249,MICRO_ATM_CSP,5308.3,2023-01-21 12:10:02.247576,13.061149,80.291866
03ed434e-f50b-4f09-bb52-08d81e9864dd,a1c22d172367ec5f,MIC-UTDI-3837,MICRO_ATM_CSP,10616.6,2023-01-21 12:06:47.060400,22.558685,88.307446
689a3a96-7e14-4c79-98d0-93bff0fca264,98768ceed9627cfa,MIC-VENM-9804,MICRO_ATM_CSP,10616.6,2023-01-21 13:26:07.117054,23.987482,86.825641
86e7a2aa-38a0-4107-bccf-ecefb33681f9,59466547af7f83d0,ATM-CLSR-2134,ATM,10616.6,2023-01-21 13:21:47.723775,13.084117,80.244733
7734d075-7da1-4a24-bc6d-89355e9c8688,384f87a17f6c5ecd,ATM-UMQQ-6730,ATM,373701.77,2023-04-21 01:13:12.854479,13.129044,80.20288
e1b404ae-2a2a-4c89-8075-f430e937cc54,800f97ed69d44439,ATM-QNJA-1793,ATM,39450.06,2023-09-09 18:12:02.412805,28.029976,76.990829
ea3fdcab-0f39-46ee-bbcb-f1d18ac60672,4b2f70600e0981d6,MIC-KQZV-0765,MICRO_ATM_CSP,39450.06,2023-09-09 17:55:52.579918,28.45102,77.310714
75b96a14-4424-4097-aa72-bc315ece334f,e15635324afef7f6,MIC-SWAL-2960,MICRO_ATM_CSP,78900.11,2023-09-09 18:02:34.974502,28.489944,77.409055
ee418566-2572-457d-8806-b9ca1e7316ad,e15635324afef7f6,POS-YECA-7629,POS,78900.11,2023-09-09 18:09:16.254562,28.483467,77.490198
2b681356-8335-49d2-866e-c6b7581d78be,0bd8573ba3901c0d,ATM-KZGL-2591,ATM,78900.11,2023-09-09 17:57:27.687326,30.926649,75.86309
bc3a73e0-2e5a-4a1d-b868-6fa92b90b066,2e4345eca1b5a34c,MIC-GRPJ-9440,MICRO_ATM_CSP,32466.07,2023-10-11 05:43:32.023269,28.419542,77.4528
90456f28-f866-4604-b3d6-49c7f7e07291,91b86f426cd2cf59,MIC-GIQC-1173,MICRO_ATM_CSP,32466.07,2023-10-11 05:18:10.601902,28.509871,77.358852
e82ea2b1-b8ad-4caa-8830-241401966da3,90ccc2d3d41485de,POS-HPTF-9322,POS,21644.05,2023-10-11 04:51:07.465839,28.015385,77.020309
2f51874b-f60d-4d51-8cfd-2a2515e27cfe,02ae516d1d2fd9f9,ATM-TIEX-3318,ATM,21644.05,2023-10-11 05:11:03.742615,30.801922,75.847765
6df311dd-d59e-4722-9ea6-cb99d8b3ec24,8608ca6e1438fc4b,ATM-GKTN-5610,ATM,21644.05,2023-10-11 05:47:49.767828,23.973042,86.833004
9268e1a1-d1b9-41f1-b59f-d597817cf505,90ccc2d3d41485de,MIC-RMIM-4636,MICRO_ATM_CSP,43288.1,2023-10-11 04:58:10.596044,28.120044,77.019796
00f99a91-a744-4801-80cb-07855c5b11e0,83537c7c9fe41c3e,MIC-INQO-9024,MICRO_ATM_CSP,21644.05,2023-10-11 04:48:39.770621,24.043154,86.782794
d422f41b-ad87-468c-af79-eb38829339ed,25b04eca97925f46,ATM-KLFX-2898,ATM,21644.05,2023-10-11 04:55:32.499255,24.15317,86.400566
2b1476f3-271e-4921-b307-45da3695effb,96739c6dc7f02b5f,MIC-PKFG-3331,MICRO_ATM_CSP,14429.37,2023-10-11 04:40:53.459413,30.864469,75.879591
4ca514df-69f5-4173-ad67-af0975614236,25b04eca97925f46,POS-HEKI-1160,POS,14429.37,2023-10-11 04:49:10.053632,24.200232,86.374267
80f5bd34-6d6a-4919-8005-062e47506793,b2e3e791ec389fae,ATM-YBKY-3023,ATM,14429.37,2023-10-11 05:02:14.878020,23.926489,86.720771
ce2a6738-5388-4705-b786-c7e0ea989d2c,569e825e4e2fc336,ATM-EZZC-6833,ATM,32466.07,2023-10-11 06:01:21.781065,22.648266,88.305158
62eaedae-2a02-4e79-a532-c1b380bff933,cafd7e8e5e09f087,ATM-QUIQ-0763,ATM,32466.07,2023-10-11 04:28:16.899941,24.182321,86.239052
aa9a3fe3-2f40-43ce-a3bd-38d82bac21af,8608ca6e1438fc4b,ATM-VGDO-7802,ATM,32466.07,2023-10-11 04:26:49.782330,23.960739,86.877868
564473c6-f22b-420b-b1ef-50200e078e46,dbb971a3623d9970,ATM-DLZB-9259,ATM,32466.07,2023-10-11 04:26:27.331823,28.534014,77.388322
cbeab6dc-33ed-42cd-a10d-63ae10e09556,b81bb0e12f7fe3b4,ATM-USQP-3249,ATM,37853.09,2023-12-20 11:22:44.339881,28.501306,77.429478
ae8d7162-3263-41c2-a788-eacf3e8db43b,f8e2a6843d0b843b,MIC-IHUJ-0109,MICRO_ATM_CSP,37853.09,2023-12-20 12:15:31.412153,30.890161,75.853786
b4d1e2aa-5b5a-471c-adb2-8347393176ed,5740c30c9a2b3355,ATM-YQUC-9933,ATM,37853.09,2023-12-20 11:12:15.823405,13.097654,80.247038
b17bb213-3920-433c-9c45-dacd7c0ddc1e,5740c30c9a2b3355,ATM-HYDZ-8422,ATM,37853.09,2023-12-20 11:53:56.412981,13.043758,80.224418
50589b14-c2ea-4c6d-9075-6baf00b4953e,f1768bad6f1e3ce2,ATM-AJPR-2123,ATM,37853.09,2023-12-20 11:51:38.648136,19.030146,72.898919
37feb040-b3c1-4b84-9657-44f800c19278,fc8676e6a3807581,MIC-XIHN-8286,MICRO_ATM_CSP,37853.09,2023-12-20 11:37:31.984206,19.116735,72.850807
c983de26-621d-47a1-885d-0cea778e0e33,5740c30c9a2b3355,POS-QKLP-1896,POS,56779.63,2023-12-20 11:58:24.592102,13.088981,80.373667
11f4f06b-02bb-4fc2-b1f7-bd1d5b294a07,6d15ef43c18a5e44,POS-XVTF-6599,POS,56779.63,2023-12-20 11:57:56.469847,19.119604,72.902407
044ad34a-01d7-4bd7-b342-96b252095a31,e0bc7472ab1f2964,ATM-HXOX-3866,ATM,106626.0,2023-07-03 20:28:36.836014,30.84169,75.91692
931468ef-094c-4518-b6f2-cc5d36acfab2,7138f04a79804589,ATM-HFON-1387,ATM,106626.0,2023-07-03 20:00:37.548357,28.162897,77.019336
c85843b0-5544-468c-9ea8-5967b9c2516e,e0bc7472ab1f2964,MIC-ITIS-6271,MICRO_ATM_CSP,71084.0,2023-07-03 19:46:26.919870,30.878606,75.838803
1d321520-ea37-414a-a5a3-0fb485a483e6,91b86f426cd2cf59,MIC-YCLH-6932,MICRO_ATM_CSP,71084.0,2023-07-03 20:45:26.837755,28.487541,77.394389
a7142ac4-cc59-409f-9950-1c2690a49188,0c5b61c0cc49dd4e,ATM-VZUG-7113,ATM,71084.0,2023-07-03 20:35:42.297836,24.306959,86.295401
e1641a8a-0cbf-4c0a-b717-8b7802191b51,b40cfec92900ce51,ATM-DGPV-3051,ATM,92108.03,2023-05-27 15:56:44.317933,24.208892,86.419321
6d2d880e-bf77-4f74-a93d-5be331270cad,095c1c65e3981f27,ATM-NVDE-9305,ATM,92108.03,2023-05-27 16:43:04.866082,23.837344,86.818282
49caf919-67ba-4819-9b9e-1d5adfb491ce,3c0b67ba74cbafec,ATM-YOBN-2018,ATM,145739.55,2023-03-16 01:21:38.085364,28.544501,77.428534
c49cefbe-eeda-46b7-afd4-3021f3e4cc81,735d7382bc84f337,MIC-YMNG-4523,MICRO_ATM_CSP,145739.55,2023-03-16 00:25:13.964652,19.15416,72.896144
e8c3ac7c-8cbe-41f0-a468-da1135a220ea,6e8a7e20f88060bd,MIC-KUHG-7525,MICRO_ATM_CSP,144892.73,2023-08-30 17:19:38.649726,22.591265,88.43055
1816f91b-0a8b-4339-8884-6cca538723c3,392ff47fb759eb21,POS-CJWO-3725,POS,144892.73,2023-08-30 17:39:04.776801,28.515556,77.359761
d1e457e1-aa0f-449d-abf3-526d3601dce2,294291ddc1b5dcaf,MIC-KNEQ-6183,MICRO_ATM_CSP,17662.41,2023-12-31 03:35:38.622067,13.135495,80.287498
49e67e9f-5b03-4d05-aae2-29796347dbc9,d95d8cbc786fbe44,ATM-UDKR-1996,ATM,8831.2,2023-12-31 03:15:21.688652,30.876534,75.820811
a545d740-1664-4f08-b5f1-163c82f09cb8,1a5374909c292cdd,ATM-TUAB-6896,ATM,8831.2,2023-12-31 04:14:28.280747,28.121925,77.026912
9cdc5103-5405-48fa-a5cd-523530ef90bd,022fec248c97806e,MIC-XNVC-7035,MICRO_ATM_CSP,301178.81,2023-12-03 17:09:01.922422,24.183234,86.287797
f3c612b1-86ff-4597-9194-a173a6dd4701,72d6d07fd7cb18f0,ATM-YBJK-4274,ATM,3755.79,2023-07-27 17:44:27.307823,18.948995,72.860067
83268fa7-0c06-4f7c-b0c8-9393742dfda5,5e7a22b24305ff3a,MIC-FDCF-1750,MICRO_ATM_CSP,3755.79,2023-07-27 17:43:09.513737,28.06464,77.018748
08eb0c4f-2892-4b72-aafe-a2006a9733dc,028202be514e6b30,MIC-JEWG-7010,MICRO_ATM_CSP,3755.79,2023-07-27 17:45:25.709929,28.094079,76.988946
cb63e683-7fd2-48f0-bbf8-7c42c55c3fd7,bb6efc9b42a0c6a5,MIC-ZCYU-6398,MICRO_ATM_CSP,5352.0,2023-07-27 17:52:39.758448,24.186949,86.254227
f8d0d0df-b899-4928-aee9-8f39c27042ed,488c8c92e7abac83,ATM-EWBR-9530,ATM,5352.0,2023-07-27 20:05:51.660884,28.542093,77.406318
f3d8e2e0-743b-4108-94b5-ac75f72d2394,a7582a5b632b9fbb,ATM-LQVC-3278,ATM,164701.11,2023-02-23 09:54:16.342131,28.053856,76.99388
4b712054-abab-4da9-a773-e16ca608cb17,ba703db5e0293b48,ATM-DAUL-2534,ATM,162280.16,2023-07-03 14:54:27.589862,22.620083,88.292953
cc7a4190-f1fa-428b-b7e7-1f10a16b6ee4,91ff603347d3f90a,MIC-EZAN-5756,MICRO_ATM_CSP,162280.16,2023-07-03 14:54:16.656979,28.081495,77.032153
720df585-58c5-47a4-8f28-bb8bbbd545b7,4a2108204892de8a,MIC-LLII-6049,MICRO_ATM_CSP,36098.48,2023-11-23 06:36:00.481597,24.026087,86.833036
3f78173a-9f3e-4271-8bf2-cc1b1bf846b0,b2e3e791ec389fae,MIC-KIPG-0072,MICRO_ATM_CSP,18049.24,2023-11-23 06:47:11.788436,23.876522,86.824584
071f0cfb-d35b-4963-a2f3-acf7b791b606,05e58b535004d596,ATM-KESK-0700,ATM,18049.24,2023-11-23 06:29:35.941644,13.107891,80.20276
1441d618-b522-46e8-9bc3-fbd3173985c4,c08d00055da1c6f6,ATM-NOWA-4243,ATM,39238.51,2023-05-16 05:34:35.032104,28.133064,77.017049
01cb20d3-f2b3-4d86-9c33-76669eb7ae24,6da47df28d1aad11,ATM-OUGL-7461,ATM,39238.51,2023-05-16 06:06:51.768957,30.911879,75.863786
8fdc5313-e836-47f6-bde1-f4a651190660,e3ca269f60d6d65f,ATM-RGPW-6241,ATM,39238.51,2023-05-16 06:20:41.884284,13.071886,80.311217
725be4f4-e6ed-4e1e-85fa-239863bec28d,131a7708363db506,ATM-SRAV-8968,ATM,39238.51,2023-05-16 06:58:56.113440,22.502574,88.438703
8b81004c-a857-476f-8f88-90e9523895c4,5234e2681fb4977e,MIC-EWDT-7339,MICRO_ATM_CSP,52318.02,2023-05-16 05:28:14.665476,24.203788,86.237427
57e76b2f-a6bc-4e53-a0f1-f0a41f342c41,ad5fe18df494f9d9,ATM-XQEF-4841,ATM,52318.02,2023-05-16 06:04:50.298793,13.149367,80.26158
cbf31027-994d-4418-9b70-fb539652b2c1,91ff603347d3f90a,ATM-SHTF-0785,ATM,52318.02,2023-05-16 05:41:13.250294,28.087989,76.94655
0afc75db-2c8f-45fc-a79b-dba7e356a9d2,9c39fecd110d5cad,MIC-YIUB-1085,MICRO_ATM_CSP,15694.14,2023-02-04 01:54:38.192804,13.000775,80.26253
018902ac-2c0f-4366-80ff-f21490d13497,4d615301bf0f358a,ATM-SBAR-0135,ATM,15694.14,2023-02-04 02:25:34.709310,30.951032,75.774998
278ebf7a-991a-45bb-9338-01c24244a2ed,4d615301bf0f358a,MIC-GXXM-1435,MICRO_ATM_CSP,15694.14,2023-02-04 02:01:21.358358,30.851196,75.916408
10b82dee-4d45-4ee3-9248-51ccc12646a5,6719077e3a6cd655,ATM-RRKA-1219,ATM,15694.14,2023-02-04 02:26:52.979210,23.989619,86.787522
3f93679a-8669-4ace-afd2-17870b89ba06,a1ad02ba32ffeec8,ATM-PAUB-3401,ATM,10462.76,2023-02-04 01:51:21.423344,24.321878,86.332052
695f2509-fbd0-4de6-96f2-142cc68a8950,4d615301bf0f358a,MIC-XWPI-9832,MICRO_ATM_CSP,10462.76,2023-02-04 01:51:17.533075,30.981638,75.856902
2133c141-9734-4b21-b267-c44f904c71d8,6b58ba7092cc6adf,ATM-VAJJ-2329,ATM,10462.76,2023-02-04 01:54:57.330042,22.54196,88.350884
c280c40f-0d70-4281-8826-95025c6d99cf,a1ad02ba32ffeec8,POS-RAAZ-4487,POS,47082.41,2023-02-04 02:01:34.242607,24.125558,86.345861
b54a1d03-a901-4924-aaf1-8de2155fc953,bf83fdd147835180,MIC-QIFC-0014,MICRO_ATM_CSP,47082.41,2023-02-04 01:59:53.293973,28.520295,77.402145
b605145e-0d0a-45ce-9664-e6042d25fe05,800f97ed69d44439,MIC-ZTDI-7940,MICRO_ATM_CSP,23541.21,2023-02-04 02:52:16.043315,28.089265,77.020011
7cbf2724-7a45-4577-b2a1-a16c4975a43d,91ff603347d3f90a,ATM-YEQQ-8303,ATM,23541.21,2023-02-04 03:05:51.932891,28.026523,77.027051
346ec030-40ca-4b9a-bd5e-2900b306164e,4d615301bf0f358a,ATM-KDPD-6855,ATM,15694.14,2023-02-04 02:20:32.658031,30.851846,75.83981
ef442a28-7d52-4050-8f32-f65390dc34e1,a1ad02ba32ffeec8,ATM-DXKM-8446,ATM,15694.14,2023-02-04 02:03:17.727565,24.17056,86.316529
33316122-2d94-4287-9dda-2de05acc0b5a,25b04eca97925f46,MIC-XKIU-6418,MICRO_ATM_CSP,15694.14,2023-02-04 02:06:49.018305,24.123971,86.277176
68dc55bb-07da-462d-81ee-f0504df469f1,9fa7af4628dd9cb3,MIC-EOAJ-3274,MICRO_ATM_CSP,183223.4,2023-03-16 02:33:53.249639,28.559547,77.429833
23ce952d-2523-4483-b465-03f9d1bb6aeb,a7725f1729a11e9a,ATM-KVCX-8994,ATM,183223.4,2023-03-16 02:53:45.912452,13.076861,80.269888
6274f9b1-3051-47b1-8023-0233aba798ec,25b04eca97925f46,ATM-CJSD-5655,ATM,28685.31,2023-02-14 20:52:26.927461,24.241589,86.325242
426fa041-d923-4a00-b033-9426e77db7c9,7dfe46ee8d6ea258,ATM-XEHC-8548,ATM,28685.31,2023-02-14 19:15:46.400082,24.193548,86.294036
720535d0-0d91-49e1-b1a8-a80d86b2eef7,488c8c92e7abac83,MIC-TSLK-0933,MICRO_ATM_CSP,57370.62,2023-02-14 20:20:40.596553,28.521524,77.373402
7bb0ef85-4027-4572-b7b5-5c689105aeed,7dfe46ee8d6ea258,ATM-CJZN-4136,ATM,38247.08,2023-02-14 19:48:29.633954,24.209999,86.423233
915275ed-9fd7-47f0-8f95-a746170ca248,c1a3db241cc61fca,ATM-VKMD-3976,ATM,38247.08,2023-02-14 19:06:49.319599,28.125223,77.009645
2605ad5c-9524-4d59-8fc3-71e5e6b4c301,a2bbd14a2f29203e,ATM-OEFB-7429,ATM,38247.08,2023-02-14 19:27:51.996778,23.976242,86.722338
c56a8972-a24b-44e3-9443-c2f7e2063187,4a013702888d6ac4,ATM-WESM-9331,ATM,19123.54,2023-02-14 19:50:32.027651,28.519038,77.443588
d6e06168-6527-4ba8-8bc0-01fd7c146a2f,801c737176bab764,ATM-OTZE-4402,ATM,19123.54,2023-02-14 19:18:54.395408,30.866853,75.898189
83649005-1858-41d8-a2de-6a69462d1fac,2a5119a5778f8fb7,MIC-JKFN-7504,MICRO_ATM_CSP,19123.54,2023-02-14 19:27:46.970796,28.533398,77.390138
e8cc658a-ea67-4736-9ba1-630ae450cedb,f54efba75794b357,ATM-VMHR-0779,ATM,57370.62,2023-02-14 19:29:50.165129,23.901008,86.81728
055b7747-509f-474b-9271-0c3fb5594e20,ce42adff5fb0bcc0,ATM-OLEW-0608,ATM,22857.67,2023-07-07 02:13:54.641870,24.203867,86.259983
c97fafbb-666f-4ce8-ae08-39c4768cc238,7b68689a915b1865,MIC-HAZK-8358,MICRO_ATM_CSP,22857.67,2023-07-07 02:08:00.125318,28.514603,77.326895
f9d686fb-14ae-4f80-811b-67161cb3a89d,801c737176bab764,MIC-ECKR-8715,MICRO_ATM_CSP,22857.67,2023-07-07 01:34:34.817188,30.842603,75.933328
21058331-04a5-4822-bc37-1b65abf345df,5e7a22b24305ff3a,ATM-BZJG-5526,ATM,22857.67,2023-07-07 01:22:29.419174,28.254578,76.986656
d32780d7-6f02-45de-aa4a-c0320e93633f,07e0cebd234c62cb,ATM-KDXZ-5151,ATM,22857.67,2023-07-07 01:10:12.471536,24.119145,86.287987
a8465833-01d9-4b36-8df2-f746cf7562b2,02faf74a5df7342a,MIC-PSWZ-5701,MICRO_ATM_CSP,22857.67,2023-07-07 03:17:22.875853,24.19861,86.351783
3556d5e2-7b0e-4c1e-ae8f-00352bd257a4,07e0cebd234c62cb,MIC-ICTB-9750,MICRO_ATM_CSP,45715.34,2023-07-07 02:35:34.235241,24.302497,86.332104
5d89050c-f94d-4eb6-a46a-d14d786d72ba,02faf74a5df7342a,MIC-VRYF-2015,MICRO_ATM_CSP,30476.89,2023-07-07 01:42:57.794609,24.264818,86.359476
c668149c-ddad-4edc-b918-438df0dd57ae,6d100f11d2a14a1a,MIC-HOWX-1904,MICRO_ATM_CSP,30476.89,2023-07-07 01:58:47.388454,30.975187,75.827905
7a019009-38c7-4f19-8b6d-3fe125303e92,07e0cebd234c62cb,ATM-DUNY-1372,ATM,30476.89,2023-07-07 02:11:23.259077,24.158298,86.222281
e16be4fd-c187-4d91-8e11-eb3ad8801b02,7dfe46ee8d6ea258,ATM-LEAV-3582,ATM,3127.64,2023-10-22 04:31:36.420134,24.221607,86.309478
ff1923f5-7a8a-42ca-9fe5-d95ba23e3b48,8edda279ba9e9ed1,ATM-WWIZ-7955,ATM,3127.64,2023-10-22 02:30:16.301085,23.963916,86.808072
8b5e78a8-a52e-49ce-a63f-a2c0f0c06dd3,8b4c144bb4ae4afc,MIC-EDAF-5890,MICRO_ATM_CSP,3127.64,2023-10-22 02:34:22.079361,19.063618,72.867293
70a12a93-89e4-4d75-9e5c-e5023a6fdc3b,d2a18138bda39826,ATM-MVQL-5781,ATM,9382.93,2023-10-22 02:47:41.200734,23.903705,86.868794
44894d72-9057-4166-a566-c5f486f6e3e1,4d9d93596a6dbe06,ATM-XXIQ-5529,ATM,111572.03,2023-02-22 07:15:47.501353,30.841214,75.940736
f1ce62ea-8080-4e62-974f-71d2466329ab,e8c8577ea9141637,ATM-YDOE-8573,ATM,206528.77,2023-02-22 19:12:52.474969,28.605936,77.367361
a8447c30-5cf1-4812-8de2-76c9dc1e6ef5,7fe57d0ff66463b7,ATM-IQNA-0436,ATM,206528.77,2023-02-22 20:44:40.908336,22.481641,88.368167
bc3b52ff-dfbc-4a89-b146-6e14e195008e,56d780b6aabce5d8,ATM-XSNU-5655,ATM,34528.04,2023-01-10 06:01:41.949876,19.170283,72.785851
b2eb6998-cca8-4ff9-ab9e-4d69b7bcf051,f2096f718ea48500,ATM-NXTR-3206,ATM,34528.04,2023-01-10 03:50:19.600326,24.106467,86.266124
41238280-4103-49e3-b1cd-01a9d38609f2,56d780b6aabce5d8,POS-OCAM-2116,POS,69056.09,2023-01-10 03:17:12.747565,19.110388,72.848118
a8c71498-8c9f-46e2-8c4d-1bfcf1b09886,ea1049248384ef38,MIC-WSQU-3974,MICRO_ATM_CSP,23018.7,2023-01-10 03:19:55.645654,22.55595,88.277672
41f26dff-c7cf-484e-9045-02a7f1c03069,1060b2a279af1d01,ATM-VWIP-1151,ATM,23018.7,2023-01-10 03:22:24.646611,23.99042,86.730454
58c5713e-174f-416c-af84-d84e669b0294,6877ffca8e5a30eb,MIC-RAPM-0035,MICRO_ATM_CSP,46037.4,2023-01-10 03:26:03.677856,24.172746,86.196322
27fa38fb-cbfb-4ee1-b3b8-513cecb57316,f2096f718ea48500,MIC-SQXI-4455,MICRO_ATM_CSP,23018.7,2023-01-10 04:00:51.830037,24.23847,86.214911
6da9f196-87b7-4daa-ac5d-66d3b80f6dfb,4214d918811a3778,ATM-PCOI-8495,ATM,23018.7,2023-01-10 03:46:42.411162,24.169528,86.266961
2a262786-ab6e-4b88-b13b-0762efed0d40,001cc7c523c48f43,POS-VXGK-7632,POS,64531.36,2023-01-14 17:56:00.751506,24.283244,86.298841
381b469e-acc5-456c-91f3-618da8012dab,93a252f15bde845b,ATM-LLWY-4066,ATM,64531.36,2023-01-14 17:45:11.622103,28.470268,77.409591
d02b00d7-bfee-4390-b3b4-06a0fbc90f71,870522376f60b02a,ATM-JXJG-4627,ATM,129062.72,2023-01-14 18:51:14.625627,18.994952,72.928783
36520bf6-bdb0-4a2f-b4ea-fe894996b174,7a10f6d97500d049,ATM-BAWE-4890,ATM,120355.86,2023-07-24 22:17:57.265191,23.92755,86.755814
ce20bd80-e5dd-4e73-b6af-765cf05a1c67,735d7382bc84f337,ATM-FSEK-0917,ATM,120355.86,2023-07-24 22:12:29.157925,19.096043,72.860531
2027d282-922a-43e0-9a24-b39d5fe36f18,249a5fdb3aa3e639,ATM-BDQN-7391,ATM,28664.65,2023-12-04 23:35:58.931547,24.244731,86.263908
0434c120-968e-41a3-802f-d8c4c4f93832,7fe57d0ff66463b7,ATM-MJVW-3895,ATM,28664.65,2023-12-04 23:44:13.571249,22.69642,88.304956
f2f34fdb-cad0-4502-b7da-ecd69f917c6a,e15635324afef7f6,MIC-ZXRZ-3610,MICRO_ATM_CSP,213230.4,2023-12-15 18:08:49.786053,28.63221,77.364397
e49b6f6c-2780-4075-b96c-72e747989492,8595d99a4d487472,MIC-QFBY-3189,MICRO_ATM_CSP,213230.4,2023-12-15 17:40:45.042082,28.528704,77.35924
690ed8a9-9205-446a-8323-f686213fc440,a8db324facfdb708,ATM-AUBH-2140,ATM,221414.03,2023-11-02 07:55:53.326675,28.528506,77.415433
ce092452-99e1-4050-a382-ee7ecdb1a508,e3d62aedfb9d3703,ATM-WPSP-7765,ATM,221414.03,2023-11-02 07:50:04.991521,13.082211,80.190082
a958b573-f225-4a3c-a121-9fcfdf260b3b,7a10f6d97500d049,ATM-TDFV-6971,ATM,206439.04,2023-03-06 10:25:19.471640,23.888467,86.824046
05707458-5519-4f88-849b-4607293d1b25,96ee3133eae53f34,ATM-OQAY-8191,ATM,206439.04,2023-03-06 10:47:58.524137,28.592927,77.352168
5f919de9-6eb0-4338-ac01-5b1566bd6835,4f0d8ce1b58bf64c,MIC-OXBN-5807,MICRO_ATM_CSP,15909.93,2023-04-10 18:08:56.015266,19.113601,72.898256
287d9a9f-05ad-4617-85bc-2a06be15f41a,400a95ae23792cbd,MIC-MRJO-8721,MICRO_ATM_CSP,15909.93,2023-04-10 18:35:37.301473,28.159322,76.989974
1bd62bae-6f44-4eef-bb2e-6c31be43995b,0f1ad65543378e63,POS-XBBG-2858,POS,15909.93,2023-04-10 17:54:33.613229,22.593747,88.438831
dbab82e2-d907-47f5-b6d5-64216e543691,10d88bee675e95d1,ATM-KDVU-8604,ATM,23864.9,2023-04-10 18:19:26.996169,24.163931,86.344558
dbabd616-2871-45ce-b6d1-580b6c89e3b6,f9a34baab7be9f34,MIC-OZEU-0083,MICRO_ATM_CSP,23864.9,2023-04-10 17:57:25.089764,13.068197,80.329397
a55915aa-f10f-4339-9c7c-984da51b0c65,c08d00055da1c6f6,MIC-GWYQ-0485,MICRO_ATM_CSP,31819.87,2023-04-10 18:12:10.478337,28.182577,77.005793
157f65a8-f772-4f74-b647-56b1a6466afe,87cc051ae08428cf,ATM-ZDFR-8578,ATM,31819.87,2023-04-10 18:36:08.043410,24.208307,86.263115
27976e6e-f3cb-4538-a2ce-a6ab44093091,f79cd1fb09127f5f,MIC-EWLJ-7679,MICRO_ATM_CSP,31819.87,2023-04-10 18:57:49.662991,30.92661,75.789194
d13effea-0503-47fe-96f1-d706c9a03516,ce42adff5fb0bcc0,ATM-SUSM-0475,ATM,23864.9,2023-04-10 17:49:06.453683,24.219956,86.335773
23a77af9-0be3-4b07-9dbf-7d07566699e3,ea1049248384ef38,ATM-HHAI-6141,ATM,23864.9,2023-04-10 18:20:48.430282,22.583032,88.328749
45ec1fce-0536-40f9-89dc-9159d415f1e0,91ff603347d3f90a,MIC-SVBI-7240,MICRO_ATM_CSP,23864.9,2023-04-10 18:10:57.986405,28.18137,76.974733
a0847796-32b6-4ac9-b396-f3cc9ccad175,9c933ed3540d2b7d,ATM-EBMV-2691,ATM,23864.9,2023-04-10 18:20:28.192053,13.161362,80.279848
71c335d9-3820-48a6-a2f3-baa549c1d187,bb6efc9b42a0c6a5,ATM-OSUA-5167,ATM,95459.6,2023-04-10 17:49:58.692583,24.303351,86.351641
c8e0172b-ecfc-4059-9013-fccd1028c23c,6da47df28d1aad11,ATM-UUPV-2666,ATM,23711.49,2023-07-05 23:35:43.671749,30.927446,75.949986
828dbcae-0573-432b-a61f-46dd4918ac8c,5234e2681fb4977e,POS-EAMY-6153,POS,23711.49,2023-07-05 23:43:29.066859,24.141342,86.313924
fbae552c-6810-43ed-99f6-639560652f3c,a624ff50d385a48f,ATM-RVAM-0790,ATM,23711.49,2023-07-05 23:16:38.668581,28.528548,77.414063
abb13095-1ae6-45ba-bcdb-bea117f46faa,78a973ba4ad6b938,MIC-JGCG-1806,MICRO_ATM_CSP,23711.49,2023-07-05 23:15:08.041611,28.118464,76.970457
bb21e6c7-e553-4613-9254-5ecfd475e275,3130a23abd9e06eb,ATM-MVOP-9617,ATM,47422.97,2023-07-05 23:10:15.413286,28.552098,77.394863
0054f272-5af3-4e08-b3f7-a3487a1de5de,a624ff50d385a48f,POS-WWNG-2926,POS,47422.97,2023-07-05 22:34:58.315620,28.538137,77.386885
2de8ddb1-53ae-4b5f-a02c-1aab30d945cf,91ff603347d3f90a,MIC-FPJN-2532,MICRO_ATM_CSP,94845.95,2023-07-05 23:17:38.207704,28.147728,76.987018
9422f974-bd0d-43fa-958a-a8ed19f7c4ec,095c1c65e3981f27,ATM-ZOIA-5803,ATM,94845.95,2023-07-05 22:40:49.996193,23.980088,86.81582
426c27ac-88bf-4341-b225-eebb2b08b483,31c96105af812635,ATM-CUXH-2823,ATM,14977.82,2023-04-30 22:35:17.072180,23.920159,86.86811
73dcb14a-ba91-4030-a348-0ac6a236eb23,8b2f80b612ad4abe,ATM-PFAI-5745,ATM,14977.82,2023-04-30 22:25:44.117096,30.827586,75.963618
dff89e25-7ad0-4be8-858c-4411749da341,e09de44b287780d9,POS-KTWR-2913,POS,14977.82,2023-04-30 23:29:48.484860,30.951002,75.845929
6c61384e-5b56-4c68-b5bc-c93a64e0cb1f,96739c6dc7f02b5f,ATM-UCMP-0143,ATM,14977.82,2023-04-30 23:17:01.205112,30.931997,75.766751
3c55310a-3adf-490a-a6db-051bdbb965f6,76b7a36222fb4dbf,ATM-IJOQ-7612,ATM,14977.82,2023-05-01 00:14:58.355427,28.108281,76.972104
58083e19-99e8-4199-98d4-9150803ebc49,c44d8338f95263f6,MIC-RWDE-4894,MICRO_ATM_CSP,14977.82,2023-04-30 22:42:06.649115,22.617123,88.411168
006bec61-4972-4088-b624-acb1904e9d7a,40a7839d77ce9523,ATM-FLQH-3093,ATM,128298.67,2023-12-30 11:15:53.960771,30.920779,75.869236
79b6a76c-dacb-4665-8d9f-61046e2cc519,569e825e4e2fc336,ATM-FYMZ-9276,ATM,64149.33,2023-12-30 11:09:02.201187,22.590232,88.380618
96488317-a5ae-4d50-845f-5b0ae5b01ed8,40358308186e55a2,MIC-KZQK-6915,MICRO_ATM_CSP,64149.33,2023-12-30 10:41:30.926206,23.888348,86.867427
73794aee-4274-4f5f-9d23-b02ae46f35e0,569e825e4e2fc336,ATM-QRIE-0940,ATM,64149.33,2023-12-30 11:06:42.498996,22.565606,88.374683
b937b798-de87-4b9b-b8c1-6e203534a2a8,91ff603347d3f90a,ATM-KHUN-4816,ATM,64149.33,2023-12-30 10:49:36.509779,28.150678,77.105366
54ab4a43-bdb8-4b1f-aef9-2568e1ab9b7e,392ff47fb759eb21,ATM-JRHU-6727,ATM,186158.36,2023-01-21 19:27:11.804253,28.579171,77.322562
61b8ff85-55a4-4214-92c5-f23441878695,578ffffe9f15f020,ATM-QIWB-6250,ATM,186158.36,2023-01-21 20:15:15.724381,19.059778,72.977779
ba82457a-1852-4182-88ca-eaf9a75ed411,91b86f426cd2cf59,ATM-LBUD-0148,ATM,39471.23,2023-10-30 15:53:44.519199,28.454617,77.350359
ccc812bd-1c2c-4b3a-a037-e1ddd6ee79e1,bbe623c9da0b733d,ATM-NEPV-3465,ATM,13157.08,2023-10-30 16:02:15.974095,24.18622,86.392745
240663bb-8a54-4e7b-8a3a-ea29cec62b16,2a1810e23521088f,ATM-KYWN-9607,ATM,13157.08,2023-10-30 15:36:00.215504,28.16254,76.990163
254a8c8b-c078-4dbb-b8d6-51fdceaad3f2,a2fa3041d552b090,ATM-IXZM-6972,ATM,13157.08,2023-10-30 15:48:22.525913,28.488675,77.343699
7d228dec-b592-4752-bf83-e2dc0ccfdcb6,a2fa3041d552b090,ATM-CVOP-9170,ATM,39471.23,2023-10-30 16:08:47.149713,28.643401,77.338119
8481b7e2-076f-4e2b-b991-2b53051b77a7,8cb14c1df286e985,ATM-EQCE-6661,ATM,39471.23,2023-10-30 16:21:02.122049,30.941239,75.894501
2eb4b725-3233-4acf-8c76-bf9e3ff3ddcd,c6add401e808d068,ATM-ZVRF-9108,ATM,17542.77,2023-10-30 15:44:54.716555,28.522389,77.334351
e4f53b43-6dac-4342-bd50-b496bbcd81c7,2647f966c1839f83,MIC-OVYQ-6101,MICRO_ATM_CSP,17542.77,2023-10-30 15:31:32.732845,28.135981,77.096027
42e8cf7e-e9ef-414e-93df-745311cc5e38,f716e35638c3dd12,ATM-IRYV-3705,ATM,17542.77,2023-10-30 15:53:38.659192,22.510312,88.367389
e399c9b0-4a25-4782-a3d0-c6da2d712fc3,b52aeac57b65c3e1,ATM-NHZW-3776,ATM,52628.3,2023-10-30 15:50:41.507880,24.229475,86.383909
fa3bdccb-5edd-443d-9ca5-cb64af7195cf,2a5119a5778f8fb7,ATM-IJQQ-3604,ATM,26314.15,2023-10-30 16:05:10.034557,28.444456,77.41896
9dd1ff2f-2b87-48ca-acf5-f9f1862552b4,b0c598b744054043,ATM-OVHB-7467,ATM,26314.15,2023-10-30 16:47:23.918424,24.038824,86.854884
a0e7d3b1-1843-4849-bc77-05a8cdfb3c34,40a7839d77ce9523,ATM-XLNV-5903,ATM,49953.86,2023-01-13 19:19:55.744437,30.922493,75.82847
2f69719b-7eb4-46b3-9064-af112dc453b6,2a5119a5778f8fb7,MIC-BNNW-7780,MICRO_ATM_CSP,49953.86,2023-01-13 18:34:07.195444,28.543034,77.356124
cd4b3956-87a2-4448-ae9a-ad81b3eb9125,7fe57d0ff66463b7,MIC-TXJD-8405,MICRO_ATM_CSP,49953.86,2023-01-13 19:01:31.110420,22.534826,88.360967
e5067966-52e0-4a24-a8e2-f4dbbfd9539b,8e9be22c03d9e1cb,ATM-ZCUE-9901,ATM,74930.78,2023-01-13 17:38:39.928732,28.144454,77.037779
c0758dff-8c3a-4fee-948d-d0f348d24b2d,0f3e1c23ab2acd64,POS-MFKU-1242,POS,74930.78,2023-01-13 17:57:02.914346,19.10035,72.882327
e147e5ab-2a6e-4c4c-9241-41de3b159886,095c1c65e3981f27,ATM-GYPQ-8893,ATM,73481.42,2023-04-10 14:16:30.344723,23.933417,86.821665
7cab8573-fef0-4238-9aa1-1ff773c57294,4033db100a1cc8ba,POS-GEXJ-8786,POS,73481.42,2023-04-10 12:22:34.458408,19.103118,72.893761
1da420a6-a09b-475b-8aab-dd7cc41a1da4,028202be514e6b30,MIC-ZXYL-6770,MICRO_ATM_CSP,9213.61,2023-09-21 07:18:08.095756,28.106414,77.010159
3b1b825b-8865-4dae-b2d2-32b39c220d5f,6719077e3a6cd655,MIC-RUHG-8401,MICRO_ATM_CSP,3071.2,2023-09-21 06:55:50.932233,23.951015,86.763913
ca001681-3e33-4fd1-85f3-707b65161095,617e20d2bab877e7,MIC-UAHC-9356,MICRO_ATM_CSP,3071.2,2023-09-21 08:22:01.089641,22.609586,88.254811
f4823c4c-900d-4582-8821-d6b5832fd2b8,028202be514e6b30,MIC-FNLZ-4117,MICRO_ATM_CSP,3071.2,2023-09-21 06:59:10.970482,28.091114,76.974304
63201e38-4c76-4d24-900c-409ef24d5365,96739c6dc7f02b5f,MIC-CDGN-1952,MICRO_ATM_CSP,4606.81,2023-09-21 06:48:32.877466,30.880092,75.756704
656a1dfa-b2c2-4de4-b02a-43ce6dca9de8,028202be514e6b30,MIC-RISV-0042,MICRO_ATM_CSP,4606.81,2023-09-21 08:08:40.537604,28.148774,77.004056
00db94e9-bd59-4b6c-b421-24b8e1d65a93,2d7f04c671c24245,ATM-HSCZ-9827,ATM,13820.41,2023-09-21 07:00:31.831117,19.076704,72.910372
48d3414b-3da2-48d1-9b36-6142c37d54bc,218c5d6d080619a2,ATM-VUJM-2571,ATM,13820.41,2023-09-21 07:14:38.516027,30.929676,75.882128
2b5d0f96-93b5-4ed7-9bd1-8ad8b590ab12,25b04eca97925f46,MIC-GBUP-5062,MICRO_ATM_CSP,13820.42,2023-09-21 07:21:27.827599,24.196519,86.357669
7fd4ce5b-985c-4161-9324-ff2337cc87c6,ed25b3310f976d9c,MIC-ISWK-7483,MICRO_ATM_CSP,13820.42,2023-09-21 07:27:48.283465,24.157603,86.295561
40c96a85-af4e-428b-93a0-c7260e302b92,9bbadf1ea0aacb76,ATM-CDWS-8074,ATM,41461.25,2023-09-21 07:25:31.899574,13.063002,80.253552
56bfa7e2-86cd-4016-a8fe-9194032f9e64,4a2108204892de8a,ATM-MJKE-0147,ATM,41461.25,2023-09-21 06:59:09.209931,23.915039,86.857844
702db12a-acf1-4ee9-9014-07eaae086fb5,5eb59abc9c970d06,MIC-ZPWX-8781,MICRO_ATM_CSP,34031.18,2023-11-06 22:11:05.383390,28.586059,77.415966
04606f1d-cd3d-4d4a-bd60-bb01c8702683,76b7a36222fb4dbf,ATM-DJXW-4355,ATM,34031.18,2023-11-06 21:31:43.983594,28.15713,77.026784
c3ea27fe-75b9-42fc-93e7-4d72c3d5a0ea,6da47df28d1aad11,MIC-MIGK-3874,MICRO_ATM_CSP,34031.18,2023-11-06 21:55:20.424235,30.991148,75.846381
4f9bfed9-b9f6-4b3f-af1d-b9918680e563,25b04eca97925f46,POS-FTOW-0776,POS,34031.18,2023-11-06 21:24:37.101931,24.19707,86.341624
8067db05-1139-4b31-88d7-48153baa6d0e,c6add401e808d068,POS-DSNS-8800,POS,7854.14,2023-01-13 17:09:37.355184,28.488778,77.427242
a2dec7a3-4d27-4aa4-9664-dc4168249e37,58332689d416f427,MIC-WMTF-5376,MICRO_ATM_CSP,7854.14,2023-01-13 18:22:14.119563,28.10113,76.992063
f627618a-5f69-46cc-a9e4-3db219b53ddb,2cea95cfb3bfcf81,ATM-NXKP-3102,ATM,7854.14,2023-01-13 17:11:14.514044,22.569396,88.268606
cea1753c-f31a-4f0a-ad28-0b4fa2373fad,d987bbe07c445fa4,MIC-GCMP-2318,MICRO_ATM_CSP,23562.43,2023-01-13 17:38:49.493771,23.947007,86.812563
79d506ec-c5d6-4dee-9234-dd60a56c627f,d987bbe07c445fa4,ATM-GQLE-7857,ATM,15708.28,2023-01-13 17:24:04.911686,23.919402,86.856693
b1a064f5-fc0f-44e2-9588-fe65ee6db305,58332689d416f427,MIC-PAUQ-0777,MICRO_ATM_CSP,15708.28,2023-01-13 17:53:12.135153,28.040823,77.046336
855e25b8-6625-4e3f-8b4a-aa09ca9355fe,82d88b69efcf73c2,ATM-WAKF-1649,ATM,15708.28,2023-01-13 18:16:08.533160,28.172634,77.030922
cb11e20c-9a18-40ab-89c5-4a6ffbe253de,562772d2f729f0a9,ATM-WWPQ-3531,ATM,11781.22,2023-01-13 17:43:41.759500,30.865197,75.861886
7d852706-1f72-4742-9110-8ca4a3745abb,73c1232d5b4b4de7,MIC-TZAZ-0907,MICRO_ATM_CSP,11781.22,2023-01-13 18:01:50.150774,19.028583,72.966517
4aa5e8d9-1a8b-428e-a1a6-ce01ea704b1b,58332689d416f427,ATM-NZEJ-2505,ATM,23562.43,2023-01-13 17:37:02.794411,28.098265,76.964383
7a1cbf9a-36fd-422e-a2e9-99ef811f2017,d987bbe07c445fa4,ATM-BWII-2919,ATM,23562.43,2023-01-13 17:13:56.969274,23.845935,86.80837
dd42ab5f-3d08-4256-88c9-22b24351dc9e,7fe57d0ff66463b7,ATM-GRHL-0490,ATM,11781.22,2023-01-13 17:06:29.425918,22.621814,88.382631
b23e4b2b-e1e5-4d44-b93f-9f8dfc9f58b7,fed6a0b55d80fbac,ATM-HRZQ-1454,ATM,11781.22,2023-01-13 17:21:03.485076,28.155302,77.107528
e47137ff-c9f5-4255-a4a3-68346ef0525e,562772d2f729f0a9,ATM-CBAF-7697,ATM,11781.22,2023-01-13 17:31:47.693792,30.897002,75.843063
1bc65c97-54e7-4bea-a30c-8eb4fa98b98d,8e9be22c03d9e1cb,ATM-KCKV-0736,ATM,11781.22,2023-01-13 16:59:10.044872,28.221254,77.015568
163a507a-8263-4952-96f1-1b01aa98bbc9,578ffffe9f15f020,MIC-MJFM-5781,MICRO_ATM_CSP,7854.14,2023-01-13 17:07:45.071673,19.010335,72.841896
315b13d5-a6f5-4429-a6fa-c3ed10bbc6b8,562772d2f729f0a9,ATM-APXE-7603,ATM,7854.14,2023-01-13 18:20:59.153183,31.005987,75.870584
d4f22039-cb10-43d6-88b1-92392161c361,45d630ed37506629,ATM-SPHG-3020,ATM,7854.14,2023-01-13 17:16:49.010938,22.622682,88.311724
d4d3dd6c-3a06-4d5b-8ac6-457fe77bbae5,562772d2f729f0a9,ATM-FFDE-9051,ATM,7854.14,2023-01-13 17:23:19.897261,30.950713,75.838814
1570b8e8-5a9c-48b3-b8fd-4e577603a93d,d036df3044e9deab,MIC-GCXS-2963,MICRO_ATM_CSP,7854.14,2023-01-13 17:31:45.977157,24.247097,86.385453
438d47b0-9f74-4e81-9272-8356861ca819,73c1232d5b4b4de7,MIC-TEMH-9418,MICRO_ATM_CSP,7854.14,2023-01-13 18:02:54.422054,19.038438,72.910651
a2d92bb6-907c-44eb-8fea-b3f5128d50a9,e3af0705ba5a43fa,MIC-JWUF-4743,MICRO_ATM_CSP,7854.14,2023-01-13 17:47:24.998041,13.091156,80.246102
f9b5c4f0-a142-49bb-9d10-709d1a21079a,81505285be6f291f,MIC-GTPE-6466,MICRO_ATM_CSP,7854.14,2023-01-13 17:31:10.699435,24.161663,86.307462
202a10e5-ad48-4d04-844a-1f7b1dae655d,6da47df28d1aad11,POS-YAQC-6452,POS,7854.14,2023-01-13 17:27:47.093850,30.856887,75.849254
f05995c1-b617-4d23-91b3-35900a9647c2,98768ceed9627cfa,ATM-NJTY-6197,ATM,33696.75,2023-04-12 23:22:51.373813,23.991102,86.75269
36ea075d-07af-4655-9036-9f8561a34cee,ed25b3310f976d9c,ATM-ALQW-1441,ATM,33696.75,2023-04-13 00:05:05.444260,24.257286,86.35082
f8c931ed-e0e5-48a7-9e51-c3b7e38ec28e,b18f7c8dd40cd2ae,ATM-QDWD-4041,ATM,24786.76,2023-06-12 03:33:29.239466,13.137943,80.214941
cb921d4b-949a-4dde-adad-4da960f9de6e,bcb12092e26eaceb,MIC-TDBQ-3153,MICRO_ATM_CSP,24786.76,2023-06-12 03:14:41.649694,19.155765,73.02051
2246cd31-0506-408e-821b-dee1faab75c5,870522376f60b02a,MIC-ADCR-6223,MICRO_ATM_CSP,24786.76,2023-06-12 03:16:17.049468,19.07485,72.865235
cbbc7257-cfb6-488e-a366-8e4fe3f61674,793bb65021361c99,ATM-TAEV-2791,ATM,24786.76,2023-06-12 04:14:01.072861,22.558456,88.302067
87c3d55b-38f2-4f90-b5bc-20e0eb23442b,83537c7c9fe41c3e,ATM-XDNU-6519,ATM,49573.52,2023-06-12 03:37:41.150182,23.950919,86.889069
d56a0241-6862-42aa-b1b2-3ac46f445c61,c6add401e808d068,ATM-MJLA-9371,ATM,49573.52,2023-06-12 03:54:04.628009,28.546854,77.357485
2f6e4dd7-3c7f-4a26-b789-23c26ca6983e,4bd8066a7ff43612,MIC-AGNN-2513,MICRO_ATM_CSP,16524.51,2023-06-12 03:20:08.267676,13.067312,80.269098
06b0f645-19a6-4f68-9478-39cfb6799ed6,3c231657faa5d04d,MIC-VLHX-4620,MICRO_ATM_CSP,16524.51,2023-06-12 03:51:59.263989,28.507595,77.322718
8f07d3b3-5b21-4ff4-b4a9-9a8b8631dbe0,673042d418c5aa70,MIC-ANWO-6405,MICRO_ATM_CSP,16524.51,2023-06-12 03:24:47.610674,13.086024,80.208241
42458ca7-f552-4e96-a289-a758ebf3f5c6,25b04eca97925f46,MIC-NJAS-5960,MICRO_ATM_CSP,49573.52,2023-06-12 03:22:04.466843,24.199341,86.218363
812cdb5b-8b05-46ea-ac9d-9b4627e55b4e,6719077e3a6cd655,MIC-MBWM-3134,MICRO_ATM_CSP,175651.67,2023-08-16 05:10:20.175621,23.973308,86.865859
bb5b0804-2e1a-4f2f-ac8b-c18d89d05278,fad5cbcf2a4d463c,ATM-QOWH-6487,ATM,87825.84,2023-08-16 06:05:46.274963,30.928866,75.937597
f3a71b81-1b73-4230-aad2-91fd8bf28f97,2e731df693beb9f9,ATM-FFXD-7980,ATM,87825.84,2023-08-16 05:11:14.336305,28.030243,76.978628
2e4bc414-0a54-4907-bf2b-65572cacd49b,82c9eceffb3a9628,ATM-PUDO-8716,ATM,28607.67,2023-04-14 12:31:24.597669,28.507706,77.352579
27894f52-b44f-4469-94c8-4e66b8d2dc95,25b04eca97925f46,POS-TYOT-0745,POS,28607.67,2023-04-14 11:49:57.122624,24.192996,86.376075
9b8ead67-bcd3-47b2-8e14-fa2ba76ffe42,218c5d6d080619a2,ATM-IYTP-9855,ATM,28607.67,2023-04-14 11:35:02.496990,30.955933,75.797005
be0d706b-0554-4a25-a31b-5923793926ad,6da47df28d1aad11,ATM-YEHO-0825,ATM,85823.01,2023-04-14 12:40:10.046620,30.906406,75.840222
a2e45263-802e-43f0-b082-a4057d2fc0c1,865f7c1cd0f9ed15,MIC-SDWK-7561,MICRO_ATM_CSP,160179.15,2023-05-14 07:19:51.879516,30.957372,75.804867
d1b749de-3107-4b31-bb67-6271de4ece5b,6d15ef43c18a5e44,ATM-OBLF-1751,ATM,191808.24,2023-01-07 20:05:21.803954,19.07412,72.897501
c636cbf8-918b-49e6-a709-0afe4513928a,25b04eca97925f46,MIC-IROO-1135,MICRO_ATM_CSP,95904.12,2023-01-07 20:55:08.007864,24.236538,86.329215
e76ea290-f7fd-4ce0-8f1f-df6c898f2f29,4d615301bf0f358a,ATM-KQXR-5821,ATM,95904.12,2023-01-07 20:49:49.902875,30.943437,75.822356
06a8d661-ccd9-4fba-a1d2-51794be966a5,faa390f0cabf520b,POS-PETP-4719,POS,59021.14,2023-06-09 10:32:04.846581,28.547151,77.374619
0d0c7705-b46c-4ab0-bb3c-dd1b5f0f0ab2,e01c434b0d177165,ATM-FFDY-0624,ATM,59021.14,2023-06-09 10:50:38.099512,28.542249,77.428932
d3c9c25c-c1ac-4cc1-9003-47b07f97301a,095c1c65e3981f27,MIC-AOIZ-8902,MICRO_ATM_CSP,59021.14,2023-06-09 11:11:45.961673,23.903491,86.832307
f1c947c7-6aac-4a26-897a-64509ae36023,d9bcc83f674275e1,ATM-GIKC-9904,ATM,59021.14,2023-06-09 10:21:52.593973,19.132696,72.972696
0779fc58-2fe0-48a1-9b80-60a370e4a09d,05d9cb0a7966aa7b,ATM-WCMR-9167,ATM,59021.14,2023-06-09 10:39:56.199724,28.02958,77.007875
1de77049-81fe-40a6-9b68-7adf2f8ab24a,e01c434b0d177165,ATM-ADUU-2135,ATM,59021.14,2023-06-09 10:54:33.935980,28.525941,77.471895
2f741185-b945-4989-b1e7-c2d671b954d7,9fd752d9d0ccdbb9,MIC-SAGD-5184,MICRO_ATM_CSP,29519.82,2023-02-14 22:08:50.948164,24.048772,86.900589
979ebf8d-da30-42ec-a3c2-c2b5e4db32e9,022fec248c97806e,ATM-MNIJ-5235,ATM,29519.82,2023-02-14 22:21:12.816680,24.162876,86.34606
c4ef365d-48d3-41d8-a1bd-7871ddd798df,3963b6f6f79dd7db,MIC-TVBD-2637,MICRO_ATM_CSP,29519.82,2023-02-14 23:16:53.791210,28.173189,77.043425
d00471b7-9cfb-4a6f-b495-7ef85ee7d249,10391296d265566e,MIC-QWND-4987,MICRO_ATM_CSP,29519.82,2023-02-14 22:31:09.137404,28.089098,76.971301
c624604f-f230-4b60-bf2a-8aa62cd71e5b,78412091d3702307,ATM-VROZ-8092,ATM,25898.81,2023-08-06 03:45:39.500615,28.212892,77.085685
9f1f8f60-4996-4b4f-9fc4-ca17a2e31e79,eceb974fb106da17,ATM-ZHZC-3054,ATM,8632.94,2023-08-06 03:43:52.096796,22.589034,88.373983
1152d5b1-c6ba-4677-9339-842d293da045,6719077e3a6cd655,ATM-MMYZ-5084,ATM,8632.94,2023-08-06 04:12:33.001383,23.970162,86.848633
47031e10-dffc-4e75-9b4e-90f5607c6d13,095c1c65e3981f27,MIC-HWAL-1206,MICRO_ATM_CSP,8632.94,2023-08-06 04:14:50.289531,23.985204,86.736265
15ec1b1f-7d2d-4b26-bd16-ec70937b2d77,673042d418c5aa70,MIC-AYXN-9462,MICRO_ATM_CSP,8632.94,2023-08-06 03:55:58.337768,13.09512,80.312006
93db3bb3-a625-40a1-8127-095fb5561de3,bf37d8c9ea7f02f5,ATM-LIOZ-9348,ATM,8632.94,2023-08-06 04:02:14.430330,24.251896,86.285582
1575805a-cec9-4387-b84d-30e187ab8f89,6da47df28d1aad11,ATM-ZCZQ-5142,ATM,8632.94,2023-08-06 04:47:26.812731,31.00725,75.863704
aa0de05f-7a20-4693-9ac9-7d42a262c2f7,15bc62bab6812a87,POS-ZZIC-2942,POS,12949.41,2023-08-06 03:45:46.334914,22.540574,88.384794
353d231d-1496-494d-a7fa-b73b6af8b7f8,25b04eca97925f46,MIC-IRDM-8191,MICRO_ATM_CSP,12949.41,2023-08-06 04:16:23.194896,24.217403,86.425853
b2d71032-e81f-4658-bc1c-04f333f0aedf,9dbe3525d7d0e203,MIC-TVZY-9261,MICRO_ATM_CSP,52459.38,2023-04-06 20:03:35.891384,24.154848,86.33142
483c5eca-8387-4f79-af24-ab2afe79349f,f067cd13d9bb540e,MIC-BLHB-9470,MICRO_ATM_CSP,52459.38,2023-04-06 20:18:46.865305,23.939045,86.892887
cd45ded3-072f-44cb-8fe0-0eb045a7c75c,5a2853871bbc3b2e,ATM-FPDF-2573,ATM,39997.11,2023-07-18 10:56:59.966704,28.160275,77.007118
578da0aa-e966-4874-babb-e25786c707e9,4a013702888d6ac4,MIC-VKGF-0998,MICRO_ATM_CSP,39997.11,2023-07-18 11:29:12.625770,28.568006,77.33576
a1dfe438-0fde-4121-87f3-b20f5d43ea1f,94886534ba697546,MIC-OFEF-1758,MICRO_ATM_CSP,26664.74,2023-07-18 10:57:02.751638,28.097926,77.010323
ebf75ba5-f7fe-49ef-83e3-013db148c918,110ff49da0eee279,ATM-TMIJ-3341,ATM,26664.74,2023-07-18 10:22:54.198119,28.122871,77.020394
a272a63e-0a41-4130-8895-e78de1fc2807,5ea4882b1d06781b,ATM-XCUR-5972,ATM,26664.74,2023-07-18 11:40:19.293804,23.941447,86.751711
9309821c-f4c9-417d-8b1e-c403e9df8aed,c08d00055da1c6f6,ATM-ZOEL-3714,ATM,8888.25,2023-07-18 11:10:10.603043,28.075533,77.073997
551a5654-8bae-4097-949b-f81e7abb866c,0bd8573ba3901c0d,MIC-KEUD-1274,MICRO_ATM_CSP,8888.25,2023-07-18 10:14:55.372903,30.825923,75.785389
ec144b83-310a-438a-ad92-567c40ed6a8f,cb15db1a9af73b40,ATM-TFCS-6335,ATM,8888.25,2023-07-18 11:11:20.502075,19.017558,72.925197
1532ba67-f0e1-46ef-9697-fb45d048a29a,48446ecf394d530e,ATM-MUCT-0739,ATM,13332.37,2023-07-18 10:15:15.227736,28.554066,77.284606
e9ebad38-000f-478f-81cc-9190a70d8de1,6da47df28d1aad11,ATM-JMWH-7995,ATM,13332.37,2023-07-18 10:46:45.751365,30.815505,75.816172
87fa61a4-e7fd-4f91-ac3c-bc043a813090,6da47df28d1aad11,POS-YOZY-3838,POS,13332.37,2023-07-18 10:17:30.185662,30.819157,75.786545
d1f81975-f93a-4a85-acf8-c3a355baf495,eeb7ceafb88813a8,ATM-VTVH-3215,ATM,13332.37,2023-07-18 10:17:52.717834,19.11409,72.857034
3ebcbb51-48aa-4268-8f95-e576cba5e048,a34eda124c7becc8,MIC-MLRN-6349,MICRO_ATM_CSP,79994.23,2023-07-18 10:48:52.815574,19.103784,72.723995
fad79a4b-a714-4cd8-bf2a-96636f1fc6a9,d00466dba4ffcefe,ATM-NKYS-0031,ATM,44116.55,2023-09-24 13:08:59.022747,28.607185,77.385008
e56a60e6-a2e4-4175-94fc-8396869d11ef,d00466dba4ffcefe,ATM-IGLJ-5450,ATM,22058.27,2023-09-24 14:13:55.267299,28.445363,77.507871
612edb54-f755-4d29-9c69-41716bcc4b2a,febf24426daa34df,MIC-FEHS-5896,MICRO_ATM_CSP,22058.27,2023-09-24 13:04:38.389942,19.039374,72.916707
60ca2699-b323-4527-a8ba-af9b259fcc69,c1a3db241cc61fca,ATM-WSEE-0462,ATM,14705.52,2023-09-24 13:27:56.024368,28.121555,77.054055
07046be7-64c2-4b87-87cb-f7424f6562b0,45243675010d84fb,MIC-ANQG-5889,MICRO_ATM_CSP,14705.52,2023-09-24 13:45:36.200387,28.149717,76.983195
006e4021-d710-42d1-b1ef-6e4561183d7d,3fdb81fcdd99b495,ATM-CUQR-7192,ATM,14705.52,2023-09-24 13:10:43.823662,13.020012,80.233748
3f402d06-3f83-4f5d-96ba-44b9358dbcd3,cafd7e8e5e09f087,ATM-OFBK-8894,ATM,33087.41,2023-09-24 13:14:43.116678,24.221614,86.251464
9c8ca427-de18-4e6f-8f9b-31916b5aff8d,f6b2ba68fde1e997,ATM-XPRU-1770,ATM,33087.41,2023-09-24 13:30:36.729784,22.632075,88.329342
7561bfd4-beab-4696-97f8-69c9a0e344e3,cafd7e8e5e09f087,ATM-CWMS-1796,ATM,33087.41,2023-09-24 14:01:38.066072,24.205868,86.213714
b79a31c1-ac3c-4e43-a949-48cc8a3669f1,f35940835bdb022f,ATM-JZFZ-8727,ATM,33087.41,2023-09-24 14:03:10.726705,24.210142,86.326524
043c579d-fec8-4359-9823-dd6f97c66ac0,3595b10f9139f7f5,ATM-PEZQ-5541,ATM,313148.3,2023-02-18 15:11:55.990870,28.609465,77.379023
6fc4ac1b-8fe0-4ebf-a99b-f09f2190a13a,39647341f69d4904,ATM-PWWU-1321,ATM,121626.88,2023-02-16 09:01:40.659180,28.498669,77.3889
fa678fa1-bc4f-4d1e-9dfc-3d656232ef2e,ee953cbc6fe1c738,ATM-OCIH-5935,ATM,121626.88,2023-02-16 09:14:24.406444,30.931242,75.897088
e0150a22-1c89-44d5-a34d-a6c381a778c2,96739c6dc7f02b5f,ATM-RUSC-1213,ATM,33226.39,2023-10-04 13:13:02.254096,30.955134,75.758982
94cb77fc-5fa0-461d-bcf9-7d6eeb8003a8,81505285be6f291f,MIC-TVAX-2579,MICRO_ATM_CSP,33226.39,2023-10-04 14:11:27.578649,24.278051,86.352405
811c7ea8-725d-4ba4-9eec-938b2aee9f56,8608ca6e1438fc4b,ATM-RRJZ-6602,ATM,22150.93,2023-10-04 13:43:27.055476,23.929271,86.802854
1045f8a4-ea29-4c8d-b17a-8b83009a7236,62cfc22d05ce7763,ATM-KGQE-9569,ATM,22150.93,2023-10-04 14:01:44.434065,13.157201,80.310738
9aac0dc6-cd75-486c-a997-c7e5fe3df124,0ed49487d597b523,MIC-HNLF-6869,MICRO_ATM_CSP,22150.93,2023-10-04 13:27:13.546873,30.877962,75.824909
87b436a4-b6da-40ea-984c-b01ccf0e330f,edb30e13f1a3821d,ATM-VWIY-8379,ATM,22150.93,2023-10-04 14:32:22.783747,23.900087,86.855547
58243904-029a-456d-9865-63a40eba9a45,dbb971a3623d9970,ATM-KRXP-0847,ATM,22150.93,2023-10-04 13:47:13.707161,28.610124,77.444206
580d28ae-73fb-43e5-b004-4c1b38adb03c,5ab65182c5db6734,ATM-XFWR-6281,ATM,22150.93,2023-10-04 13:32:26.462529,13.138126,80.246529
fbedeff0-8a11-4d87-aa99-7b1d15872d5b,dcf5a7c428ffc3d2,ATM-HFIB-5329,ATM,66452.78,2023-10-04 13:31:11.102490,24.130219,86.324725
04724ca3-6949-47ef-a5eb-eed25dc269f2,d81d1683ecaac229,MIC-JOPP-5673,MICRO_ATM_CSP,66452.78,2023-10-04 13:27:57.555096,22.525796,88.341083
7b6e2fb5-61af-4015-8bda-ddb02db902c8,8608ca6e1438fc4b,ATM-FEVU-2245,ATM,66452.78,2023-10-04 14:34:51.148100,23.976556,86.820378
93530cbf-6b4c-46c9-b0cd-7ed82e120014,99a3e1da6dbb6224,MIC-DSLE-5862,MICRO_ATM_CSP,108449.81,2023-03-19 10:34:49.662945,13.024565,80.331514
5d4f4870-3148-43f9-961f-4e7b3a861cf8,a277552d9784086a,MIC-NTUJ-9837,MICRO_ATM_CSP,108449.81,2023-03-19 10:14:48.051784,23.971157,86.813191
101411bf-8b78-4f28-b7ec-ae79b3e95c85,394194a39a57bcc6,ATM-HQFV-4861,ATM,203468.44,2023-07-28 15:18:45.002570,22.550481,88.337849
916bef33-5d04-4848-84cf-022d87cc96e9,110ff49da0eee279,MIC-XZWN-0295,MICRO_ATM_CSP,203468.44,2023-07-28 15:31:56.615767,28.167403,76.97026
dc5b399f-5a88-492d-93c8-624fc1f9182a,91ff603347d3f90a,MIC-WUEN-4569,MICRO_ATM_CSP,122520.01,2023-06-18 16:55:06.258360,28.054065,77.022397
9ac82820-0756-4ea1-9462-9e7d3f562f79,72d6d07fd7cb18f0,ATM-FFDC-1932,ATM,30630.0,2023-06-18 15:36:37.341550,18.968781,72.749865
5d27ad71-7d6f-48a0-a2e3-ef5a0a653115,aac943362d1a75d3,MIC-NGWY-7193,MICRO_ATM_CSP,30630.0,2023-06-18 15:51:00.579945,28.196314,77.067447
94ed311b-38c8-4b1b-a204-e25cca2ba9ba,f1768bad6f1e3ce2,MIC-ZFJX-9496,MICRO_ATM_CSP,61260.0,2023-06-18 15:57:09.215245,19.050393,72.818518
53c5619e-a876-4dfb-845e-e6be416ec8bc,87cc051ae08428cf,ATM-PWMN-6630,ATM,22110.15,2023-12-24 21:37:16.698725,24.229911,86.277238
e2f61986-59ac-4f1a-8dda-094ba2570a07,47dbc2f354f604d2,ATM-YCUW-8030,ATM,22110.15,2023-12-24 22:18:03.098718,28.112723,77.08308
f1a4b672-f15a-41e1-9a68-bb71ff83dca0,e3af0705ba5a43fa,ATM-WHDG-5659,ATM,7370.05,2023-12-24 21:49:30.359997,13.07029,80.269821
b90e1fae-c576-4be9-b846-9d12578aad34,fad5cbcf2a4d463c,ATM-LWDP-6063,ATM,7370.05,2023-12-24 23:14:19.866557,30.91316,75.799484
796f12b4-9a34-4f46-8d9c-5ebd89e9a1d7,fad5cbcf2a4d463c,POS-CWHB-7224,POS,7370.05,2023-12-24 22:25:58.296422,30.915978,75.873615
6f13de4e-6480-4dd0-bd10-0402c9e8bcc2,523725b9cd46e00b,ATM-DGYP-3697,ATM,7370.05,2023-12-24 22:34:53.894220,28.112663,77.045518
d3dd0806-5700-4dcc-828b-651904b89313,e5f265e3ef332cfc,ATM-RZHC-9780,ATM,7370.05,2023-12-24 21:45:14.815847,13.027153,80.238734
81865d95-fc21-4dc0-a920-3d3fe78b0fd5,fad5cbcf2a4d463c,MIC-ETUL-8896,MICRO_ATM_CSP,7370.05,2023-12-24 21:52:36.421103,30.855428,75.85299
b2b68deb-bbe9-4799-bf54-a3a2a3cc0abc,6719077e3a6cd655,MIC-PUHF-3423,MICRO_ATM_CSP,362027.9,2023-10-12 01:32:13.111204,23.94969,86.787959
59462ef3-68f2-427b-930b-8caa176a5401,522a65badd42c641,ATM-BRTY-5635,ATM,50271.11,2023-01-08 04:42:14.790803,24.193669,86.263394
11743cc3-f7e2-4d50-9739-fbb1be93348f,6627778c0faccd9e,ATM-SIBD-0472,ATM,16757.04,2023-01-08 04:54:50.943115,24.230461,86.322054
b36151ee-8023-4f62-a965-d9706f5605c8,d0d470cfc4fc7e7d,ATM-TFOV-4704,ATM,16757.04,2023-01-08 04:31:49.162781,13.147171,80.278649
14f5d03e-762c-4cbc-81ee-0d5b53411363,82040f84c6d17a60,ATM-FFBC-3593,ATM,16757.04,2023-01-08 04:24:36.484672,28.542814,77.371548
ac7ce2cb-0c41-4a1f-b2cd-9002c07a4d12,a7957ee71b9f947e,ATM-FGZT-5757,ATM,25135.56,2023-01-08 04:01:39.893471,28.579334,77.37267
4b92d3d6-fa50-41b1-ab3b-34cba8ef8de5,91b86f426cd2cf59,POS-CHPO-2064,POS,25135.56,2023-01-08 05:29:47.350775,28.49679,77.367566
41625ac4-01cf-4001-9ece-46ad8e4815c7,91b86f426cd2cf59,MIC-PNES-6651,MICRO_ATM_CSP,25135.56,2023-01-08 04:14:26.081359,28.550124,77.35795
de4d0eaf-0d19-4bd8-9b99-6f38d7a49e6b,d0d470cfc4fc7e7d,ATM-HAGK-9050,ATM,25135.56,2023-01-08 04:54:52.505625,13.147338,80.366288
6973ad2d-352d-460e-9fd9-d3f4de098d66,8595d99a4d487472,ATM-RLSQ-3627,ATM,85390.76,2023-07-06 19:45:15.877618,28.455744,77.435938
12e0516a-b5b4-48c7-b3af-b545a681794b,0c7d0bd91be18aaf,ATM-QJXQ-9370,ATM,85390.76,2023-07-06 20:23:27.174649,28.07207,76.95632
3be9b74e-4b0e-4827-9c43-10f6669c25cd,dd9de6b05ff51602,MIC-QEXY-3342,MICRO_ATM_CSP,56927.18,2023-07-06 20:02:28.470902,24.173711,86.357672
59f50092-0a2b-4aa2-9429-2f45b7cb3c34,7419f0963738d159,ATM-QLGO-1865,ATM,56927.18,2023-07-06 19:55:32.272246,30.89872,75.86802
530f34f6-da0d-44da-b7f2-8e5ecea4f686,a1c22d172367ec5f,MIC-XDLV-1903,MICRO_ATM_CSP,56927.18,2023-07-06 19:55:31.475662,22.635717,88.355059
2ea5611e-da3b-41f6-b01d-5ca89a7dcd95,78cfb5c38ee21247,ATM-JHXX-7349,ATM,330656.02,2023-04-11 11:13:11.228418,23.905002,86.873065
28c6c521-f0fb-4682-9051-5c4703341b49,3690c9c1867520be,POS-SJOD-4419,POS,93568.75,2023-11-18 23:17:02.358163,13.097319,80.264439
f0637580-efb9-44e3-97e6-894b22bdf176,9fb71d78ccc4f2b1,POS-HPZG-5622,POS,93568.75,2023-11-18 22:55:31.160771,28.589384,77.417014
723841cc-26d5-472e-a4b8-7862ac3dbb85,a277552d9784086a,MIC-XWVG-4042,MICRO_ATM_CSP,69277.44,2023-08-16 09:04:31.130849,24.016194,86.847209
43a32f27-7ebd-40c5-b653-0bb51a562403,6719077e3a6cd655,MIC-QPOQ-1568,MICRO_ATM_CSP,69277.44,2023-08-16 09:13:03.390081,23.992683,86.767805
9532b5c4-d4ef-4f5c-9a26-8534c70359bd,f88d24bd0a63aea0,ATM-CAWT-9847,ATM,69277.44,2023-08-16 08:55:29.051429,30.881556,75.803701
ce275e0f-60fa-4712-89d7-7e8ec1865083,22ee0eda8c709f44,ATM-DJRC-5740,ATM,207832.31,2023-08-16 09:21:29.416302,13.120368,80.307732
215f6f7b-66d6-4401-9b60-6dbc418e62a4,edb30e13f1a3821d,ATM-JBDD-1525,ATM,15587.38,2023-05-09 07:59:30.816668,23.993826,86.829171
dec7ca70-81ae-4400-b7c5-30714ca4f831,150079c7a6c509ea,ATM-RJBQ-9515,ATM,7793.69,2023-05-09 07:53:41.317934,28.591211,77.411094
38dca2e0-adf2-4d3f-9aec-d684a37462cf,8608ca6e1438fc4b,MIC-YHWR-7031,MICRO_ATM_CSP,7793.69,2023-05-09 07:36:21.927093,23.99174,86.824703
ad03d3c6-5712-47b3-90cf-14f8094c631f,578ffffe9f15f020,ATM-NEHO-8979,ATM,20004.01,2023-04-01 13:27:02.629099,19.133126,72.904376
5c82cc12-91fa-458b-a27a-fe59e64de264,562772d2f729f0a9,MIC-WWHI-2654,MICRO_ATM_CSP,20004.01,2023-04-01 14:04:24.864243,30.888863,75.873698
2c402cdb-b967-4550-a06b-92f1cf4c3268,6e54222dc745323c,ATM-YYWM-4630,ATM,20004.01,2023-04-01 13:50:13.983584,22.588355,88.425686
1c70b00f-5f66-418b-812f-d590244b9bed,76e37cd876827e1a,POS-TJAX-4886,POS,60012.04,2023-04-01 14:11:24.440912,28.096293,77.017828
6a09ac77-0d19-4bb0-88d3-61bc2ab0ead2,15bc62bab6812a87,ATM-GPUJ-9534,ATM,5902.11,2023-06-30 17:50:30.303926,22.524049,88.368716
83a225c4-7202-4f15-ada2-4dc89b340ab8,81505285be6f291f,MIC-HWJB-8338,MICRO_ATM_CSP,5902.11,2023-06-30 18:11:37.463160,24.151209,86.421405
82c4acc6-b5bf-47b2-a42c-70a6e3381ec3,15bc62bab6812a87,ATM-LMAX-8783,ATM,11804.22,2023-06-30 18:58:11.049684,22.52271,88.387869
527f8ddf-8416-4fa8-9693-f52e21a8ca7c,15bc62bab6812a87,ATM-CWAI-9884,ATM,11804.22,2023-06-30 18:15:27.589171,22.485077,88.328578
ba3b5f01-253b-45bd-a649-5a76426aa492,78412091d3702307,POS-PXQJ-3735,POS,5902.11,2023-06-30 18:42:28.940888,28.09638,76.933961
c38906a4-4038-4298-8019-e6cb9b1fecdd,15bc62bab6812a87,MIC-RQUK-0031,MICRO_ATM_CSP,5902.11,2023-06-30 17:54:28.773948,22.536814,88.405975
e2384ee9-eeab-4311-a530-9c3386693915,15bc62bab6812a87,ATM-RHTW-0302,ATM,5902.11,2023-06-30 18:05:44.343508,22.519856,88.322403
83ac3ac7-0929-4abe-be14-ec70e76bf195,78412091d3702307,MIC-ZRRO-9161,MICRO_ATM_CSP,5902.11,2023-06-30 17:49:54.065954,28.152441,77.03804
a278f41a-c4df-4cb6-83d9-8b858eb1ed28,78412091d3702307,ATM-CEIK-1274,ATM,11804.22,2023-06-30 17:19:22.616868,28.067237,76.976542
b49e33b4-5052-45f4-bd0d-7cbcf1597bb0,026a402f7a19d725,MIC-BNWG-5357,MICRO_ATM_CSP,172134.47,2023-08-25 08:37:26.523038,23.976907,86.801311
a30f803e-4576-4dc5-bdcf-a47ce5974e7b,294291ddc1b5dcaf,ATM-ALXU-5944,ATM,172134.47,2023-08-25 09:18:40.071164,13.131805,80.27075
eb83b22e-120c-4fbd-900a-5e715153ab2f,5e7a22b24305ff3a,MIC-ZSQO-6394,MICRO_ATM_CSP,192097.53,2023-05-29 03:07:43.828732,28.201966,77.055907
862a6a1f-23fc-4d46-9f26-e1fd3ca13267,5fb01e701e601441,ATM-TXZU-1735,ATM,192097.53,2023-05-29 02:50:28.137568,22.508821,88.316769
9ca64736-9016-49de-b96f-3554d95b5d9f,9fb71d78ccc4f2b1,ATM-CULO-5153,ATM,8877.65,2023-06-03 07:55:59.533757,28.561651,77.314577
23dc1584-edb0-497a-9f58-a6e07620feec,6c95e9c4a0ba9faa,MIC-SPTI-4765,MICRO_ATM_CSP,8877.65,2023-06-03 08:33:24.091824,23.917797,86.803551
ebf7e3f6-0a00-451d-b460-05b9f8347c08,ec7e68e5d9782dd2,ATM-BUBZ-2919,ATM,8877.65,2023-06-03 08:09:06.271180,19.096898,72.812371
6b3d9972-4890-49fa-9c90-086a03b0e022,4a013702888d6ac4,ATM-RNOL-5113,ATM,26632.94,2023-06-03 07:45:52.720235,28.577965,77.416227
c7e04ec2-a419-4cc7-8d6d-9e298969ddc0,4214d918811a3778,ATM-GLGP-2508,ATM,17755.29,2023-06-03 07:52:17.553949,24.19763,86.262067
a168f0e0-99b8-46e0-9fc3-321e57b5d90e,5a2853871bbc3b2e,MIC-POYS-1578,MICRO_ATM_CSP,17755.29,2023-06-03 07:47:53.215618,28.051659,77.003082
5b74673b-9bd2-47e4-9595-83ddbdf85d4d,58332689d416f427,ATM-YMFA-6835,ATM,17755.29,2023-06-03 07:36:34.354077,28.126211,77.040929
e406b2e8-1a3e-4a14-91c9-7042dc6e868d,9fb71d78ccc4f2b1,ATM-FHGB-3355,ATM,26632.94,2023-06-03 08:47:52.648035,28.527928,77.408548
4ec62f6d-a173-43c6-b6b7-f849e1febc8b,e09de44b287780d9,POS-BOQQ-5453,POS,8877.65,2023-06-03 08:04:32.623290,30.923385,75.816006
2fc9bc05-3d26-4a8b-a291-39a6aed2256e,31c96105af812635,ATM-OSUO-0250,ATM,8877.65,2023-06-03 08:20:18.576484,23.993285,86.844729
ee031d35-4b6f-40fb-a1bf-7a6f4de1293d,735d7382bc84f337,MIC-JGDX-7142,MICRO_ATM_CSP,8877.65,2023-06-03 08:28:57.498952,19.122367,72.867285
2f250be1-6abd-4e5c-a86d-71b5969004cc,0f108ded4e10a78b,MIC-CFQN-0521,MICRO_ATM_CSP,8877.65,2023-06-03 08:20:21.531855,24.25379,86.27728
0268ac04-8ead-4157-9824-773227df4177,8b2f80b612ad4abe,ATM-ABAK-8667,ATM,8877.65,2023-06-03 07:41:11.585799,30.956389,75.820237
d5ee0eb1-33dc-4ceb-a5d5-1263529d04a1,6719077e3a6cd655,ATM-OUSS-7850,ATM,8877.65,2023-06-03 08:18:33.773766,24.015359,86.811273
5273690f-7766-4523-944e-22126244edd9,8b2f80b612ad4abe,ATM-KDXS-0632,ATM,13316.47,2023-06-03 07:52:54.359805,30.86934,75.887552
3c2e528d-025c-47f4-b1bc-0471a0f99a76,7fe57d0ff66463b7,MIC-RZAR-5918,MICRO_ATM_CSP,13316.47,2023-06-03 08:54:43.052631,22.637148,88.390104
5ce6d385-cb65-43d3-bb9e-1c7281532619,31c96105af812635,ATM-XZXZ-5172,ATM,8877.65,2023-06-03 07:49:59.581578,23.959101,86.79815
50d186a5-aa9c-4bb0-a6df-2d2f9ae7c763,8b2f80b612ad4abe,ATM-RCKA-2006,ATM,8877.65,2023-06-03 08:03:46.744605,30.875129,75.824256
9ef97d57-247b-4db8-a55f-eaece74df5b9,735d7382bc84f337,MIC-ETQE-9044,MICRO_ATM_CSP,8877.65,2023-06-03 07:30:14.225053,19.000093,72.852153
fc78c518-a3c5-4f38-938c-d41ef193ffc9,ec7e68e5d9782dd2,ATM-LDDM-7738,ATM,26632.93,2023-06-03 09:29:54.218973,19.05325,72.912441
5df958aa-cbef-4cec-949c-5c354506a771,3963b6f6f79dd7db,ATM-KIKH-9584,ATM,26632.93,2023-06-03 08:40:17.102834,28.086429,77.053429
f1e0c877-5466-4b2d-8b67-0d21f8addee8,9fb71d78ccc4f2b1,ATM-HSUD-5044,ATM,26632.93,2023-06-03 07:22:57.028914,28.574642,77.335998
39bc40f4-f15c-4c4f-8a8a-8f2f57afe4da,f1768bad6f1e3ce2,ATM-RBWN-8373,ATM,23412.53,2023-03-25 15:46:47.196637,19.122548,72.934952
305a0813-545f-4eb5-9f00-5ecf2d523b25,3da0d543bb6c4c0f,ATM-XKXT-3190,ATM,23412.53,2023-03-25 15:09:40.353308,28.48382,77.418399
fc36365e-2dd4-4e91-807f-8173d9222aa0,186923cec964032c,MIC-FVDF-8951,MICRO_ATM_CSP,11706.27,2023-03-25 15:29:50.561709,24.118295,86.258569
83c053b9-cebc-4727-b596-97a4de0094fc,99a3e1da6dbb6224,POS-BBHK-8682,POS,11706.27,2023-03-25 15:27:38.088609,13.113587,80.274925
96c93e62-520d-4cc4-9599-506ad03c70d9,c3f72c30b76aac18,MIC-DIDY-5836,MICRO_ATM_CSP,5853.14,2023-03-25 16:51:07.953842,28.587968,77.363187
14cdbbd5-0597-4cf4-9bbe-51e443d8ac9b,f0cab7fa2fa3bdf5,MIC-AFMV-3622,MICRO_ATM_CSP,5853.14,2023-03-25 15:20:58.292336,24.036917,86.782488
b84cb2ed-c3ff-4239-a16d-ee5cb272fa0e,095c1c65e3981f27,ATM-ZKTN-6361,ATM,11706.27,2023-03-25 15:58:19.672398,23.986038,86.732136
76879d33-9648-4981-abb1-815a1617c6b0,044beed55d80dc2b,ATM-WJBQ-0474,ATM,7804.18,2023-03-25 15:18:14.091143,24.177882,86.175156
19884fe6-860d-443b-a561-ebf276cd49a8,d81d1683ecaac229,ATM-ARGN-6511,ATM,7804.18,2023-03-25 16:27:14.616074,22.673822,88.23909
436750d6-5c28-4507-9ea2-83d3f095f125,99a3e1da6dbb6224,ATM-LDXG-2081,ATM,7804.18,2023-03-25 15:40:49.947152,13.020364,80.277601
f2fe651a-a188-44b3-a52b-8e7a710a9e31,3da0d543bb6c4c0f,ATM-ILUC-4997,ATM,5853.14,2023-03-25 15:14:05.958396,28.570062,77.337226
94c0db40-1182-4a71-8f28-80d650d356a4,6da47df28d1aad11,ATM-PJWI-1381,ATM,5853.14,2023-03-25 15:21:40.691062,30.911635,75.80484
9054df3d-6665-484f-84ff-073fcf97d7bd,6719077e3a6cd655,ATM-JYCA-1615,ATM,11706.27,2023-03-25 16:01:51.613004,23.98539,86.891434
04441d66-88e1-4086-8fd6-1d8a0aa33804,d3503cdd07a76e2f,ATM-UCTX-3727,ATM,6998.8,2023-02-15 15:03:38.054658,23.996476,86.875436
9f1d72de-a98a-47d0-90ab-59fb5ddad4dd,ed25b3310f976d9c,POS-HRYF-6620,POS,6998.8,2023-02-15 14:29:00.487961,24.241683,86.334425
a1d7419a-c0d8-41ef-a50f-c13e557b9619,6da47df28d1aad11,ATM-AKAT-1712,ATM,6998.8,2023-02-15 14:31:37.396880,30.892124,75.752354
2c3ba98e-f033-437a-94bd-8a0e47a331cc,400a95ae23792cbd,ATM-NUCN-9261,ATM,20996.41,2023-02-15 15:14:58.985590,28.063449,76.966486
bb793300-f5c6-4f45-b087-d25b267af882,ed25b3310f976d9c,MIC-AIUD-6088,MICRO_ATM_CSP,41992.82,2023-02-15 14:55:12.560723,24.246884,86.327537
c324526f-846f-4663-a821-e5de343cf030,d197d95e274489e7,MIC-LUPQ-7852,MICRO_ATM_CSP,13997.6,2023-02-15 14:55:34.818937,27.988159,77.01071
ea50131b-0a6d-4583-927f-4159041412ec,3fdb81fcdd99b495,ATM-UIQK-1451,ATM,4665.87,2023-02-15 14:28:17.693748,12.977945,80.261678
183eab22-52e6-4309-97d3-dc6134fc5dd2,577744147cf6f197,ATM-IWCJ-8638,ATM,4665.87,2023-02-15 14:45:47.002033,22.620686,88.389131
6767a73e-2a08-4f15-9f52-569113723886,6da47df28d1aad11,MIC-QFAK-8934,MICRO_ATM_CSP,4665.87,2023-02-15 14:50:29.310090,30.88294,75.864796
93319f73-7b7f-46f0-b408-335220bc404a,b92b6e9f899d8fd9,ATM-DMDI-9708,ATM,13997.6,2023-02-15 14:56:01.935758,22.538998,88.301673
53b4aa9f-cbad-4bda-8558-bbb2bdf36875,bbe623c9da0b733d,ATM-WNDG-9497,ATM,84331.13,2023-07-14 16:34:31.865164,24.225306,86.290989
96fc7774-ee01-479c-9acd-939a87ce6c41,001cc7c523c48f43,POS-UBUT-7118,POS,84331.13,2023-07-14 15:06:57.900344,24.236384,86.264524
a6cfd34a-b781-4f5b-a42f-589b52485be3,253c75bacf995b9c,ATM-MNSV-0326,ATM,9370.13,2023-07-14 15:02:10.230530,28.522644,77.347123
b811a457-0678-4b2c-b4bf-864f6367ed5c,4d9d93596a6dbe06,ATM-CYWP-5989,ATM,9370.13,2023-07-14 14:48:20.796870,30.891807,75.773629
0d5cd97a-8e8e-42d4-b7ca-03410bfbdbc0,b8fbafa1b8d2fdba,ATM-HSLS-1279,ATM,9370.13,2023-07-14 14:42:36.543567,24.033021,86.850801
b7dfcb33-e22e-493b-82c4-7877e4ca0566,47dbc2f354f604d2,ATM-AUCB-5861,ATM,14055.19,2023-07-14 15:18:50.508727,28.065773,77.041434
8318d873-31cd-4bd3-b1a8-d71437a10c4b,90c719afbb7ddcc0,MIC-OHZK-2834,MICRO_ATM_CSP,14055.19,2023-07-14 14:50:08.246746,19.073829,72.97843
ce74483c-59d6-437e-8630-baf3a1af461e,25e15980a34119d6,ATM-GMSY-6915,ATM,14055.19,2023-07-14 15:19:54.890663,24.280168,86.323165
0c7f30b1-c62c-492a-b94f-98c41e8a8836,a2fa3041d552b090,ATM-QFWY-4056,ATM,14055.19,2023-07-14 15:16:36.662267,28.601601,77.371931
5f6c3be6-5f16-490c-8df5-b8e327514f85,6da47df28d1aad11,ATM-UBYN-2318,ATM,14055.19,2023-07-14 14:56:54.836518,30.928188,75.831453
5c9a260c-9a09-430e-bac5-0e77ec259397,a2fa3041d552b090,ATM-ALEP-6572,ATM,14055.19,2023-07-14 16:53:03.679984,28.609411,77.340652
bbd02a93-6bf1-4dc7-81ac-1731f07745f9,96ee3133eae53f34,MIC-KKJT-1531,MICRO_ATM_CSP,14055.19,2023-07-14 15:22:26.245444,28.503476,77.412029
5a1fc235-9286-47e5-81a3-73eeb1858fea,90eba30e6ce8087e,ATM-HODR-3223,ATM,14055.19,2023-07-14 15:08:23.055469,22.533563,88.267525
4a7d6f61-f3f8-47dd-9501-f806883954a4,e2008e1b14bdb6c8,ATM-MLYS-4362,ATM,9370.13,2023-07-14 15:00:24.584087,28.586738,77.346521
ed728d1e-021e-498d-bc96-4f9bf1825506,4d3d6e8a9d6c2263,ATM-NRAU-3656,ATM,9370.13,2023-07-14 15:03:00.442769,13.025448,80.300865
f4fadc5e-e7d1-46cd-8988-cc6f40a3d5bc,7fe57d0ff66463b7,ATM-KMVC-8459,ATM,9370.13,2023-07-14 14:58:03.201628,22.551088,88.413029
7e144de9-e0bd-4258-b00a-e7db6efc8311,78412091d3702307,MIC-KJSM-5022,MICRO_ATM_CSP,6409.97,2023-07-01 00:47:24.096852,28.181768,76.958086
18aa4a9a-0974-46d8-94f5-f1b95b460847,e3ca269f60d6d65f,ATM-DOJO-7015,ATM,6409.97,2023-07-01 00:45:33.293661,13.044841,80.367821
2a625507-81eb-499e-b0c7-691afe6d8b9b,218c5d6d080619a2,MIC-YQQO-6155,MICRO_ATM_CSP,6409.97,2023-07-01 00:04:45.052710,30.923166,75.934047
3e9289e5-d932-4c57-a7ce-bf42b08505e6,7dfe46ee8d6ea258,MIC-FUDZ-8122,MICRO_ATM_CSP,6409.97,2023-07-01 00:26:16.216807,24.174619,86.341851
52c504cb-c841-4b1f-b814-2d3d4fce40a4,e5f265e3ef332cfc,MIC-XJWB-3455,MICRO_ATM_CSP,173058.1,2023-11-14 08:57:16.194620,13.043216,80.256084
d2152336-9b9f-4d46-8497-ee787758d096,cb9fa8bf15d4a4db,MIC-BYBZ-8834,MICRO_ATM_CSP,173058.1,2023-11-14 09:07:28.304836,24.106865,86.295336
030d704f-b82e-42b1-af76-e79743529129,02ae516d1d2fd9f9,MIC-FRXS-0889,MICRO_ATM_CSP,18486.84,2023-04-13 06:19:38.059315,30.955191,75.906466
2bb55c82-8238-4832-9d52-e0462b3d4298,91b86f426cd2cf59,ATM-CCFM-9389,ATM,18486.84,2023-04-13 06:08:53.123461,28.571732,77.471289
6322d670-c932-4b06-a5de-7f3f89c32af2,2e4345eca1b5a34c,ATM-XLON-3144,ATM,18486.84,2023-04-13 06:19:14.630723,28.51891,77.31251
bbc27dca-6f5e-448a-a5ff-b964993ee95c,02ae516d1d2fd9f9,ATM-IUEC-7414,ATM,55460.51,2023-04-13 06:00:05.168646,30.876942,75.885145
445915ca-9be2-47ac-a8d2-d559e6540e93,5e7a22b24305ff3a,ATM-TPER-0599,ATM,10340.34,2023-12-08 14:18:54.448043,28.064232,76.986843
0488be11-d0a3-4a33-8556-bbd9be1a8a7e,6da47df28d1aad11,ATM-BXIJ-5519,ATM,10340.34,2023-12-08 15:27:37.783544,30.936545,75.803946
e0c0ab75-4d29-448a-b8f9-b6b221fc0fd0,d197d95e274489e7,ATM-RHJP-0611,ATM,10340.34,2023-12-08 14:25:40.041142,28.135136,77.001142
15092c1e-a035-4030-8dce-bdc24b5ea271,72d6d07fd7cb18f0,ATM-GAFR-0515,ATM,31021.01,2023-12-08 14:53:56.690138,19.02402,72.892537
8075f491-259a-4a25-bbee-9be7743376a5,6da47df28d1aad11,POS-VWPQ-2528,POS,31021.01,2023-12-08 14:28:20.330707,30.897816,75.850165
40e9a07f-f038-41a4-88cb-6d8313c4409a,d3e68396d863f181,ATM-CKEF-1531,ATM,93063.04,2023-12-08 14:12:22.754787,28.036517,77.070083
78e6a04d-3b5c-42a8-98f8-1a20b00ed4da,6d15ef43c18a5e44,ATM-FOJM-9883,ATM,135854.65,2023-01-30 04:56:20.348050,19.034978,72.904656
2a5d63b8-e238-4341-b427-0c5f8c2c84bc,a85dc85b910de8fb,MIC-SIMM-2312,MICRO_ATM_CSP,3288.12,2023-02-16 21:45:07.352956,23.946197,86.772936
e46dc184-beee-4ddb-8df6-db07f525ac82,a40844e151329aea,ATM-EWWQ-1023,ATM,3288.12,2023-02-16 21:49:56.660244,24.208711,86.347502
7e03fe3e-3a6f-41cd-9f36-4fc6b957d7c7,a77e1110504ea4de,MIC-KDJQ-1483,MICRO_ATM_CSP,3288.12,2023-02-16 21:59:31.320934,24.10988,86.260205
44585c0f-3aef-401a-8e69-883f43ee3aa6,6da47df28d1aad11,ATM-XXBU-1302,ATM,4932.18,2023-02-16 22:14:55.082650,30.963464,75.855901
2bdfc6d5-1288-4fbc-8c53-b106f3cddc6b,18054a93ec8f02eb,POS-KVYX-1841,POS,4932.18,2023-02-16 22:10:24.947012,13.122358,80.337388
5585a94a-c5e2-4580-9a05-d118c565849b,3c231657faa5d04d,MIC-UDOX-6929,MICRO_ATM_CSP,3288.12,2023-02-16 21:54:40.853695,28.52299,77.335406
509a2b1e-4fa4-4113-b42f-54d810d3309d,87cc051ae08428cf,ATM-RXDU-4510,ATM,3288.12,2023-02-16 22:54:02.916635,24.101431,86.35757
091b2fdd-69c7-4398-b0a8-fbb7b47d7ce3,577744147cf6f197,ATM-OIQL-9987,ATM,3288.12,2023-02-16 22:19:51.546979,22.589221,88.337594
94192e03-dfc1-4483-8b41-a944668d2f55,30bc88d810aef42b,MIC-BQBU-0113,MICRO_ATM_CSP,3288.12,2023-02-16 22:34:02.003935,28.555438,77.366647
78063a41-9637-4410-b59f-7084c3d98d2c,6da47df28d1aad11,ATM-WCDM-7553,ATM,3288.12,2023-02-16 22:09:48.536132,30.941502,75.854371
6cd9a89e-76cb-4309-b53a-f3bae8ba8f0f,3c231657faa5d04d,ATM-CQRM-5477,ATM,3288.12,2023-02-16 23:21:47.118344,28.488831,77.42095
f27f6add-3867-41d5-8156-7b1565ef5222,6da47df28d1aad11,POS-HHFF-3890,POS,136293.76,2023-07-21 01:40:31.223457,30.95104,75.820902
008c2dbc-4fa5-4a3c-92d1-84fd697dac65,0004a1a3a12705a4,ATM-FDOM-1471,ATM,136293.76,2023-07-21 03:01:28.220902,19.059611,72.850958
8698b8c8-01f2-44f5-8fb8-7925d5704294,a34fc46ca7398755,ATM-RVZD-0338,ATM,9060.02,2023-09-30 03:52:06.426774,28.138118,77.04206
6d1f59f4-3027-402f-8d49-379db777e5a5,0f402318041204af,MIC-JLYI-3916,MICRO_ATM_CSP,9060.02,2023-09-30 04:05:07.525028,24.145983,86.337743
169c8be4-fb35-430a-ab9b-922d5622cf5d,151d8260d0e8560e,ATM-TPIP-2490,ATM,9060.02,2023-09-30 04:57:10.338638,28.553384,77.39187
674fc001-ad8a-4f03-90ce-f138f37e690d,fd6124470dc27ee8,ATM-QGKV-6309,ATM,27180.06,2023-09-30 05:23:52.289409,28.125762,77.130504
e4009c65-357b-478f-ba2b-730e70a876a8,6da47df28d1aad11,MIC-QUEH-2299,MICRO_ATM_CSP,3467.97,2023-07-10 19:13:31.895880,30.897298,75.925903
353dc3c6-ff52-4819-b5e8-22dc696d07b7,b54aa42950315b45,ATM-AGLG-7529,ATM,3467.97,2023-07-10 19:10:33.177969,30.860081,75.820746
d7c65a6b-bde0-44f6-b6fc-15dc5d920560,0f3e1c23ab2acd64,POS-HXJP-2509,POS,3467.97,2023-07-10 19:02:35.062163,19.043073,72.917231
295f699e-7a56-466d-b6ad-b951fc137535,a7d3dd3cb0ab4de4,ATM-HEPM-6583,ATM,10403.9,2023-07-10 19:58:29.102792,24.240907,86.204988
91a35189-0dc9-4fa3-bd3e-972a511e2c20,c08d00055da1c6f6,ATM-MBYC-9277,ATM,10403.9,2023-07-10 19:18:37.365162,28.091904,77.120383
4b06d234-3520-4aa4-b6ff-89d0d6bcb7bd,22ee0eda8c709f44,ATM-MOOY-4693,ATM,7802.92,2023-07-10 19:37:44.564547,13.077957,80.220686
42fbc844-c1b6-4b02-9476-8378970775ae,c08d00055da1c6f6,ATM-METR-2618,ATM,7802.92,2023-07-10 19:24:08.918289,28.190439,76.980874
fec654df-8902-4a4b-99b6-b5a6232a6a5b,1a5374909c292cdd,ATM-QOQQ-0751,ATM,15605.85,2023-07-10 19:32:53.308315,28.025706,77.047322
958c3cd8-5d29-4d3f-a99a-d49802c7f6d9,294291ddc1b5dcaf,ATM-UWXV-8630,ATM,15605.85,2023-07-10 19:12:25.217256,13.013193,80.279837
5fb97834-e6fd-4af8-a663-62cfce7bfade,22ee0eda8c709f44,POS-VIMW-3282,POS,7802.92,2023-07-10 20:07:11.978054,13.085807,80.246527
3e69cbf8-6f02-4d60-a2fd-9a432b857be0,6da47df28d1aad11,MIC-HWRA-7151,MICRO_ATM_CSP,7802.92,2023-07-10 19:02:07.855886,30.776788,75.888749
600b41d5-1f5a-470b-bf18-98bd538d925c,25b04eca97925f46,ATM-BXYM-4213,ATM,15605.85,2023-07-10 19:35:45.533272,24.098284,86.331528
db0dbcc1-79cc-462e-bccb-741e6a644660,7a10f6d97500d049,MIC-CBOO-2657,MICRO_ATM_CSP,15605.85,2023-07-10 20:00:31.670533,23.899609,86.89287
4feb70be-aafc-42d7-823a-d388eb4fb446,0766e1d476d3074f,ATM-ODNX-3761,ATM,5201.95,2023-07-10 19:15:11.594502,28.530429,77.380049
ce303954-659e-49cb-b397-f8f266bf1bde,9fd752d9d0ccdbb9,ATM-STUI-6795,ATM,5201.95,2023-07-10 18:54:47.817047,23.935366,86.782391
22797dec-2271-49d2-9572-c4451218f28d,087d1b274c895998,MIC-GPKO-5547,MICRO_ATM_CSP,5201.95,2023-07-10 20:19:32.370539,22.611909,88.341622
543375b0-e40c-417b-a282-1c310e68e654,98768ceed9627cfa,ATM-KHMI-7507,ATM,7802.92,2023-07-10 20:17:19.700174,23.98812,86.810314
460f56b1-8ebb-4b4c-b323-7117dcc415a8,a7582a5b632b9fbb,ATM-DDUY-2031,ATM,7802.92,2023-07-10 19:07:04.740148,28.144281,77.053023
6a02ee3f-9654-41b7-bcb6-d254fa8049c1,bf37d8c9ea7f02f5,MIC-SYTZ-2400,MICRO_ATM_CSP,31211.7,2023-07-10 19:03:09.637553,24.196117,86.295865
2db74891-abb4-431c-84d4-1298f752e02b,d552f8b748533a3f,POS-JJXZ-5416,POS,7593.92,2023-04-14 15:27:37.031028,28.455694,77.445643
10d9624d-aa1a-4eb4-a61d-408dbaf82bd0,edd7f754af7e28c4,ATM-KIXT-4645,ATM,7593.92,2023-04-14 15:57:30.275755,23.991327,86.86301
b86e8f87-2254-4942-80dd-c5989dd7152e,a40844e151329aea,MIC-LHLW-6976,MICRO_ATM_CSP,1687.54,2023-04-14 14:56:52.633130,24.219268,86.275934
6878c089-18ed-4059-b002-82f3e1bad484,ba703db5e0293b48,ATM-CKDT-7092,ATM,1687.54,2023-04-14 15:06:59.307143,22.541356,88.437041
1476b0b4-db17-45dd-a75e-663005d7fec7,99a3e1da6dbb6224,ATM-VRDN-0834,ATM,1687.54,2023-04-14 15:13:38.019898,13.02091,80.396827
4876b038-6b7b-440f-9a8b-623188035b74,186923cec964032c,ATM-QITE-3246,ATM,5062.62,2023-04-14 14:55:52.212706,24.22496,86.260556
3d03f5ba-b3b6-409c-b815-bd74c344065c,3da0d543bb6c4c0f,ATM-VMOE-9978,ATM,2531.31,2023-04-14 16:39:45.028712,28.476861,77.393503
bc8bae3d-2799-4445-b251-f55dbca24eee,cb2c0cd8e1ad8e96,ATM-QIMZ-1846,ATM,2531.31,2023-04-14 15:14:43.960276,30.926948,75.892051
19414f0c-1e46-447d-9acf-e9186f7401d5,7dfe46ee8d6ea258,ATM-FYZB-2962,ATM,4148.26,2023-05-21 05:18:39.679314,24.230353,86.255025
ef6b5526-e21f-48c5-8453-f44195d15916,488c8c92e7abac83,ATM-WAYZ-1779,ATM,4148.26,2023-05-21 05:29:59.205537,28.530846,77.458936
4a62153a-078e-4856-9bb3-2de568026f87,218c5d6d080619a2,ATM-LIHB-2873,ATM,4148.26,2023-05-21 06:03:23.917770,30.860404,75.85053
85ef6cbe-86d5-4728-b91e-fd1ee6060d2b,e2f19358960dc1b8,ATM-MEDK-8578,ATM,1970.42,2023-05-21 06:07:09.095764,28.450472,77.395146
d8a4fc92-b952-49a9-9608-e4169611e2c4,3595b10f9139f7f5,ATM-TIHO-1538,ATM,1970.42,2023-05-21 05:46:28.640526,28.559632,77.342485
7422fe65-c50b-400b-8cc9-b3b59db2a00a,ed25b3310f976d9c,MIC-ETSP-8225,MICRO_ATM_CSP,1970.42,2023-05-21 06:04:22.161120,24.158519,86.262492
923047cd-6a42-42b6-a5b9-25657ecc9490,30e3b2726849cf25,MIC-LGVQ-8194,MICRO_ATM_CSP,2955.64,2023-05-21 06:03:30.647400,28.522917,77.439923
c108740c-02f1-4ba3-9752-ecc2ec3b7ace,25b04eca97925f46,ATM-DNRS-4378,ATM,2955.64,2023-05-21 06:13:53.833526,24.143549,86.341376
a3e404e8-4389-40db-96c7-acb044b0c4b5,3a84fdc33508e322,ATM-AVIN-1328,ATM,1970.42,2023-05-21 05:55:38.651526,19.113585,72.938053
509affda-c1a0-4942-ab99-374f9c788d67,6719077e3a6cd655,ATM-XPDD-8894,ATM,1970.42,2023-05-21 05:39:02.010376,23.964291,86.825548
2c1d5836-703e-46e8-ab50-8ada8505d6b5,fbf4e2a2689a0699,ATM-QTRI-6065,ATM,1970.42,2023-05-21 05:45:51.105310,23.949734,86.848691
890d5782-64d0-4ae0-a2e7-3a3f7d1e85a1,8b2f80b612ad4abe,ATM-TWAS-5969,ATM,2955.64,2023-05-21 05:27:08.060494,30.821179,75.827424
0a6790a6-f14a-4384-8be8-33a2bd632a24,c527c012113fa811,ATM-OIJU-4018,ATM,2955.64,2023-05-21 05:27:51.667607,24.205792,86.336921
89c2ee05-d036-4fe5-bba6-f9964357aad2,25b04eca97925f46,ATM-VBNM-1768,ATM,5911.27,2023-05-21 05:24:38.934864,24.297873,86.298168
f5fca08c-5417-4caf-89a1-793cee9f707d,f2096f718ea48500,ATM-MRHX-3076,ATM,5911.27,2023-05-21 06:31:55.260571,24.232247,86.313502
7d519767-2cfd-4d25-b513-41a7ba8f4316,38a341c387bf6b0b,ATM-KFRX-4774,ATM,2955.64,2023-05-21 06:26:25.990141,28.072899,77.037291
adf6c942-c14e-4efe-92c1-11cc099e98ec,25b04eca97925f46,ATM-EPQI-4109,ATM,2955.64,2023-05-21 05:38:33.733889,24.209727,86.282744
d657f3e2-fd79-4e50-87b1-e71df9a39c97,1b753779d07e2b97,MIC-ERUE-5931,MICRO_ATM_CSP,1970.42,2023-05-21 05:36:46.903779,28.531907,77.388929
be599245-ec7d-4255-9e01-6a028204bb74,30e3b2726849cf25,ATM-QFUI-1999,ATM,1970.42,2023-05-21 06:52:29.434606,28.530612,77.463804
f6d25060-052a-4847-803e-bbdc294443ed,91ff603347d3f90a,ATM-QVTC-6941,ATM,1970.42,2023-05-21 05:26:40.393860,28.115234,76.963229
24865661-cb41-4223-a357-7521d1e3208c,f35940835bdb022f,ATM-WTBN-5862,ATM,5911.27,2023-05-21 05:17:28.194752,24.140162,86.301313
3ca58d14-1ab2-4136-9c83-81cc0586f9e2,9c933ed3540d2b7d,POS-YWNJ-4039,POS,5911.27,2023-05-21 05:18:26.756172,13.096334,80.262016
233c1995-e055-49f8-9ded-71db7ff6db89,6da47df28d1aad11,ATM-YZWF-3124,ATM,22110.07,2023-03-04 16:39:03.065101,30.859157,75.830989
bb8f8c2f-db9f-4b05-9009-91641a513e62,30bc88d810aef42b,MIC-MPGY-1063,MICRO_ATM_CSP,11055.04,2023-03-04 16:54:31.963375,28.504094,77.410069
48cfcd52-f016-424a-a460-feb7f67755f9,6da47df28d1aad11,MIC-OCKG-4191,MICRO_ATM_CSP,11055.04,2023-03-04 17:21:29.400325,30.861632,75.900855
e88df135-eac0-4d6a-95b2-01b6502bf687,577744147cf6f197,MIC-LAQV-5743,MICRO_ATM_CSP,22110.07,2023-03-04 16:54:41.451948,22.651026,88.308789
d7702dd2-73d3-4984-9604-42413053456d,6da47df28d1aad11,ATM-STES-7457,ATM,33165.1,2023-03-04 16:47:16.818952,30.835582,75.88113
19ab24e3-d48a-4e2f-abe2-a0478577b9fb,3c231657faa5d04d,MIC-RUZA-7622,MICRO_ATM_CSP,33165.1,2023-03-04 17:17:34.755683,28.511757,77.513453
d1f2cf20-3679-4051-a94c-b5ce814b52e3,2c44e83fabfdabca,ATM-ZJJW-0866,ATM,215754.68,2023-09-28 04:09:59.590146,23.935218,86.839388
726cf0e2-3620-4a1f-9eda-ffbb03eae927,f8e2a6843d0b843b,ATM-KWOT-2984,ATM,215754.68,2023-09-28 03:52:01.576286,30.876082,75.866559
ff5c8003-e291-4159-9442-d3a1e16c7225,87cc051ae08428cf,MIC-VUCQ-9828,MICRO_ATM_CSP,43088.02,2023-12-05 12:31:56.555713,24.198353,86.304914
36100889-a0cb-4d3b-a814-50c25c0edcbd,d360483171622837,POS-ULBX-8311,POS,43088.02,2023-12-05 12:01:08.466672,22.665496,88.337006
bee19730-6bf1-4b1b-8bbd-d163dde17609,3dcd069dfca35470,ATM-YHFO-9849,ATM,28725.35,2023-12-05 11:19:27.603131,13.147747,80.301224
a3cd366c-0627-42df-8727-20e616706cb0,85325f4fb0095b84,MIC-UPVQ-2702,MICRO_ATM_CSP,28725.35,2023-12-05 12:05:57.208273,28.513561,77.334786
44bdad00-804e-46c3-8d2b-daca875ce892,d552f8b748533a3f,ATM-PJMB-4070,ATM,28725.35,2023-12-05 11:10:27.979111,28.567201,77.386978
a5010274-ea8a-487a-810c-594065e3ee3b,3e44a84deba706e5,ATM-SRZW-4836,ATM,57450.69,2023-12-05 11:23:40.915110,24.019435,86.735297
769eab83-64ba-45ac-94f6-b69cfff699ca,7ed13f42d8359663,ATM-BCBD-3382,ATM,28725.34,2023-12-05 11:38:54.090335,22.528812,88.299614
d0c3ed14-42ad-4647-82ad-840c3c589727,801c737176bab764,MIC-BSFG-2003,MICRO_ATM_CSP,28725.34,2023-12-05 11:41:39.368878,30.954006,75.908613
2a5dc013-e994-4200-ac82-04d9e31f8e3c,3dcd069dfca35470,ATM-HTDB-8535,ATM,57450.69,2023-12-05 12:07:22.671142,13.03603,80.299844
1f5549fd-6b90-4554-9073-a208b939a311,45d630ed37506629,MIC-XGMD-3394,MICRO_ATM_CSP,34569.88,2023-08-04 18:33:07.626059,22.58627,88.344764
5be1ecad-0b96-44b4-b00f-67e2516e84d7,026a402f7a19d725,MIC-VHDH-9716,MICRO_ATM_CSP,34569.88,2023-08-04 18:38:57.583824,24.034578,86.839172
db4914f1-807b-496f-9685-9c19617c9ea6,400a95ae23792cbd,POS-YJLS-1074,POS,69139.76,2023-08-04 18:47:31.910801,28.069396,76.991345
ba4d7cf9-68f6-4bc6-969c-a2619ae0d865,39647341f69d4904,MIC-QZOB-5081,MICRO_ATM_CSP,23046.59,2023-08-04 18:36:06.289929,28.592495,77.38692
052e91f4-539d-44d6-8f3a-c5d99e4736e1,ee953cbc6fe1c738,ATM-WKWF-6437,ATM,23046.59,2023-08-04 18:17:38.266243,30.791417,75.896399
6e347e0d-5a02-487c-823d-2efd4a2fe737,a40844e151329aea,MIC-UTYF-5774,MICRO_ATM_CSP,23046.59,2023-08-04 19:00:03.747815,24.123297,86.28557
0a3f9e6c-6a2f-4cae-bcdd-9fe92e610bb3,7f8ba2c0a09c55cf,ATM-VVPI-3106,ATM,103709.64,2023-08-04 19:02:30.277980,13.111519,80.237889
2a61d315-672c-45b4-b87e-7e7a3523cf01,5308e86f6edbf7ed,ATM-WZFB-2399,ATM,103709.64,2023-08-04 19:49:37.454838,28.173325,77.012263
4d1d0f77-c535-4429-911b-00fa19cd97f2,c3f72c30b76aac18,ATM-NWPK-9281,ATM,114019.4,2023-07-12 04:37:52.444741,28.511712,77.454429
55e2bce6-2cd4-48a6-ac0a-8e96b26ca90c,cafd7e8e5e09f087,ATM-GYQY-2558,ATM,114019.4,2023-07-12 04:50:54.881328,24.232963,86.219737
e97a15d2-25d4-4b32-bf74-b8935fc3f27c,e443efdf9bae5f0d,ATM-SXKZ-2158,ATM,114019.4,2023-07-12 04:44:32.467903,28.099581,77.062372
ff6140b2-e051-456e-80a5-e267c4c31996,91ff603347d3f90a,MIC-CNEF-6459,MICRO_ATM_CSP,12257.02,2023-07-23 16:46:07.524634,28.137535,76.962229
2e4a1afc-8cf3-45ab-bd71-8540caf09c9e,aac943362d1a75d3,ATM-YYHI-2956,ATM,12257.02,2023-07-23 16:29:31.953851,28.102157,77.042841
1b46763e-e702-4152-8c5f-e92a4a930fd3,2caa43907a3f59bb,MIC-CTPU-4891,MICRO_ATM_CSP,12257.02,2023-07-23 16:31:43.158727,28.53036,77.346181
e959b4dd-8e57-45a0-a3ac-d41ff2fc7d81,aac943362d1a75d3,ATM-YZGL-8551,ATM,12257.02,2023-07-23 16:29:50.328804,28.172105,76.99003
a1a9dc0e-e500-48a4-85d0-9f502778e392,bfd8d67e331c6de1,ATM-XRRY-9185,ATM,12257.02,2023-07-23 16:23:04.740376,30.94735,75.846722
01228a05-c701-4831-b1e6-3f92d5e28901,6da47df28d1aad11,ATM-ZKZG-6894,ATM,12257.02,2023-07-23 16:17:52.242114,30.889293,75.837272
7b2aeae9-74b5-4ab5-8309-fcbedebd5c6e,a2fa3041d552b090,MIC-HOLQ-0713,MICRO_ATM_CSP,36771.07,2023-07-23 16:32:13.359502,28.649417,77.330872
ee019d4d-fb41-4014-86d7-95f9a9b02162,cb2c0cd8e1ad8e96,MIC-HQBX-5399,MICRO_ATM_CSP,18385.54,2023-07-23 16:12:11.205489,30.923873,75.867682
a807e1e2-cd6e-410e-aeb8-63b0b0e0247e,6719077e3a6cd655,ATM-GMGD-5753,ATM,18385.54,2023-07-23 17:04:51.652723,23.985505,86.745216
1f2fc0e2-d98b-4cb2-a509-f65cac507c8e,3da0d543bb6c4c0f,ATM-URZR-0030,ATM,18385.54,2023-07-23 16:32:16.359628,28.572001,77.335087
1fcb7b34-76f1-45e3-aa0f-4d5bebf07b32,cafd7e8e5e09f087,ATM-MZUA-3205,ATM,55156.61,2023-07-23 16:23:49.103870,24.267814,86.246615
6ecd73b1-b778-42f2-9fbe-eb62d474e16e,6719077e3a6cd655,ATM-DSAU-9455,ATM,18385.54,2023-07-23 16:26:24.624784,23.948858,86.806978
4c023a8a-1920-4c92-b653-82bbc6802632,a2bbd14a2f29203e,ATM-YBFU-4059,ATM,18385.54,2023-07-23 16:51:10.561379,24.001281,86.876449
e681d5df-4b6e-46a4-8be5-a68c94b403d1,4d615301bf0f358a,ATM-JRUL-6464,ATM,18385.54,2023-07-23 16:14:59.381410,30.932227,75.869979
fc83cb9a-4aa2-4118-9bd3-9e0e8a7a1444,6719077e3a6cd655,MIC-PMBP-4710,MICRO_ATM_CSP,18385.54,2023-07-23 16:19:26.272958,24.033935,86.889678
f9849a8f-4920-4b18-9467-728a8db73aff,6719077e3a6cd655,MIC-TOXH-2022,MICRO_ATM_CSP,12257.02,2023-07-23 16:13:01.880169,23.987064,86.852499
5e89db42-7cc3-4f6f-8e8a-bc3885d241b2,3a84fdc33508e322,ATM-GTZM-9540,ATM,12257.02,2023-07-23 16:26:42.775038,19.072565,72.990922
cb5918c4-e124-4afd-894e-ba2c267ecd3a,fbf4e2a2689a0699,ATM-UTGY-6427,ATM,12257.02,2023-07-23 16:19:23.333510,23.93175,86.835921
681480d9-d4a2-47a4-9fab-fc75c1313036,25b04eca97925f46,MIC-HRXK-5456,MICRO_ATM_CSP,23335.31,2023-05-31 02:40:50.896169,24.204539,86.221321
7ba4227a-ddb0-4c83-98f1-d210876bd725,a8db324facfdb708,ATM-TFDU-6729,ATM,23335.31,2023-05-31 02:25:56.070331,28.508909,77.360162
b208264d-511c-40e9-9b87-76a5dfca0a2a,774f92e6569462f3,ATM-WIDO-0363,ATM,15556.87,2023-05-31 02:09:41.367261,28.547783,77.41852
e255ee1c-b184-43e8-9a56-b5cda374cbda,8f21d510590ce4b1,MIC-NLTC-2125,MICRO_ATM_CSP,15556.87,2023-05-31 02:30:07.793081,19.151037,72.837153
5ab95a23-a1dc-42e5-9e2d-8ca01df7962a,1b31c8b8b88df13f,ATM-KORM-7074,ATM,15556.87,2023-05-31 03:02:20.794997,28.528625,77.336301
59683d14-a539-456f-9b6f-420dae8ebb7c,9c39fecd110d5cad,ATM-XXNN-2924,ATM,15556.87,2023-05-31 02:14:52.826070,13.034801,80.317091
bcd172d0-6f93-4f92-bdb4-d2cadb2165a5,1b31c8b8b88df13f,MIC-UEFM-7311,MICRO_ATM_CSP,15556.87,2023-05-31 02:14:59.865304,28.603876,77.316735
4e71ce50-66b2-46af-8d0e-e0d5c1326fc6,460c3af32119dbe0,MIC-PNUH-7433,MICRO_ATM_CSP,15556.87,2023-05-31 02:15:00.690877,30.916526,75.912375
c58bbeaa-3c8c-45c5-9d7d-1c5a943fd9e9,78a973ba4ad6b938,ATM-WMBR-5071,ATM,3420.25,2023-04-24 16:26:54.059717,28.15125,77.050802
0a5c2464-19fd-43db-b847-ee076a1eb217,7a25be9714d338c3,ATM-ZSVF-7290,ATM,3420.25,2023-04-24 16:06:52.216299,28.61155,77.419689
5c72bef5-5e25-4b21-876e-f2f174e62aff,2c66670eaef4dee4,ATM-LWLP-3748,ATM,2280.16,2023-04-24 16:19:45.282775,30.860243,75.852759
9805c433-f71c-4938-9f8f-ba4e72880d52,91ff603347d3f90a,ATM-ZPIT-6351,ATM,2280.16,2023-04-24 16:14:55.250149,28.111111,76.92962
f4464374-a511-4467-a44f-c7f9cc12b688,78412091d3702307,ATM-RTQA-7593,ATM,2280.16,2023-04-24 16:08:23.909191,28.126325,77.053444
8bdbfcb5-2f31-438d-9d1c-24c7d13e4b31,f716e35638c3dd12,POS-OMHV-0244,POS,21555.01,2023-05-04 01:26:53.497501,22.626108,88.351444
3b9a01a0-0ba1-47a1-a567-b4de729da696,77323791caaf34e8,POS-KSJI-8768,POS,21555.01,2023-05-04 01:10:32.937908,28.603934,77.409292
2642b50a-cdab-4497-adb4-437a9bd0ff62,25b04eca97925f46,ATM-YWYQ-2587,ATM,21555.01,2023-05-04 01:08:40.495763,24.131385,86.345059
0433ae53-c6c3-48df-8130-3f46e1689077,25b04eca97925f46,ATM-NSLU-4950,ATM,21555.01,2023-05-04 03:21:06.962039,24.240076,86.318595
6b68fe16-860c-4aca-a32d-042d529c460f,a069a748d2be8bed,MIC-HAKM-2197,MICRO_ATM_CSP,28740.01,2023-05-04 01:53:30.988789,22.547819,88.403471
d2f7177b-0aec-40b8-abda-703544b1628d,e5f265e3ef332cfc,MIC-MWLP-7336,MICRO_ATM_CSP,28740.01,2023-05-04 01:48:01.142363,13.027311,80.291126
5c2ae306-daf7-4a72-bb27-ac1c1f2b5d09,dbb971a3623d9970,ATM-CNHK-9896,ATM,28740.01,2023-05-04 01:30:53.195444,28.553451,77.394873
4d94d68d-9a16-41b6-887b-5514f1a996e3,ce42adff5fb0bcc0,ATM-BAIS-5965,ATM,69198.59,2023-04-07 05:17:25.286391,24.217113,86.330712
7b736faf-919b-4c20-8902-9f26bc582a6f,308677e52b368b05,ATM-BTFN-9039,ATM,69198.59,2023-04-07 05:41:55.555569,19.022693,72.744674
0ebf4197-4faa-468e-ac31-c01c653d6f1f,30bc88d810aef42b,MIC-FMGM-0752,MICRO_ATM_CSP,69198.59,2023-04-07 05:38:29.397688,28.513693,77.363394
0b44b4df-a22e-4407-bc17-c6ca09b097eb,a40844e151329aea,ATM-OIQK-8702,ATM,69198.59,2023-04-07 05:07:51.097423,24.245312,86.255363
906a8830-52c0-4d5e-a1f4-fa295c601cd6,095c1c65e3981f27,ATM-DATN-7030,ATM,8512.15,2023-02-28 01:50:57.190728,23.925619,86.725193
695396f3-8385-413d-b781-f545d95206b4,9ee7cac59a162040,ATM-YMMN-8321,ATM,8512.15,2023-02-28 01:52:16.448379,23.977001,86.798334
154a9d5d-378d-403b-8a2b-1b8d3c9f6e51,400a95ae23792cbd,ATM-CDKP-4719,ATM,8512.15,2023-02-28 01:45:50.714063,28.081923,76.990272
d2e70512-1ab3-4ee2-b792-2a5905df3294,095c1c65e3981f27,ATM-BDCN-9804,ATM,8512.15,2023-02-28 01:17:01.988080,24.026871,86.753811
96d3c7f2-eebe-41fa-9b33-e8a7571f728e,4933000996e6a77b,ATM-YUJP-5806,ATM,45700.7,2023-10-16 12:57:42.072284,30.898934,75.849111
f2a2355b-e8e5-46c5-842f-9f03a5af9e09,95602c880bb923a0,MIC-HSBE-3421,MICRO_ATM_CSP,45700.7,2023-10-16 12:43:38.996619,24.204901,86.301289
2df9d2f0-6df0-4fdd-820b-51500cdf91e3,96739c6dc7f02b5f,MIC-LGQB-9987,MICRO_ATM_CSP,45700.7,2023-10-16 13:07:30.135844,30.871147,75.859354
bc14919f-0c39-4724-9ad9-4ed3aa7c893b,95602c880bb923a0,POS-DKPY-0258,POS,45700.7,2023-10-16 13:52:32.956627,24.162608,86.316835
881911b5-3966-4a23-b19f-f10e60998f9b,6da47df28d1aad11,ATM-BERJ-6065,ATM,45700.7,2023-10-16 12:44:43.590287,30.827924,75.86209
1ad8c19d-611f-480b-95ba-57011618eb7a,6719077e3a6cd655,MIC-LBXW-8533,MICRO_ATM_CSP,45700.7,2023-10-16 12:56:07.457297,23.981775,86.791716
7f9cfa58-9346-485a-b5d3-1631ee8a500a,394194a39a57bcc6,POS-HALF-5729,POS,210604.81,2023-05-08 21:58:28.197891,22.52904,88.355456
20b15895-7a9a-4d3b-a819-de0649b5021d,3c0b67ba74cbafec,ATM-BLWF-3071,ATM,125634.55,2023-08-06 09:50:11.932126,28.496778,77.368915
d9a66904-f0bd-4446-98d2-b02d0ed5b5d5,83b82ffcea8b671a,ATM-WQBS-1131,ATM,125634.55,2023-08-06 10:00:20.271816,24.023995,86.817601
90806094-5923-478d-a387-e449dfa00630,e15635324afef7f6,MIC-LVJC-8072,MICRO_ATM_CSP,291352.18,2023-03-23 19:53:17.759107,28.559436,77.276635
e1304da3-9ec7-4a74-9dde-c78cc59e3b96,98768ceed9627cfa,ATM-VTZT-3392,ATM,28437.17,2023-12-11 02:48:47.920968,24.026496,86.689699
88650fbb-ee1a-4ad3-9c3e-0357f1beaf92,6da47df28d1aad11,MIC-DSHT-6641,MICRO_ATM_CSP,28437.17,2023-12-11 03:05:57.474240,30.883468,75.87995
44b68a48-1a1e-483d-9228-7b95cc25b19a,98768ceed9627cfa,ATM-DFQP-6943,ATM,18958.11,2023-12-11 02:52:10.464688,23.983004,86.782513
530b5e42-f049-41a4-ad9e-c318830241e6,31454f88f1830f51,MIC-IIBP-0272,MICRO_ATM_CSP,18958.11,2023-12-11 02:35:59.562978,28.140091,77.068296
b47084aa-4240-4902-9ea4-5acaf63376cf,8595d99a4d487472,ATM-DVFN-2560,ATM,18958.11,2023-12-11 02:45:19.305481,28.571464,77.37889
e4bd3a7a-f820-48b1-b397-987d2ea4e349,98768ceed9627cfa,ATM-WHOR-1854,ATM,18958.11,2023-12-11 03:02:32.113247,23.95549,86.850747
f1027dec-69d4-45c7-b5cc-d3790e18a3ed,8595d99a4d487472,ATM-RHZH-1101,ATM,18958.11,2023-12-11 03:34:08.258767,28.523141,77.425936
56c864a6-4483-4236-a3ff-274e47a4f451,31454f88f1830f51,ATM-SSVV-8744,ATM,18958.11,2023-12-11 04:17:46.719383,28.020004,77.017586
63a83482-321e-4526-bb18-ad292c76f85b,31454f88f1830f51,ATM-SOBC-5310,ATM,56874.34,2023-12-11 03:17:13.148829,28.074213,76.937265
9bf979f0-80d6-4adf-8b5a-eb5a1a4cc4e7,6da47df28d1aad11,MIC-GPEQ-0340,MICRO_ATM_CSP,20602.38,2023-01-22 11:33:33.392982,30.883891,75.833006
b34e7d06-cf8f-4067-9ee5-b3b2b34d57ec,2bc3bef98dc93ad5,MIC-TQEB-2468,MICRO_ATM_CSP,20602.38,2023-01-22 11:56:06.653911,24.235353,86.345307
cfe4efc9-ffb5-4a2f-8c1e-f6e7331f7f9e,f2096f718ea48500,MIC-MMFM-5858,MICRO_ATM_CSP,20602.38,2023-01-22 11:40:29.844240,24.245702,86.278368
7407b4c7-0ef4-40ba-b7fd-a70052119d2f,dbb971a3623d9970,ATM-HYZH-5301,ATM,20602.38,2023-01-22 11:38:42.299570,28.467871,77.369313
e9711bbb-8ccf-48b6-bcfb-13a00bac37fb,392ff47fb759eb21,MIC-PJMI-2401,MICRO_ATM_CSP,13734.92,2023-01-22 11:28:53.139988,28.527551,77.417629
3947fef8-122a-4ae5-9209-c0c84e4a4805,4346536ee04363c3,MIC-GLSW-5120,MICRO_ATM_CSP,13734.92,2023-01-22 11:19:16.308460,22.597078,88.384023
c5c86e39-7ebb-4f2b-a205-5034efa688e8,91ff603347d3f90a,ATM-EDMN-8176,ATM,13734.92,2023-01-22 12:20:59.182880,28.160343,77.026139
265d31d9-539c-4f97-a112-3a19eb5d0c88,9c933ed3540d2b7d,MIC-IDVF-9203,MICRO_ATM_CSP,13734.92,2023-01-22 11:11:16.451613,13.043229,80.281244
6c4bfbeb-d703-4bbb-9602-6280c174ad41,5eb59abc9c970d06,MIC-FQDU-9628,MICRO_ATM_CSP,27469.84,2023-01-22 11:38:24.597257,28.568983,77.441372
29008f77-8ca9-4233-b639-db26d0c0d8b9,c293589cea3b5636,MIC-EJTG-1346,MICRO_ATM_CSP,13734.92,2023-01-22 11:24:48.182761,23.96781,86.819716
a1e34124-ce9e-4be8-8f6e-d7b5d13fb236,9ad82182ead0fba7,ATM-HRWF-8083,ATM,13734.92,2023-01-22 11:39:14.504789,28.533577,77.41609
a20f78bd-a611-4105-b5d3-032adc2e28df,2a17b5795aadef18,MIC-SOHS-3016,MICRO_ATM_CSP,13734.92,2023-01-22 11:31:06.262784,24.02727,86.856919
24731877-8ab2-452d-8c02-e13763e23af9,20d1004be5275449,MIC-SHVU-3686,MICRO_ATM_CSP,41204.77,2023-01-22 11:30:25.669667,22.621755,88.295494
380856dc-64f2-4aa1-8860-550da7cbd9e8,25b04eca97925f46,ATM-SHOI-8927,ATM,27564.22,2023-11-18 21:24:25.918253,24.169295,86.248883
020a4beb-f34f-4298-92ab-6cb88b5511a2,9fb71d78ccc4f2b1,ATM-RSQT-8534,ATM,27564.22,2023-11-18 21:01:54.465919,28.585118,77.406102
324a3fec-6578-4058-b469-ec767bdc5d65,6719077e3a6cd655,MIC-SFUK-9821,MICRO_ATM_CSP,27564.22,2023-11-18 20:45:20.314716,23.958697,86.815275
06ab3b8b-aa99-47cf-a1a3-18c34e26dd39,8b2f80b612ad4abe,ATM-KBBR-3920,ATM,82692.66,2023-11-18 20:38:06.559811,30.827768,75.853646
80e2b99b-a2f5-4eb4-83d0-246b1b5ce125,a40844e151329aea,MIC-PGYQ-8856,MICRO_ATM_CSP,20556.61,2023-03-14 01:02:20.841850,24.17022,86.397358
82d91f57-3ede-45b6-b27d-9be9d3439fb6,edd7f754af7e28c4,ATM-LWYO-7233,ATM,20556.61,2023-03-14 00:50:39.294454,24.008498,86.808776
fc66abb0-b20a-4099-952c-c80f9ed3ade0,a77e1110504ea4de,ATM-XKAY-2178,ATM,20556.6,2023-03-14 01:17:16.261526,24.20051,86.320653
9d4f7505-3072-4983-befe-52ffef6dbce0,02fe7675e52ed832,ATM-GFIX-5141,ATM,6852.2,2023-03-14 01:30:18.730512,13.099475,80.331211
a4e7029b-ce1a-47b7-97b5-3dec45bb5d86,2a5119a5778f8fb7,MIC-OTEX-5362,MICRO_ATM_CSP,6852.2,2023-03-14 01:04:38.849588,28.660414,77.392479
aa3aa266-756f-4796-b380-5c61a37f758d,2647f966c1839f83,MIC-VKJH-6668,MICRO_ATM_CSP,6852.2,2023-03-14 01:27:03.500060,28.155872,77.045451
a3bdd23f-41f5-4604-9384-df14437228d2,384f87a17f6c5ecd,MIC-LDQT-3255,MICRO_ATM_CSP,13704.41,2023-03-14 01:31:59.271116,13.079087,80.242901
78d07172-2df6-4c67-987e-5c7886438479,96739c6dc7f02b5f,MIC-ZANO-4124,MICRO_ATM_CSP,4568.14,2023-03-14 02:08:01.731789,30.922169,75.784545
17e2752f-cb62-402d-bba6-89517b40c29c,3fdb81fcdd99b495,MIC-SHYY-8511,MICRO_ATM_CSP,4568.14,2023-03-14 01:30:38.922060,13.073657,80.272909
c8d39b12-0be1-4d67-9956-2ee438198d83,2a7ffeb933dabef3,MIC-GQYF-1421,MICRO_ATM_CSP,4568.14,2023-03-14 01:41:56.214390,24.004639,86.85305
df1a55f6-ae51-4f0a-883a-33b8c5d86582,384f87a17f6c5ecd,ATM-QHZW-3696,ATM,13704.41,2023-03-14 03:19:56.204416,13.103716,80.343375
c877693b-106b-4df8-8add-93f5c9171079,400a95ae23792cbd,POS-ELNB-4627,POS,20556.6,2023-03-14 02:23:25.834129,28.126214,77.075458
ecf3b16e-52d8-44c6-8c60-5eb9a3ba14e8,1b6df1573ac24ffc,ATM-UNQJ-7420,ATM,10278.3,2023-03-14 00:52:43.478138,30.905032,75.77391
fe54b2ab-f937-4909-9e0e-d2fb4a68067c,9b4705a5a1cd1e5b,ATM-YICA-4619,ATM,10278.3,2023-03-14 01:05:01.116889,22.577956,88.403323
53e27aae-570c-422e-a068-40f972b566c2,6e8a7e20f88060bd,ATM-BVYT-8255,ATM,6852.2,2023-03-14 01:04:56.825058,22.62644,88.294637
c5dbf590-d41a-425d-aabb-504e9ffd83c0,3e44a84deba706e5,MIC-IOBI-5260,MICRO_ATM_CSP,6852.2,2023-03-14 01:13:18.556476,23.891618,86.819582
7d7b32af-2865-4e28-9fff-398ffe1e230f,450ed2cd4f37f2a0,ATM-LRXK-8903,ATM,6852.2,2023-03-14 01:20:29.571683,19.059498,72.947905
d611a21c-6c79-4258-8ef2-26dcc2918b99,fc8676e6a3807581,ATM-ZMOT-5287,ATM,10278.3,2023-03-14 00:38:34.251643,19.033001,72.969133
67610b13-fc42-41f5-847b-b2c08815d636,f1768bad6f1e3ce2,ATM-YJQS-1141,ATM,10278.3,2023-03-14 01:08:59.442303,19.078256,72.804527
13f2ffbf-f7b4-4d75-888d-c13d4a8fc594,5740c30c9a2b3355,ATM-KEDF-1301,ATM,10278.3,2023-03-14 01:55:50.181680,13.06129,80.198395
f8c4adb1-0b81-4acc-beeb-c87db26085ce,f1768bad6f1e3ce2,POS-XDLV-0443,POS,15417.45,2023-03-14 00:48:46.798601,19.007483,72.931756
3d4d6264-7932-4334-8e40-c9f4e55614d1,0f402318041204af,ATM-WHXP-5865,ATM,15417.45,2023-03-14 01:07:41.408326,24.190229,86.343946
1768c33c-d4f0-4996-9252-571afebe9a55,fed6a0b55d80fbac,ATM-CMTF-5195,ATM,21041.85,2023-03-06 19:02:00.822441,28.046331,77.095023
baa3f4b6-4fa3-4cfc-9515-7ff907f107e5,7fe57d0ff66463b7,MIC-EIWY-4708,MICRO_ATM_CSP,21041.85,2023-03-06 19:13:23.122521,22.568419,88.355599
80d3bd1d-f4c7-4048-b800-fb66cd93f50b,9bbadf1ea0aacb76,ATM-CAWZ-1387,ATM,7013.95,2023-03-06 19:56:30.554457,13.107133,80.178966
d4135944-34c7-4182-80b9-baf96d375d8d,4a2108204892de8a,ATM-ZQBF-4506,ATM,7013.95,2023-03-06 18:49:38.047096,23.935572,86.770215
cb74b9f6-b3ad-4b7c-a797-e95de9a10092,4b2f70600e0981d6,MIC-ZQCY-0479,MICRO_ATM_CSP,4675.97,2023-03-06 20:26:27.881404,28.605143,77.514688
c0debb06-b1d4-467a-90ca-176cf9027636,b8fbafa1b8d2fdba,ATM-BDCY-6727,ATM,4675.97,2023-03-06 19:37:07.462692,23.895157,86.821565
10d4d256-fdab-4ff1-9ffd-d247801cfeaf,6719077e3a6cd655,ATM-IUNK-6322,ATM,4675.97,2023-03-06 21:20:28.925210,23.904059,86.76834
99d1ca0f-433b-4231-b5b1-61304f2ab249,774f92e6569462f3,ATM-DSBA-0843,ATM,7013.95,2023-03-06 19:41:11.136163,28.543464,77.378703
4c7eceae-327c-4415-a14f-249b72b05ad6,095c1c65e3981f27,POS-VPOV-5547,POS,7013.95,2023-03-06 20:16:54.239470,23.965383,86.766535
6cb93101-15bc-4184-8f8c-96b04ba42e98,15bc62bab6812a87,ATM-UJES-8980,ATM,42083.7,2023-03-06 19:04:21.337557,22.580635,88.43077
9711d6f5-670f-48d9-9fdc-fd4a4fb0ab75,7a10f6d97500d049,MIC-BYOJ-4813,MICRO_ATM_CSP,21041.85,2023-03-06 19:36:43.119443,23.99916,86.744022
8cf843cd-b3ff-436e-b7e4-cb129e1bcb9d,3c0b67ba74cbafec,ATM-AVZA-3318,ATM,21041.85,2023-03-06 19:04:48.497785,28.621446,77.338221
b86f37b9-3742-4461-8714-14307873172a,7fe57d0ff66463b7,MIC-DQLT-4297,MICRO_ATM_CSP,21041.85,2023-03-06 19:29:43.750237,22.527492,88.414244
fbfd1c8a-58b6-48a5-9026-8496f0d1b253,7a10f6d97500d049,MIC-LVCP-7851,MICRO_ATM_CSP,21041.85,2023-03-06 19:12:46.197950,23.967969,86.808773
3910343f-a480-4528-950b-8a0e98d4bd52,c944a5acdd141b53,ATM-RXQE-9574,ATM,21041.85,2023-03-06 19:07:41.850114,13.066689,80.256905
1e32866a-087d-4128-bb9b-6c75c6d85126,25b04eca97925f46,ATM-NJTX-9725,ATM,21041.85,2023-03-06 19:08:55.968304,24.183049,86.330913
7cfad9ee-cd88-49f2-adf4-5ddb9d82a299,debdc8be2ef6184e,MIC-DJSM-1586,MICRO_ATM_CSP,15676.23,2023-02-17 23:38:54.394316,23.936484,86.792848
ef18b88c-bbe8-48c2-8a8b-2aca3ef37601,15bc62bab6812a87,ATM-GPTK-8947,ATM,15676.23,2023-02-17 23:27:48.800246,22.633835,88.328287
b8d42d48-d2bc-423b-a06e-2d5bc91722bc,96ee3133eae53f34,MIC-PJVW-3438,MICRO_ATM_CSP,10985.1,2023-10-28 03:32:53.375676,28.555689,77.385097
8ac60c9e-3b2f-4256-a8c7-94fe2c193a5b,6719077e3a6cd655,ATM-VVEY-0148,ATM,10985.1,2023-10-28 04:31:33.332716,24.003995,86.743337
bd6c0f3f-3007-4f8e-ae41-1bc29c6fa7b5,94fdc6b8e876af4b,ATM-KDBH-0804,ATM,10985.1,2023-10-28 03:22:13.571495,28.550781,77.334666
8e5adb81-12ab-40a7-a758-60baf149865b,febf24426daa34df,ATM-DZWC-7977,ATM,32955.29,2023-10-28 04:07:28.633313,19.128939,72.907959
5d7a1a5e-2ca4-4a99-8950-2e31abace450,febf24426daa34df,MIC-SGCK-3860,MICRO_ATM_CSP,16477.65,2023-10-28 04:02:35.748997,18.983167,72.852492
75ff0c51-bda7-4283-9fd4-8337a7ecd210,b40cfec92900ce51,ATM-FOOW-2456,ATM,16477.65,2023-10-28 03:32:29.456548,24.215538,86.206192
e8dad758-d3cb-4c33-b7dd-461435cd5764,186923cec964032c,ATM-DIWM-1295,ATM,49432.94,2023-10-28 03:20:32.475823,24.157973,86.330824
15e56617-2155-4d15-9ca6-4b74ff4015ab,efdb8fa983319ec0,ATM-SDVM-0825,ATM,24716.47,2023-10-28 03:26:50.355530,24.121486,86.246809
06e2c60c-152a-486a-b401-d657752cb127,43e2188fe6ee0e8f,ATM-ERJI-5636,ATM,24716.47,2023-10-28 03:18:19.339729,22.547858,88.332461
10f0a13f-f37e-4982-876c-c53fd5b2a151,93a252f15bde845b,ATM-XSJO-0857,ATM,147027.3,2023-05-18 04:27:10.173966,28.567508,77.350401
5880a76d-6596-4f07-8b50-b31ef4ebeb62,6e8a7e20f88060bd,ATM-WEUH-1566,ATM,147027.3,2023-05-18 03:46:06.927155,22.627746,88.35706
f79e88ca-0796-4b37-8491-5d700c28c7fd,f8f70366a172abf6,ATM-TRSK-6619,ATM,147027.3,2023-05-18 03:17:50.098602,19.046039,72.871096
b5725c95-e31e-48e8-bbe8-fb5d98af2394,4d9d93596a6dbe06,ATM-LJGK-6711,ATM,17539.06,2023-11-26 17:53:55.713797,30.920364,75.893798
48dbea7e-765b-41e5-969c-8913bd572583,c05a5b6ef117bd25,ATM-RMZS-3444,ATM,17539.06,2023-11-26 17:33:35.418183,28.130449,77.000125
c7e83654-2041-4141-99ae-a0ecbc50774b,90ccc2d3d41485de,MIC-KNLJ-2721,MICRO_ATM_CSP,17539.06,2023-11-26 18:48:28.262418,28.148505,77.005821
0fccc972-4bb3-46fe-a189-312c7037fca9,96739c6dc7f02b5f,MIC-PYVP-2712,MICRO_ATM_CSP,74932.85,2023-05-07 14:50:15.607412,30.87886,75.796063
b395ed8e-070d-4161-b8d2-89832bf74b6c,394194a39a57bcc6,ATM-RIWJ-8340,ATM,74932.85,2023-05-07 14:20:43.247061,22.655961,88.473551
0f395b24-6d34-4bc7-8404-9606c2d851c4,18054a93ec8f02eb,ATM-LRKK-9565,ATM,74932.85,2023-05-07 14:26:36.848990,13.099833,80.27117
8340e643-360f-4ee6-a9c5-6151cf33e401,0f402318041204af,MIC-UHJD-2580,MICRO_ATM_CSP,112399.27,2023-05-07 15:01:00.598525,24.304429,86.391393
7934fe43-030a-4c81-8ebd-03f92304e221,f1768bad6f1e3ce2,MIC-XDMY-1731,MICRO_ATM_CSP,112399.27,2023-05-07 15:33:13.840605,19.117615,72.875335
fd8dde67-4c18-41d0-b761-5c373a6e6bd5,249a5fdb3aa3e639,MIC-VFHQ-3938,MICRO_ATM_CSP,24812.45,2023-02-12 09:42:24.027884,24.202587,86.270008
c6d59caf-faaa-4bf2-813e-5b82b0ec07dd,7fe57d0ff66463b7,ATM-AGWQ-7443,ATM,24812.45,2023-02-12 08:47:01.414867,22.582368,88.360516
cc870e7a-10e9-412a-b9ae-06c7e0f2623d,6da47df28d1aad11,ATM-XIQA-1156,ATM,16541.63,2023-02-12 10:09:07.071830,30.910966,75.838067
be63dca7-9529-4eaf-a3f2-b2f3e8a08870,15611fa4233e5e09,ATM-WDWS-7247,ATM,16541.63,2023-02-12 08:50:33.112285,30.961272,75.879393
0a6715cc-ff83-4d4a-b10a-6a511df91344,e2008e1b14bdb6c8,MIC-KGNJ-7157,MICRO_ATM_CSP,16541.63,2023-02-12 08:59:24.177352,28.518744,77.426733
28c03a0c-8e94-46f4-8d92-08ced937b7c8,4346536ee04363c3,ATM-YUMY-7774,ATM,9381.42,2023-09-02 23:13:09.728062,22.571674,88.370877
5f4918b9-c404-4592-9c3c-91ca8b374e54,cfaa503a4b7ef3b4,ATM-AXRF-5583,ATM,9381.42,2023-09-02 23:36:08.366550,12.994136,80.28218
2d75b7d8-b2c9-4943-a155-7b857f15a6e4,9c933ed3540d2b7d,POS-NLOF-2568,POS,9381.42,2023-09-02 23:22:18.197097,13.214447,80.243871
87a6f23a-b231-4ca4-968f-6fe6d0194565,253c75bacf995b9c,MIC-CICB-8295,MICRO_ATM_CSP,14072.13,2023-09-02 23:02:51.130134,28.626778,77.424552
5aac4d8f-f019-4b36-9615-ea7fdebebf3b,eecf10e34e5265e4,MIC-FSEF-6608,MICRO_ATM_CSP,14072.13,2023-09-02 23:24:27.590438,28.625193,77.352561
0da4ad36-5f6b-4ff4-82b9-e2e9de7f87a5,392ff47fb759eb21,ATM-FZAE-1929,ATM,14072.13,2023-09-02 22:57:17.645816,28.550557,77.460203
1050951d-3213-4f00-aa4f-eb13cf362693,450ed2cd4f37f2a0,MIC-FDHW-7498,MICRO_ATM_CSP,14072.13,2023-09-02 23:12:24.595375,19.153845,72.888899
cae47c54-3148-4155-82ef-d5618fb8f9c0,ce42adff5fb0bcc0,POS-WTBO-6405,POS,14072.13,2023-09-03 00:20:35.654790,24.175239,86.33061
93700475-234d-4dfc-9389-e5a24ec9b6f3,9c933ed3540d2b7d,MIC-JKPX-9798,MICRO_ATM_CSP,14072.13,2023-09-02 23:16:17.111631,13.07328,80.263483
23cc772f-4f8f-404d-b311-36325b2833db,25b04eca97925f46,MIC-HHLB-7663,MICRO_ATM_CSP,143724.04,2023-07-22 17:18:49.390818,24.132717,86.310744
511b7f01-64bb-4629-b5b6-06f2c258b86b,6719077e3a6cd655,ATM-CCMU-1854,ATM,143724.04,2023-07-22 17:07:43.476345,24.041058,86.731676
293641f3-f3eb-432b-8968-a40ffa571b37,b92b6e9f899d8fd9,ATM-LQRJ-7071,ATM,70248.82,2023-04-04 17:08:50.543886,22.522694,88.288945
31023f44-6650-4eea-a3ba-eab8c08ef2d1,9fd752d9d0ccdbb9,ATM-EMVU-2944,ATM,70248.82,2023-04-04 16:16:54.305261,23.923879,86.794484
1ae80407-35b5-4766-90a2-e21019925af0,022fec248c97806e,ATM-BJLC-9697,ATM,70248.82,2023-04-04 17:37:29.819487,24.188226,86.256332
9602f645-e7cd-47c4-928c-45dcedc38948,e0bc7472ab1f2964,ATM-QFMX-0903,ATM,210746.45,2023-04-04 16:39:24.647654,30.969939,75.906024
c229cc11-c04e-4d78-a300-a4cbc2b2e944,450ed2cd4f37f2a0,ATM-IBRF-2069,ATM,13657.75,2023-06-23 03:33:32.753321,19.077717,72.821282
945629d8-cf22-4b02-8111-dbdeaa008cc7,ba7a465e61a11230,ATM-CZXD-5631,ATM,13657.75,2023-06-23 03:16:07.852335,19.064315,72.872307
41ef9e42-a5c7-4ed8-a0fe-34cb3a4cf80d,73fce4396c794458,ATM-MOUI-8017,ATM,27315.49,2023-06-23 03:07:19.503041,24.176335,86.247406
b803a2a4-8fc1-498a-9a9b-4b3295f99ae7,2647f966c1839f83,ATM-NVSF-8898,ATM,9105.16,2023-06-23 03:18:01.800603,28.169288,77.020461
407fa9b1-413b-495f-8f82-5df0a295ea9f,5b56245ce0128a5c,ATM-GIOI-4767,ATM,9105.16,2023-06-23 02:29:15.349098,30.84222,75.86656
7ccdb6d6-81d3-4a8a-8761-1ad24d4b2bca,a40844e151329aea,ATM-ERMI-9232,ATM,9105.16,2023-06-23 02:51:38.857782,24.13458,86.337063
9cf70183-18cd-489b-84ae-26ae1258b1ca,39647341f69d4904,ATM-PBMU-9351,ATM,13657.75,2023-06-23 03:08:08.125181,28.526267,77.416843
e1f8a392-ec42-4ed2-9688-ea0d2e312976,45d630ed37506629,ATM-AMKH-4792,ATM,13657.75,2023-06-23 02:31:46.174121,22.613506,88.319247
7d23b2f4-ee25-40f3-8bf8-49bbeb4f7a3f,2a7ffeb933dabef3,MIC-ISGG-4893,MICRO_ATM_CSP,74363.27,2023-06-28 15:50:26.645047,23.930151,86.843942
01ec2e59-a2bd-4e54-bffb-6e17ae1bda21,ee953cbc6fe1c738,ATM-RTNY-3921,ATM,74363.27,2023-06-28 14:08:49.330183,30.952712,75.874875
f5d84222-d8e6-46fa-9173-fe756f228e89,bb6efc9b42a0c6a5,ATM-NMVV-3595,ATM,113120.04,2023-07-01 04:49:47.944146,24.236741,86.29032
5ac81689-3290-4bf0-ad80-af2d80b1c2b8,e9b823fe47bc426a,ATM-ORID-8303,ATM,113120.04,2023-07-01 04:23:39.934987,24.218686,86.327441
d334c2b4-655d-4dcc-b4b4-b0a413eb162a,2bc3bef98dc93ad5,ATM-LOGH-6281,ATM,113120.04,2023-07-01 04:55:13.615323,24.240951,86.302923
1fc378c5-36bc-4cdd-85c2-8010c5b019b9,4933000996e6a77b,ATM-BFWC-1339,ATM,22274.57,2023-02-27 12:05:51.647958,30.878002,75.840381
0326d789-d41e-4acb-bb3c-f5aa69ca00b6,10e4948592a3bbc6,ATM-ZWJD-7518,ATM,22274.57,2023-02-27 11:24:31.657188,23.992359,86.901446
f028f62f-426a-444f-8857-f31f96f386d5,150079c7a6c509ea,MIC-ZWPY-9832,MICRO_ATM_CSP,22274.57,2023-02-27 11:19:10.095712,28.595126,77.333059
d38262e7-d28a-49dd-bb0a-8432cbd97c40,ee953cbc6fe1c738,ATM-GLDI-6956,ATM,16705.93,2023-02-27 11:17:23.571892,30.908181,75.819387
22e9ab5a-ebcc-48f5-a8da-35612841a026,870522376f60b02a,MIC-KWAF-6716,MICRO_ATM_CSP,16705.93,2023-02-27 11:39:12.288264,18.993392,72.933258
f558edcb-a8b5-4d11-a187-8f78023b3cb0,f8f70366a172abf6,ATM-FSPF-4220,ATM,16705.93,2023-02-27 11:20:05.166305,19.093984,72.884695
bee6426b-d4b3-480a-bd76-3a5a8f64dc57,65d155eaf6c38b64,ATM-KFXC-8461,ATM,16705.93,2023-02-27 12:17:39.741725,28.46851,77.339779
e3cbe5a4-e5fe-401d-b1fa-ffaba018a4ea,3c0b67ba74cbafec,ATM-IKVP-9547,ATM,7424.86,2023-02-27 12:01:51.246096,28.491823,77.342132
c5fedb15-57cc-464b-83f2-c046844737b0,870522376f60b02a,POS-TORR-5288,POS,7424.86,2023-02-27 11:19:19.646869,19.084738,72.876323
25afc28d-7142-402a-b845-41f8d1066bc3,a17d089448d398b5,ATM-YHYR-8791,ATM,7424.86,2023-02-27 11:20:02.948274,22.546256,88.409705
9059ca0d-9290-4d78-86d1-232b7baf00ab,09eb3419a9745adb,ATM-XGOA-8530,ATM,7424.86,2023-02-27 11:25:22.134868,19.071669,72.879602
bbe73507-bdd3-4813-a60a-c5aad8a49878,2f5005f659c6467e,ATM-BTDD-1474,ATM,7424.86,2023-02-27 11:19:26.241706,23.995497,86.752679
3b54cf17-881f-4d9e-8d0c-cda5a664d9ec,e7dabff5801a84c0,ATM-RDJQ-4243,ATM,7424.86,2023-02-27 11:33:07.745492,22.497129,88.364957
34844dd0-2c72-4c50-9788-3ac02de321a8,10e4948592a3bbc6,ATM-QQEW-4354,ATM,22274.57,2023-02-27 11:11:42.442430,23.965883,86.785993
55ee3291-6661-4df5-8585-f3e05c97aa05,044beed55d80dc2b,MIC-LFTU-6469,MICRO_ATM_CSP,16705.93,2023-02-27 11:09:09.630737,24.204036,86.304263
ff390417-3524-4855-a206-20dacb0c5890,1b6df1573ac24ffc,ATM-HEBN-1532,ATM,16705.93,2023-02-27 11:24:21.169740,30.850379,75.839963
d13681c0-4479-448d-a600-3f45d17d0817,6719077e3a6cd655,ATM-BVSB-9705,ATM,11137.28,2023-02-27 11:30:36.694036,23.938718,86.8151
1a309cff-889b-4a96-be48-3be0928227bb,044beed55d80dc2b,MIC-OFQM-9683,MICRO_ATM_CSP,11137.28,2023-02-27 11:41:33.110549,24.12569,86.292733
2c4fa27f-9fa5-4e9a-93bd-a6c0976072f9,debdc8be2ef6184e,ATM-OQYO-1773,ATM,11137.28,2023-02-27 11:22:37.467630,23.91745,86.846149
9a714431-da89-4339-a194-d3f5964e43a9,ae35003a1df2f0e2,MIC-DTBT-4501,MICRO_ATM_CSP,124987.66,2023-12-01 18:13:52.512742,28.587774,77.396634
a9bf1706-2a40-4506-ac2f-3c2ecef5ac82,4f0d8ce1b58bf64c,MIC-XVCY-5358,MICRO_ATM_CSP,124987.66,2023-12-01 17:59:39.354458,19.081568,72.841291
b38ae6b3-e929-4490-8abb-38f7be4b2036,94d6f63ab19d86b2,ATM-JPHP-9467,ATM,124987.66,2023-12-01 18:01:53.533122,24.024278,86.881222
16cb6067-905a-46c6-b434-34ab2f2a3565,25b04eca97925f46,MIC-RAQP-4099,MICRO_ATM_CSP,5116.93,2023-07-04 12:43:28.699117,24.164742,86.428517
c7aca6a4-9519-43db-a00a-43ed26a5be8e,1b6df1573ac24ffc,ATM-RYBE-2765,ATM,5116.93,2023-07-04 12:20:14.487551,30.915227,75.825651
3f0753ea-60c6-447e-9f56-f89e8aca0f00,ce42adff5fb0bcc0,ATM-WVEM-4913,ATM,5116.93,2023-07-04 12:18:31.079262,24.136274,86.261116
a21e8c69-7cc2-499f-98eb-3890718b304a,ce42adff5fb0bcc0,ATM-RDLG-9672,ATM,1705.64,2023-07-04 12:32:22.749581,24.162571,86.35336
65005ee6-b9ae-4637-9832-9052316c7041,f21c8fbd73df9e0e,ATM-EMRQ-5576,ATM,1705.64,2023-07-04 12:19:00.424375,22.580149,88.377965
2e35c89f-b2d0-45b2-8d43-eb0a68286db4,e1884fc3fe5d9847,ATM-FJGR-8317,ATM,1705.64,2023-07-04 12:16:38.276081,28.555087,77.363965
46bc0643-10da-4802-9309-c13a0b31e334,314ff6665437dae9,ATM-QOGF-2611,ATM,47449.13,2023-11-07 02:27:04.421694,24.044008,86.865417
aaaa4511-8434-4f9d-8d39-66d76b8740df,562772d2f729f0a9,ATM-LGLN-1452,ATM,47449.13,2023-11-07 02:54:27.333707,30.824728,75.809276
6d80e6b2-cbfb-4bf2-9c04-fc2785e38c3a,b18f7c8dd40cd2ae,POS-OLGC-3401,POS,94898.26,2023-11-07 02:55:48.019298,13.161802,80.210453
5c93c13b-a52a-4739-8fa4-8992dc4eef65,0f108ded4e10a78b,MIC-FAPK-4050,MICRO_ATM_CSP,119041.51,2023-02-07 21:18:18.084492,24.185803,86.319214
97933716-aafe-4011-b0ad-332442de4c94,31c96105af812635,ATM-KWOL-4494,ATM,119041.51,2023-02-07 21:12:39.204847,24.042615,86.841141
f9b55d6b-d958-4812-8830-e681504edecb,87cc051ae08428cf,ATM-SEEU-9491,ATM,119041.51,2023-02-07 21:22:47.025159,24.160787,86.348886
aa02626e-37a8-4d77-a243-56d87b4c77df,3d2337c8db88cc60,POS-IANK-8918,POS,86780.03,2023-04-19 14:42:45.567782,28.050799,77.003281
02d4e3cb-f7c4-40ab-91fe-55a8b93399c8,15bc62bab6812a87,ATM-HWXP-1438,ATM,43390.01,2023-04-19 15:04:31.212838,22.542551,88.337092
1de14e3d-ccef-4081-8385-bca9786e0b86,73fce4396c794458,ATM-MRIQ-7366,ATM,43390.01,2023-04-19 15:27:16.513178,24.217311,86.308129
cece9659-45c4-4d86-bad6-e6d03e176587,522a65badd42c641,POS-MFVY-7799,POS,86780.03,2023-04-19 14:47:56.005728,24.1895,86.277167
c476e455-b03e-4d56-a832-3a720a2b872f,8603e60ca1329f36,ATM-PDQR-5361,ATM,86780.03,2023-04-19 15:05:09.431112,30.856727,75.803629
6154288a-a902-4e2b-a548-743997e4e403,249a5fdb3aa3e639,ATM-KNAB-0832,ATM,355148.1,2023-07-15 12:50:35.071543,24.138978,86.226376
a67b891a-e97a-4b18-babf-32eed68e5650,4c0944feeeafc246,MIC-BFXP-1483,MICRO_ATM_CSP,3679.39,2023-02-22 01:12:42.951046,22.586499,88.342328
b6b188e8-b8ac-4ef8-930b-5db721bb5450,09faa805bb9366e1,ATM-XMDN-6558,ATM,3679.39,2023-02-22 00:17:43.399282,13.153986,80.227131
c11d5865-d977-4def-b81f-dd74efbcc2f6,4b2f70600e0981d6,POS-SCIP-2995,POS,3679.39,2023-02-22 00:00:01.160163,28.5315,77.39735
78a2ed3b-90eb-48ee-822d-7292f83e0b49,7138f04a79804589,POS-AYIC-3419,POS,3679.39,2023-02-22 00:34:36.237240,28.102941,76.964545
bd4cdc43-4144-43f2-9309-5f4cda413b85,e0bc7472ab1f2964,POS-JRFE-5936,POS,3679.39,2023-02-21 23:44:53.827569,30.9876,75.839271
e849bc92-3b8a-4175-a5e5-92a09cd80434,0004a1a3a12705a4,ATM-KPTN-1699,ATM,3679.39,2023-02-22 00:24:14.496705,19.010717,72.841547
11cd33f1-bef7-4422-8788-6c03a240fd13,e2f19358960dc1b8,ATM-HXCI-0525,ATM,2621.57,2023-02-21 23:48:50.480186,28.478692,77.443984
89bfd6d3-7054-45b9-b42b-2d5105a03806,9161da7be526b717,ATM-CLJC-2676,ATM,2621.57,2023-02-22 00:00:50.187059,24.213812,86.298827
8f7732cf-23db-482e-83c8-7f7e16ac6cdc,028202be514e6b30,ATM-VNEI-4333,ATM,1747.71,2023-02-21 23:47:11.365052,28.210339,76.958499
15a9bba0-12f0-469a-81c0-5ad626941d7b,e2f19358960dc1b8,ATM-LCGL-4049,ATM,1747.71,2023-02-21 23:34:07.566622,28.529854,77.421102
22e0db0a-c997-44ba-9187-221a5fd30246,96739c6dc7f02b5f,ATM-KLLP-7050,ATM,1747.71,2023-02-21 23:56:59.208035,30.889329,75.848997
6e074802-27a7-43be-8af5-dfbfe64bc566,6627778c0faccd9e,ATM-YNYO-6891,ATM,5243.13,2023-02-21 23:43:56.409492,24.177469,86.235881
59e572b4-9344-4fb6-80a7-93ddcf25b631,028202be514e6b30,MIC-BJGE-8819,MICRO_ATM_CSP,5243.13,2023-02-22 00:02:01.760382,28.182771,76.950922
87094b2f-4855-4b0d-8ca1-911c0485900a,6da47df28d1aad11,ATM-VTRG-2324,ATM,5243.13,2023-02-22 00:24:09.476451,30.87704,75.810768
b83514fa-c25c-4107-b0c7-d6b57080c61a,178450fb5c068e0f,ATM-YRQY-8191,ATM,5243.13,2023-02-22 00:02:13.425465,30.8548,75.864109
9d5339e4-a3f5-4864-81d0-78513a2ed20c,33522c9bdbaf3bad,ATM-IXHQ-4822,ATM,3495.42,2023-02-22 00:57:41.627959,13.094813,80.320794
5af50265-0f2f-4529-9afa-7478c7282aba,04e45c79972ecbeb,ATM-NXZM-9515,ATM,3495.42,2023-02-21 23:45:02.937756,19.044049,72.838983
3f7bbdef-3504-4940-8e98-a34b32c974bc,4214d918811a3778,ATM-ULEX-0457,ATM,3495.42,2023-02-22 00:19:49.744307,24.141904,86.296523
995af712-812e-489d-845b-7e0d90c6e120,6627778c0faccd9e,ATM-AXRA-5240,ATM,3495.42,2023-02-22 00:00:47.304986,24.161076,86.327647
73bf0cda-7913-4576-a73c-64e5d0d76edb,62a72b46f2d2fdbe,ATM-TKAN-4157,ATM,3495.42,2023-02-22 00:23:32.395760,13.050554,80.27525
fe828143-44c8-4a06-ab38-f78bc2715ee2,2e4345eca1b5a34c,ATM-SUCT-1077,ATM,3495.42,2023-02-22 00:43:32.415561,28.528448,77.28768
c5821246-0a26-4209-bf94-e39d4fc5329b,028202be514e6b30,POS-ZDOT-8663,POS,5243.14,2023-02-22 00:12:23.961883,28.160876,77.075742
5f4b201e-aead-4479-a6e1-fc3028791d1a,6627778c0faccd9e,MIC-OEFY-8824,MICRO_ATM_CSP,5243.14,2023-02-21 23:57:27.765654,24.161275,86.281948
94c1c75b-d60b-40c5-914e-6bf5dac63a83,095c1c65e3981f27,POS-MUUA-6430,POS,5243.14,2023-02-22 00:05:23.231844,23.945143,86.840442
b8694925-6265-46b3-90d0-ffaf1656d269,ad5fe18df494f9d9,ATM-JXZS-2009,ATM,5243.14,2023-02-22 00:02:05.925117,13.138086,80.286318
f9e660bf-7ce0-4fd4-9f0b-b36e35e4ffc2,392ff47fb759eb21,MIC-FLZI-1867,MICRO_ATM_CSP,16775.29,2023-12-18 05:18:48.703337,28.530915,77.328677
254a7fb4-bfa0-4131-aa99-3ef96ea441f9,c3f72c30b76aac18,ATM-QUHJ-7748,ATM,16775.29,2023-12-18 05:24:42.454327,28.523031,77.301931
97f62e69-b91a-4cad-ba70-d8ace86ea733,218c5d6d080619a2,ATM-FUPD-9683,ATM,11183.53,2023-12-18 06:21:51.858855,30.856464,75.876274
d37514f3-75d8-468a-8f17-95dcc2eba098,2d7f04c671c24245,MIC-QGMX-5262,MICRO_ATM_CSP,5591.77,2023-12-18 06:33:54.465744,19.043267,72.855935
cbcd4319-329a-4861-841d-a9ae42713baa,218c5d6d080619a2,ATM-ANHT-2764,ATM,5591.77,2023-12-18 06:01:43.912497,30.926513,75.827409
74f24413-3c5a-4f71-b308-6809b97e250d,ce42adff5fb0bcc0,MIC-YAET-1115,MICRO_ATM_CSP,5591.77,2023-12-18 05:24:30.666503,24.096602,86.252851
5fc3a613-def6-423a-abf1-b2a90431df63,218c5d6d080619a2,ATM-AVDD-8645,ATM,5591.77,2023-12-18 05:07:38.805679,30.943786,75.868168
12a5c894-ca06-4757-b31c-38c11f6d8b8a,ce42adff5fb0bcc0,MIC-WHOA-5044,MICRO_ATM_CSP,5591.77,2023-12-18 04:52:56.766939,24.147714,86.372977
e251cff1-5c42-48e2-896f-c96fd08d0d73,f21c8fbd73df9e0e,ATM-CEHI-2926,ATM,5591.77,2023-12-18 05:22:49.711514,22.542319,88.405519
1c38cc97-c0fe-4aad-90b3-7066a02438de,7ed13f42d8359663,MIC-TAKW-3528,MICRO_ATM_CSP,3727.84,2023-12-18 05:39:08.239519,22.6962,88.384701
32321f54-569f-4041-a5f1-e25ae4b99fdc,d552f8b748533a3f,ATM-HSUU-0765,ATM,3727.84,2023-12-18 05:05:20.687051,28.599333,77.524548
674272cf-6962-487c-bed0-1fad3a3726ed,801c737176bab764,ATM-BBDV-1684,ATM,3727.84,2023-12-18 05:17:37.516713,30.913645,75.936861
1435ac50-9d5b-4035-8f0e-5d401ccf774a,85325f4fb0095b84,ATM-HKJY-8458,ATM,11183.53,2023-12-18 05:45:13.926012,28.527244,77.327284
8b02a73b-ba72-41e6-bf4a-18081b3e5943,fb68a7d30e7700c4,MIC-LNEK-2189,MICRO_ATM_CSP,104474.64,2023-08-01 08:29:09.255427,24.279227,86.351667
c2c44d30-4613-4fb1-a0ec-e3c44e282358,45c70d67d95dee88,POS-LWDJ-4611,POS,104474.64,2023-08-01 08:40:33.722743,30.949307,75.864837
d322319b-58c6-44a7-8c7b-d13271f50983,d360483171622837,ATM-TDBD-9417,ATM,64111.46,2023-04-28 05:00:32.367701,22.582507,88.45793
198bab43-eb5b-4d16-8035-1f3b20ca6f18,218c5d6d080619a2,ATM-YXZC-6247,ATM,64111.46,2023-04-28 05:06:45.272380,30.995668,75.837181
fdec9aef-49ca-4603-8c02-592d339fd1a8,a77e1110504ea4de,ATM-JVWE-8391,ATM,64111.46,2023-04-28 05:11:57.702594,24.26769,86.333389
9f896c38-9d93-4310-80d1-3b23b093c36a,8d23eeefc8b65f56,MIC-PZBR-9203,MICRO_ATM_CSP,54713.36,2023-10-12 14:48:12.789461,24.138665,86.314517
b0954b04-6816-42e0-a7af-869034eab04e,f716e35638c3dd12,ATM-BTKN-9566,ATM,54713.36,2023-10-12 14:47:24.877752,22.628322,88.302456
c0739ab7-8d08-4384-a6bc-701ee196a0ab,c6add401e808d068,ATM-KVPL-7595,ATM,54713.36,2023-10-12 15:47:59.718140,28.486628,77.329752
69015a01-59b7-41e5-97bc-f40770d89ec6,afb6585a70966e66,ATM-FJBZ-0479,ATM,164140.08,2023-10-12 14:55:49.248112,28.52522,77.369669
a8b40171-a770-4574-9390-6a8cd3166e23,3fdb81fcdd99b495,ATM-JMVR-5235,ATM,28204.79,2023-04-22 23:38:57.252518,13.151421,80.241884
f24650cd-b7ca-407b-8b87-ae9188a87951,25b04eca97925f46,ATM-OGJR-3513,ATM,28204.79,2023-04-22 22:50:50.360782,24.314878,86.257857
ec1f4a4b-6fe5-4749-9723-aff51f857dcb,b40cfec92900ce51,ATM-OCRW-1741,ATM,28204.79,2023-04-22 23:22:46.955019,24.23433,86.301716
735ce24f-9569-4fe2-ad3b-f16a53a7ae8e,801c737176bab764,MIC-DFSA-1904,MICRO_ATM_CSP,18341.12,2023-07-28 10:48:37.934572,30.87775,75.871427
2921a693-e94a-49c3-8337-05fc3424b07e,b15f4e8b57339c3b,ATM-DUYY-5481,ATM,6113.71,2023-07-28 13:50:25.349693,28.508253,77.353809
75d9aec3-7bcf-4945-aad1-53fc5f8c8774,6da47df28d1aad11,MIC-MMCB-8571,MICRO_ATM_CSP,6113.71,2023-07-28 11:14:21.691999,31.043735,75.840187
00992beb-eb49-41f8-89f5-2fe205df5559,c3f72c30b76aac18,ATM-LZYU-2451,ATM,6113.71,2023-07-28 11:43:45.374237,28.573317,77.456106
c6863972-724d-4af0-9889-6621487f4bdb,e5f265e3ef332cfc,POS-DPRI-9122,POS,9170.56,2023-07-28 11:16:25.730189,13.104847,80.271255
7fb46c7a-0a6d-4a9f-933e-ebb582d80379,cb9fa8bf15d4a4db,ATM-NILN-1057,ATM,9170.56,2023-07-28 10:56:37.768916,24.128865,86.353982
f4c723b6-f095-4719-a394-a7e4d64576cb,6a6e914928a94ec7,ATM-SRXK-9002,ATM,9170.56,2023-07-28 10:44:52.807632,28.206567,76.939709
45a8f784-b176-4413-8ba6-0a2d4b6dbfe5,e3af0705ba5a43fa,ATM-FXKI-5301,ATM,9170.56,2023-07-28 11:44:49.912490,13.050603,80.27786
ed5eb296-1fd5-47d4-a683-db14be9afdac,5b56245ce0128a5c,MIC-DHYE-7239,MICRO_ATM_CSP,9170.56,2023-07-28 10:45:47.886828,30.886216,75.840017
386f5198-0ab9-44c9-8092-d7051a8441e4,5b56245ce0128a5c,ATM-VXVI-4375,ATM,9170.56,2023-07-28 11:06:34.512219,30.872513,75.758213
249435ee-9dc1-4871-9fa4-a9eee6b04696,2647f966c1839f83,ATM-MRAS-6194,ATM,9170.56,2023-07-28 11:08:40.611710,28.076923,77.024342
2e43d6f5-0e69-4aa6-b3d3-de51ff128c63,a40844e151329aea,MIC-NUZP-8057,MICRO_ATM_CSP,9170.56,2023-07-28 11:10:33.786326,24.341539,86.273628
c3752834-15fb-4b29-be2f-39ca3ba9b630,ce42adff5fb0bcc0,ATM-EKPY-6948,ATM,12124.77,2023-04-25 04:21:02.305268,24.129348,86.293159
42bf2f78-fd80-4f78-8b0b-fc853f6b5221,c4fd7cb5b3b86b81,MIC-XHSG-5705,MICRO_ATM_CSP,12124.77,2023-04-25 04:03:49.770163,28.118542,77.005294
cecc8ba3-85e9-44d0-9701-156e23fd9562,218c5d6d080619a2,MIC-RVMH-8926,MICRO_ATM_CSP,12124.77,2023-04-25 04:32:59.402681,30.960231,75.838782
3e12f39f-7c30-4c5d-8425-cee6925d9f85,7fe57d0ff66463b7,ATM-HCNS-2120,ATM,137275.1,2023-05-07 19:36:05.828919,22.551042,88.310259
5db5a00e-71c6-46b6-aa69-48510021cd38,82040f84c6d17a60,ATM-CHHY-5827,ATM,34318.78,2023-05-07 19:13:10.586340,28.584079,77.494612
0951919e-9bb9-4abf-baec-92ea53d40a58,a069a748d2be8bed,ATM-GVDT-1385,ATM,34318.78,2023-05-07 19:59:27.970954,22.502071,88.398874
792be692-430f-44a6-bcdc-924578f2880b,96739c6dc7f02b5f,ATM-FLCU-5198,ATM,68637.56,2023-05-07 19:23:14.517530,30.981695,75.94242
701a1abc-ee22-440b-903a-46f478ab6451,d0d470cfc4fc7e7d,MIC-CRUK-2240,MICRO_ATM_CSP,68637.56,2023-05-07 20:06:51.147553,13.091512,80.332044
44d7fb6c-e3f6-4652-acd5-9a62de57d019,15bc62bab6812a87,MIC-CLSG-8461,MICRO_ATM_CSP,34318.78,2023-05-07 19:54:53.027394,22.55903,88.336013
2853feb0-f8ff-4a45-8ec4-31f576cbef97,6da47df28d1aad11,ATM-RTFB-6632,ATM,34318.78,2023-05-07 19:51:59.242586,30.877042,75.887116
b1411c28-e035-49f4-9838-79d9c77ab78b,83ba5887d82ddd6a,MIC-MHPL-2076,MICRO_ATM_CSP,47790.47,2023-12-29 09:05:14.130469,12.95776,80.211943
5b28834f-8896-4727-b1f9-814624f8cdc0,5e7a22b24305ff3a,MIC-MVDS-7293,MICRO_ATM_CSP,47790.47,2023-12-29 10:21:12.847862,28.09832,76.908661
f10abc5c-7575-4141-b116-496317ef115f,7fe57d0ff66463b7,MIC-VMWE-1510,MICRO_ATM_CSP,47790.47,2023-12-29 10:05:01.568890,22.523059,88.363002
9d37f9e1-655f-44ca-8421-8484f6056221,2bc3bef98dc93ad5,ATM-FJKV-4634,ATM,47790.47,2023-12-29 09:21:31.806025,24.131326,86.285346
cf311542-d6c6-4a4d-9a74-46703aa08dec,3fd666dafcab0387,ATM-YCYA-5359,ATM,96084.74,2023-12-20 19:21:49.989359,30.936581,75.814101
0d6e1f3f-e36b-4f72-a302-8f9546a51fc5,90c719afbb7ddcc0,ATM-VSML-2616,ATM,96084.74,2023-12-20 18:44:06.904144,19.125815,72.987553
d47b9847-76b0-4bc2-ba59-bf563a657aba,e2008e1b14bdb6c8,ATM-CBZG-6733,ATM,96084.74,2023-12-20 18:36:20.220521,28.385805,77.313627
032dadfc-c0c6-4d18-b700-1c28f8acb346,b52aeac57b65c3e1,ATM-EGON-2604,ATM,15234.01,2023-09-02 07:38:17.834303,24.160884,86.318837
9572fe62-97be-4cbb-a035-b645b690501a,8e9be22c03d9e1cb,ATM-KUKK-8854,ATM,15234.01,2023-09-02 07:24:00.648673,28.11385,76.933593
e2edd840-853c-407e-ac3e-d6b0f4e33b35,f253d605f12974cd,POS-JBPU-0537,POS,30468.01,2023-09-02 07:05:57.291927,24.190618,86.301425
fd6c5071-09a2-44cf-a0a4-a69a80b877d0,25b04eca97925f46,ATM-ERSW-5906,ATM,20312.01,2023-09-02 07:09:24.470644,24.081114,86.296936
b1ddc0ac-bb96-49fd-9943-bd617b704f9c,2a5119a5778f8fb7,POS-SKSD-9069,POS,20312.01,2023-09-02 06:52:54.986189,28.655355,77.455801
ef66c4b3-ec12-4a3e-8e5e-49ef364009c4,6877ffca8e5a30eb,ATM-JMSF-2837,ATM,10156.0,2023-09-02 07:01:17.769857,24.2282,86.288866
ae8b2bde-ae9a-482b-bcfe-5e2289019466,e76a8f42f5a1372b,ATM-WNVL-1884,ATM,10156.0,2023-09-02 07:04:49.971321,13.055373,80.280554
3931306f-d414-4360-af2b-cbebcc550318,ba7b0c09f0862541,MIC-GYTO-0896,MICRO_ATM_CSP,30468.01,2023-09-02 06:58:15.194070,24.254025,86.336206
fdab5683-00af-439b-994f-ca6026240eee,db4060301879ed71,MIC-BOHY-1898,MICRO_ATM_CSP,30468.01,2023-09-02 06:54:57.440495,22.542697,88.402416
1e3e5e1d-b20f-4b80-9b60-2d5abd942429,1e53c2e9292b4b76,MIC-ZZRF-7369,MICRO_ATM_CSP,30468.01,2023-09-02 06:46:30.213163,24.122209,86.353876
6d50d146-e87e-40e3-80c4-b4afd8894735,da409597f4ad841c,MIC-GXNK-1718,MICRO_ATM_CSP,30468.01,2023-09-02 06:50:07.229804,23.936071,86.745748
ed0e5815-85b3-4277-85f3-a85e8f2e194c,6da47df28d1aad11,ATM-BFTV-3235,ATM,30468.01,2023-09-02 06:49:01.150835,30.85529,75.893208
87425251-fda3-4369-a3af-4550afbf69a6,095c1c65e3981f27,MIC-UYXX-4299,MICRO_ATM_CSP,45702.01,2023-09-02 07:07:20.000210,23.944155,86.850054
3736da06-38ed-4b81-9e84-c57316ea4886,6da47df28d1aad11,ATM-ITUB-1672,ATM,45702.01,2023-09-02 07:11:30.573412,30.848868,75.860593
0afa8f3c-8205-4d16-9465-87ab8d6baea7,ba7b0c09f0862541,ATM-YNNF-3538,ATM,2839.98,2023-11-10 17:44:35.363533,24.204891,86.270784
9d91e47b-f2b1-4987-9acd-6a4bc0c0b31e,a17d089448d398b5,ATM-UMWC-2535,ATM,2839.98,2023-11-10 17:00:53.468439,22.596674,88.393378
f1ffd20c-e0dc-46f0-9451-273be9ac4d87,91ff603347d3f90a,ATM-RBTA-6155,ATM,2839.98,2023-11-10 17:32:03.677467,28.120635,76.998111
4cd82e5d-51eb-4114-ad68-1802fdf0610d,577744147cf6f197,ATM-TVCL-8547,ATM,8519.95,2023-11-10 17:10:08.149452,22.572711,88.468941
c03cfe82-2063-4b5f-9788-9b1f684ec50a,2e4345eca1b5a34c,ATM-MIZK-0049,ATM,66479.07,2023-06-20 02:35:46.060135,28.543209,77.453275
4df4190e-943b-4651-8ba5-fdfb59dae043,d9bcc83f674275e1,MIC-LUBH-9345,MICRO_ATM_CSP,66479.07,2023-06-20 03:10:48.902778,19.05456,72.860699
0d963386-9d1a-4999-95b2-47f1bfef6585,7fe57d0ff66463b7,MIC-HSIR-9912,MICRO_ATM_CSP,132958.13,2023-06-20 02:26:46.604519,22.560414,88.341288
a83e2548-fceb-4115-8749-b54f0511750d,ce42adff5fb0bcc0,ATM-RBUF-9044,ATM,66479.07,2023-06-20 02:23:19.770087,24.225118,86.269999
8ede703b-6573-4805-bd87-7d3738671cba,8e9be22c03d9e1cb,ATM-RFMG-3124,ATM,66479.07,2023-06-20 02:27:13.576511,28.114802,77.010255
0c001547-833d-4f95-b988-9fec4c538bdc,6ccfba4193d971a0,ATM-NIDW-2860,ATM,7176.01,2023-06-05 09:42:06.156358,24.163016,86.292168
d08e491b-de8a-478a-b129-0635f5080d5b,bda9d41fa5c88946,MIC-VJUF-1575,MICRO_ATM_CSP,3588.01,2023-06-05 10:46:16.480260,24.129243,86.345721
df7538a2-cd22-45d5-ac86-362be722f538,09faa805bb9366e1,ATM-XCVM-8188,ATM,3588.01,2023-06-05 10:18:12.129329,13.134085,80.232937
a3c41a2b-8f8d-42cd-b558-bcd66536bd7f,6ccfba4193d971a0,MIC-CFPX-8131,MICRO_ATM_CSP,2392.0,2023-06-05 09:29:15.223941,24.21039,86.301743
ceb57404-a73d-4553-99e5-a5d374535a93,0f402318041204af,ATM-UIFP-3233,ATM,2392.0,2023-06-05 09:22:19.326545,24.185177,86.405002
1e67cd11-9b51-49e3-b0ed-67f9add47a71,91ff603347d3f90a,ATM-LZOZ-2645,ATM,2392.0,2023-06-05 09:39:07.379097,28.085766,77.061642
21a11038-7ae2-4d61-b6bb-775b78ea53c5,2caa43907a3f59bb,MIC-TBIF-7900,MICRO_ATM_CSP,7176.01,2023-06-05 09:31:36.651947,28.498349,77.406284
7b66c0be-8a3b-4ec8-9b4a-eacf51d9f2a4,72d6d07fd7cb18f0,ATM-IDPR-7129,ATM,7176.01,2023-06-05 09:13:04.763964,19.047461,72.870719
d7df1b8a-83b4-4671-97eb-1ece2902646d,aac943362d1a75d3,MIC-RWLZ-8412,MICRO_ATM_CSP,7176.01,2023-06-05 10:09:57.189350,28.104971,77.082708
6374cfda-f535-453a-b747-89415735c16d,ecc8777fcfc39d17,MIC-PMSB-9646,MICRO_ATM_CSP,3588.01,2023-06-05 10:08:10.530163,22.508259,88.28899
3bd37b8e-2925-4b01-8087-c0b404123a1b,6d15ef43c18a5e44,ATM-YLCZ-8445,ATM,3588.01,2023-06-05 09:18:12.087310,19.157188,72.868408
a74e4801-8cee-4142-a2c3-0642247e2c37,0f402318041204af,ATM-KKRR-5773,ATM,3588.01,2023-06-05 09:33:17.065307,24.199048,86.248269
d46c34fe-ac8a-415c-ac1b-3048b8066f59,6da47df28d1aad11,ATM-WOEM-6385,ATM,3588.01,2023-06-05 09:47:25.159342,30.997396,75.740121
0bbff2b5-d917-47f3-95a4-1dfa8e7151f5,7138f04a79804589,ATM-HWZE-8354,ATM,7176.01,2023-06-05 09:09:20.098411,28.064254,77.043848
d7677535-4d1a-48c7-923c-65c1a15a35b1,095c1c65e3981f27,MIC-UBYX-9609,MICRO_ATM_CSP,64584.12,2023-06-05 09:35:44.128101,24.037283,86.876061
cc1702ae-6b78-40b9-856c-95dfbf01e21e,25b04eca97925f46,ATM-BDTL-7475,ATM,10764.02,2023-06-05 12:15:52.041405,24.239199,86.287784
f742370f-431e-482e-a890-16036d7a357a,f6b2ba68fde1e997,ATM-ZXUY-0029,ATM,10764.02,2023-06-05 09:25:44.206456,22.588028,88.311002
cdc53f11-4313-4c94-ada6-e4884f47f27b,bf87b95509821633,MIC-FXLY-9790,MICRO_ATM_CSP,10764.02,2023-06-05 09:32:11.429854,19.109694,72.897877
67188def-98fa-480b-9741-9a759af57bf7,91ff603347d3f90a,MIC-MDIU-9471,MICRO_ATM_CSP,8073.01,2023-06-05 09:26:54.311101,28.062163,76.933938
dac36c80-e5d3-4efa-9696-5f97ca2c8c43,ba7b0c09f0862541,ATM-LJDP-8026,ATM,8073.01,2023-06-05 09:32:54.061787,24.218254,86.320396
cf5c384c-7160-484a-8474-9f1560907b18,2c66670eaef4dee4,POS-DLSX-2730,POS,5382.01,2023-06-05 09:57:11.400258,30.927905,75.823353
8a65db28-8e50-4b48-94c6-493bad2e9d85,fd6124470dc27ee8,ATM-JTFB-7748,ATM,5382.01,2023-06-05 09:16:55.913867,28.136997,77.025888
4a48b2f4-a7a8-4985-93b1-98562b3577f5,91ff603347d3f90a,ATM-RIJE-4588,ATM,5382.01,2023-06-05 09:21:09.621461,28.155617,76.944429
e2f78552-fb12-4005-a8fb-2723cb2647a6,4ea91a930097779c,MIC-WTWE-5966,MICRO_ATM_CSP,11773.02,2023-12-02 09:55:06.102076,24.1648,86.240745
96439d52-0322-4489-836f-bcbe873d5bd7,f6b2ba68fde1e997,MIC-CSPM-7615,MICRO_ATM_CSP,11773.02,2023-12-02 09:55:44.230071,22.517378,88.375705
691a6fed-beed-47b3-be9c-6b3301db7626,33522c9bdbaf3bad,MIC-JYJH-8906,MICRO_ATM_CSP,7848.68,2023-12-02 09:24:30.866806,13.115709,80.331637
784f9b0c-68dc-41ad-8841-878bd4658fba,f0cab7fa2fa3bdf5,ATM-AIGH-4808,ATM,7848.68,2023-12-02 09:18:21.883053,23.93977,86.787697
63b47919-918f-4fd0-8d4d-41767e81bc9d,04e45c79972ecbeb,ATM-BQOA-5609,ATM,7848.68,2023-12-02 09:46:28.149743,19.15206,72.964891
b63a3b3e-2ee8-4d0c-890e-d0a18c98815f,c3f72c30b76aac18,MIC-HMDM-1771,MICRO_ATM_CSP,23546.04,2023-12-02 10:05:28.694816,28.529342,77.400445
8291c613-ae24-4ff7-be34-abc45e0dd0c9,6719077e3a6cd655,ATM-XTRK-3509,ATM,2616.23,2023-12-02 09:21:36.694456,23.975067,86.772933
35ef1d33-6a0c-4a52-8428-bcb2e1da3efc,3fdb81fcdd99b495,ATM-XYPI-5792,ATM,2616.23,2023-12-02 10:00:37.707181,13.031164,80.260435
4e4f6eea-576d-4d4b-a63f-40a0f7bc62f4,22690ccfe81c822e,MIC-WFKY-7646,MICRO_ATM_CSP,2616.23,2023-12-02 09:28:59.124834,24.164874,86.260086
ad94220d-173f-4154-a246-2193f515d2c1,3fdb81fcdd99b495,POS-GWRC-7646,POS,7848.68,2023-12-02 09:32:43.953197,13.161166,80.271198
e6006a76-0d84-4cd5-9fd2-ca9acf063989,0cb4fa04eec264fc,MIC-ZHGO-8088,MICRO_ATM_CSP,3924.34,2023-12-02 10:19:17.921189,23.982131,86.813515
06f0fe11-0894-4762-87b8-dcce37c98487,efdb8fa983319ec0,MIC-ESQM-1567,MICRO_ATM_CSP,3924.34,2023-12-02 09:39:42.090391,24.227712,86.293057
2a28b25b-770b-4b12-9c94-cd0e10c70ac4,3409e9d07e07a0ea,MIC-HADX-0305,MICRO_ATM_CSP,3924.34,2023-12-02 09:57:12.286081,19.094302,72.955271
03cbeca7-4a60-4610-a8d5-0dbb3b4072c4,3bd42b5cb95fedf9,ATM-FJXU-2218,ATM,3924.34,2023-12-02 09:32:22.865543,13.065451,80.272762
8b656e9a-0ef2-4c1d-8615-4ece02e10637,5440d6b39ae55086,ATM-YWMB-1661,ATM,3924.34,2023-12-02 10:00:34.217557,23.977512,86.869248
3b25ffef-ae89-45da-bd2d-82cc2abb57df,91ff603347d3f90a,ATM-RCWC-6380,ATM,3924.34,2023-12-02 10:13:16.480072,28.049069,77.071143
4fd6fa3e-5547-4d37-9c6a-d7b16fb496aa,a17d089448d398b5,ATM-QLPU-6884,ATM,3924.34,2023-12-02 09:25:09.953667,22.574297,88.426972
c143a56d-2c8b-435e-905d-595378c2431e,ba7b0c09f0862541,ATM-YTVH-0862,ATM,3924.34,2023-12-02 10:29:02.848099,24.255639,86.373735
e4d3e628-d407-4589-9360-a4ea463b688a,308677e52b368b05,ATM-RZHA-6417,ATM,5886.51,2023-12-02 09:38:30.814354,19.11346,72.96255
2e8c6ba7-0643-4655-8f53-64d18661c6d7,ce42adff5fb0bcc0,ATM-QNEF-6558,ATM,5886.51,2023-12-02 09:42:42.093790,24.22748,86.370317
6b40c031-0528-4b38-9c26-b4b41648d872,09faa805bb9366e1,ATM-GQWR-0053,ATM,3924.34,2023-12-02 09:45:16.988172,13.040742,80.233591
d8d54eab-b76f-4673-b251-1735ac5ff489,bda9d41fa5c88946,ATM-YSVU-2141,ATM,3924.34,2023-12-02 09:21:36.814793,24.200501,86.263611
299f2780-f73a-47fb-87b1-08cde161ebb7,ce42adff5fb0bcc0,POS-LMSC-0903,POS,3924.34,2023-12-02 10:29:32.978678,24.251167,86.31549
fe6b4f96-5941-4c37-8669-9420de477426,c3f72c30b76aac18,POS-CCEJ-1829,POS,11773.02,2023-12-02 10:03:05.740199,28.483759,77.421687
740b57e3-17e5-456c-9586-efd5c726b444,9161da7be526b717,ATM-LXJN-7058,ATM,11773.02,2023-12-02 09:07:31.709727,24.173982,86.307179
896dc11f-8bb7-49e0-be45-a1dc40612516,6719077e3a6cd655,MIC-MRWP-2204,MICRO_ATM_CSP,11773.02,2023-12-02 09:43:58.857225,24.004128,86.816685
eb0ccb81-0793-4173-8b81-cdcae1f83f0a,6e8a7e20f88060bd,POS-VOZQ-9886,POS,17659.53,2023-12-02 09:06:02.678929,22.52386,88.347869
c8ad2235-e3eb-426f-8fbc-20a81f1a17b8,392ff47fb759eb21,MIC-MVZK-2622,MICRO_ATM_CSP,17659.53,2023-12-02 09:21:06.664185,28.509196,77.401088
2bb2982a-9dfb-44b2-a562-d285d17ac473,d2a18138bda39826,ATM-GBZJ-9965,ATM,54309.86,2023-09-28 02:22:17.548761,24.007111,86.847735
a10f1a55-bbcc-4920-ac25-f91dd664facb,6719077e3a6cd655,ATM-TQRZ-9977,ATM,54309.86,2023-09-28 02:26:05.300821,23.987512,86.755016
3b82c118-8cc9-42a0-adeb-dbe657afde3b,2a925c837b42a9e9,ATM-KAMJ-5141,ATM,54309.86,2023-09-28 02:48:45.832027,24.220851,86.243884
e89b1d04-4064-45b2-81dc-90eafc021ef5,1a5374909c292cdd,ATM-JHUB-2542,ATM,28880.0,2023-05-26 20:10:40.125149,28.114119,77.03084
d0a485d5-8fe6-464a-a646-983b99e455ac,131a7708363db506,ATM-FLWU-3757,ATM,28880.0,2023-05-26 19:47:42.734978,22.522298,88.396667
66779ff3-c787-47be-81c9-753fa3a4a5b0,78412091d3702307,MIC-KDNN-4964,MICRO_ATM_CSP,28880.0,2023-05-26 19:48:23.694739,28.035497,77.055081
3ff6368b-f677-4618-b73e-faef348a2053,6db4b99434e0bedb,ATM-CVSF-3189,ATM,28880.0,2023-05-26 19:44:03.914911,22.484225,88.410846
327ce44d-69a7-40df-b97b-8c03253a5103,7cc7eb9a9438c1e2,ATM-LLNR-2103,ATM,9626.66,2023-05-26 19:26:07.500823,24.217677,86.301617
923d4189-3257-4601-9873-512677d163bd,6877ffca8e5a30eb,MIC-NALK-8149,MICRO_ATM_CSP,9626.66,2023-05-26 20:00:34.611491,24.362274,86.338275
e141cb9f-f679-4897-b11a-d9a8f4503a1f,ad5fe18df494f9d9,ATM-QACS-7268,ATM,19253.33,2023-05-26 19:32:24.608906,13.160718,80.245434
b9b80c94-f43f-4041-b306-54a10ffa17ec,6877ffca8e5a30eb,ATM-PQCC-8106,ATM,19253.33,2023-05-26 19:08:06.537057,24.217005,86.279009
f4d69ed7-6899-4e95-ac43-8747e40d7cfb,4c0944feeeafc246,ATM-AJRW-9662,ATM,9626.66,2023-05-26 19:17:05.044931,22.582886,88.391816
ea24de73-99f8-4105-a48e-d9c3776b2785,d95d8cbc786fbe44,ATM-HYAM-1311,ATM,9626.66,2023-05-26 19:00:10.155571,30.933018,75.779418
a5c13c3b-e3d1-4bdf-877d-858966ae73d8,6877ffca8e5a30eb,MIC-IRCE-9338,MICRO_ATM_CSP,9626.66,2023-05-26 19:06:09.319621,24.173789,86.312232
60f5d633-1e4a-4977-a917-0476af771343,3fdb81fcdd99b495,ATM-OHWW-0846,ATM,14440.0,2023-05-26 19:23:27.381834,13.076138,80.306096
2385b595-db1f-4098-ae45-40098f2f1903,09faa805bb9366e1,ATM-HBLE-7913,ATM,14440.0,2023-05-26 19:03:17.319004,13.022588,80.29959
8b1f1048-50ec-42b2-ab43-98d4d15dd80c,8687a4cc583aa0ae,ATM-RDBI-0309,ATM,14440.0,2023-05-26 22:00:26.055913,24.161446,86.280565
721d3eda-5a50-4541-9884-34efdfcb551e,0f402318041204af,MIC-SZXN-2848,MICRO_ATM_CSP,14440.0,2023-05-26 20:02:32.644961,24.243669,86.389975
e40e107c-a9ed-4fa3-8579-eac28b160c14,e0bc7472ab1f2964,MIC-HIFF-5141,MICRO_ATM_CSP,14440.0,2023-05-26 19:27:51.941864,30.910584,75.923082
0381c284-6a21-4b1c-aa9b-e5d1b9e39e1f,45243675010d84fb,POS-GAPP-2707,POS,14440.0,2023-05-26 19:23:46.801515,28.091655,77.077172
0d0bd5c4-fb69-430f-b2a0-f128ef367f14,d95d8cbc786fbe44,ATM-JGPO-8729,ATM,6417.78,2023-05-26 20:06:44.372914,30.908711,75.809991
4d2c9da1-e65e-46c5-be35-f8d16f94b3a2,6877ffca8e5a30eb,MIC-XQBN-7810,MICRO_ATM_CSP,6417.78,2023-05-26 20:15:53.123390,24.133369,86.410675
b3b75d32-5254-4e0c-8048-c59446d8e68f,4c0944feeeafc246,ATM-CZCE-2907,ATM,6417.78,2023-05-26 20:33:09.224124,22.632535,88.337698
b364ac4a-0e71-4efd-9e07-09d011879775,1a5374909c292cdd,ATM-AHZX-5604,ATM,9626.66,2023-05-26 19:14:44.463136,28.178348,76.951387
2c2884d8-9202-450b-a786-0345589ea0fd,131a7708363db506,ATM-ACYZ-9023,ATM,9626.66,2023-05-26 19:08:06.708265,22.545398,88.326963
9d7f9736-6838-4574-ab19-a03c61ed3b03,7138f04a79804589,ATM-FUIA-8634,ATM,9626.66,2023-05-26 19:24:17.966690,28.089546,77.08191
496b8cef-7b6a-4075-bd65-86df2d7c6a0e,d95d8cbc786fbe44,ATM-QCZD-9577,ATM,9626.66,2023-05-26 20:54:11.228996,30.93915,75.852433
6fdc2f59-3c59-4a42-906f-1335ae03ab62,c944a5acdd141b53,MIC-PEGR-6561,MICRO_ATM_CSP,236049.25,2023-11-09 16:49:39.816910,13.164773,80.280465
e5870720-917d-4543-9635-d14f57a7b5c8,2c66670eaef4dee4,MIC-AAPX-5620,MICRO_ATM_CSP,172667.31,2023-12-01 19:36:57.214634,30.866995,75.936994
6221110b-4833-4f0f-997d-802dc3321bfe,294291ddc1b5dcaf,ATM-TNMV-9635,ATM,49432.58,2023-02-28 22:55:16.155944,13.115576,80.327391
08fcf3f0-b85c-4a7e-ae67-044fb2eb8fd7,4ea91a930097779c,MIC-ENNT-6015,MICRO_ATM_CSP,49432.58,2023-02-28 22:51:16.617504,24.157653,86.229565
b47145a1-fbde-4921-a150-42a8d2005bc5,78cfb5c38ee21247,MIC-SNAO-1869,MICRO_ATM_CSP,12358.15,2023-02-28 22:22:24.713364,23.921148,86.732944
1ef00b9f-e130-4bad-8d08-a5b8e6e7f15c,5f314f6228b18b11,ATM-VLYQ-0998,ATM,12358.15,2023-02-28 22:39:12.515722,24.184035,86.392107
8f0e7806-2d03-4c85-ab69-4d067098a233,5f314f6228b18b11,POS-FKTW-9569,POS,24716.29,2023-02-28 22:43:12.215011,24.187841,86.302466
c1faaa10-8292-4273-b32c-2feb3470e47f,c171b589b00915b9,ATM-VZLK-2691,ATM,49432.58,2023-02-28 23:19:26.000067,30.841192,75.81694
65e36748-c1f8-4089-b811-570f4c7164ce,78cfb5c38ee21247,ATM-ZOCC-2532,ATM,8238.77,2023-02-28 22:28:43.850803,23.8635,86.829461
58ed3fc1-d185-4fd9-90e4-a214c3da2276,5f314f6228b18b11,ATM-VJJF-5534,ATM,8238.77,2023-02-28 23:06:05.050815,24.162268,86.400466
3177463c-fd86-466b-94da-7e4bf97c7889,5f314f6228b18b11,ATM-YBNA-6734,ATM,8238.77,2023-02-28 22:53:38.837297,24.157624,86.331293
6846bddd-cec8-42f6-9c17-735bd39b7731,c00017baec900020,ATM-PRLU-1583,ATM,8238.77,2023-02-28 22:35:34.497143,24.217609,86.278186
223044c1-6725-40b3-8bd8-2a9b59405bb4,40a7839d77ce9523,ATM-EHEQ-1772,ATM,5492.51,2023-02-28 22:36:42.831157,30.973909,75.890181
5c0b5d94-ca66-4c09-8c40-8e45ade4146f,095c1c65e3981f27,ATM-YAVG-2451,ATM,5492.51,2023-02-28 22:41:38.019538,23.965618,86.781355
2f86d183-98ab-45f6-8d6c-ddfbde4a3a14,1060b2a279af1d01,ATM-FYUA-9691,ATM,5492.51,2023-02-28 22:55:09.472288,24.05215,86.75934
ddbab657-c364-43b2-b05c-ccd6c0bcf34f,40a7839d77ce9523,ATM-MSRK-1749,ATM,24716.29,2023-02-28 22:36:11.591656,30.902453,75.850998
8c0e2630-1769-4b36-a73c-9b1b38f8a084,5056c4fc4739600d,MIC-WQKL-4763,MICRO_ATM_CSP,24716.29,2023-02-28 22:55:33.653338,30.911561,75.781862
8080e6c5-f5a2-4f08-b02f-534bdd3c5e3b,6942d07ea440a530,POS-VQZW-2980,POS,86638.25,2023-04-17 10:16:53.213073,23.966963,86.751879
7c05c7cb-6cb3-4a3e-ac63-407fa5f46928,562772d2f729f0a9,ATM-JDMW-6791,ATM,86638.25,2023-04-17 11:29:46.926892,30.897281,75.838699
baba9118-3c00-47f3-8a07-0c0ced0dc7d0,5234e2681fb4977e,ATM-KKFF-1596,ATM,173276.5,2023-04-17 10:39:44.903921,24.290131,86.294985
987b2ada-7c6a-4f08-b9ca-71f447c9541a,fad5cbcf2a4d463c,ATM-RXFK-2042,ATM,44548.36,2023-07-26 16:02:11.217660,30.860477,75.770646
cd2f5f82-5f28-46bf-92f0-c8100077c332,9b32e2cba3851a8d,ATM-VCKV-8681,ATM,14849.45,2023-07-26 15:43:33.408841,24.178309,86.229677
9e1d359f-a36f-4785-b937-272cf48e5368,3bd42b5cb95fedf9,ATM-WMTN-9515,ATM,14849.45,2023-07-26 16:17:38.496790,12.977948,80.353867
da6c13c8-3eaf-4f1d-8350-126db8c44cd6,4a013702888d6ac4,ATM-FPLG-5817,ATM,14849.45,2023-07-26 16:17:19.104446,28.612316,77.402461
b0c0945e-2ef1-438a-a53c-4057b6b0c668,93a252f15bde845b,ATM-XREH-8411,ATM,89096.71,2023-07-26 15:50:28.403368,28.503893,77.316152
d30e816e-7c1a-40a0-8520-ce110f0f6e6f,72757e65d62df2f2,ATM-UFOW-9892,ATM,7746.99,2023-12-23 16:10:48.104761,30.954536,75.820893
b91535ae-658e-4bd8-bb25-a7aa601cca02,8cd344c9dfe0dd5c,ATM-QSNF-4477,ATM,7746.99,2023-12-23 16:20:00.834599,23.91533,86.862774
c302a4d9-f9e7-428b-8f73-12bde28638f8,b0c598b744054043,MIC-DFIW-8383,MICRO_ATM_CSP,317886.27,2023-07-11 12:25:53.894046,23.886263,86.830972
d345917a-edcb-4953-8809-fe948c7304be,ba703db5e0293b48,MIC-GZTM-6945,MICRO_ATM_CSP,48114.04,2023-08-03 02:57:14.815995,22.642337,88.420531
072a1769-65ce-4d9b-a7b7-1f214a01d795,91ff603347d3f90a,MIC-PXRF-4371,MICRO_ATM_CSP,48114.04,2023-08-03 03:02:55.204394,28.08687,76.914483
bbdd43ee-cce3-46d9-b46e-d06b2eff08bb,a2be5453e6de14d6,ATM-HJSM-4771,ATM,96228.08,2023-08-03 02:34:25.570145,30.853671,75.859678
348eb05e-3e12-4731-9ac0-267f7eb3473b,39647341f69d4904,ATM-QOOG-6265,ATM,32076.03,2023-08-03 02:46:36.417254,28.532019,77.366296
6f4bf920-cfad-45b7-b4be-126c25907a88,8595d99a4d487472,ATM-ITLJ-4600,ATM,32076.03,2023-08-03 02:30:00.690281,28.483685,77.339002
12209ff2-06ea-4ffc-9e1d-358771c39063,93c4f2afeee071da,ATM-HRWF-2077,ATM,32076.03,2023-08-03 02:43:03.329463,19.033196,72.870333
037d1626-279f-4053-85a9-081357474280,0f39aa3b13e7e3c0,MIC-VPIX-9388,MICRO_ATM_CSP,59939.2,2023-11-28 09:50:58.933693,30.937623,75.815358
5ed08e55-7cee-4a21-90fd-22e5d4713faf,25e15980a34119d6,ATM-WCTB-9632,ATM,59939.2,2023-11-28 10:17:34.108654,24.14775,86.212656
3307e169-7d1e-4a8a-94ba-ad17d8a577c7,a2fa3041d552b090,ATM-TIMC-9934,ATM,59939.2,2023-11-28 09:48:28.164875,28.529191,77.40199
a4435a63-6185-4b91-8ff9-d1064601d646,2647f966c1839f83,ATM-EXKF-6829,ATM,233259.46,2023-02-28 07:49:06.984820,28.081865,76.962302
c09a4455-7a0c-469d-927c-08fe3cfede3b,e3ca269f60d6d65f,ATM-PFOB-3748,ATM,353836.22,2023-08-06 02:03:36.837877,13.078492,80.270649
a43f9622-cdb8-45bf-a728-5c2abb043fe0,8687a4cc583aa0ae,ATM-PCNO-9734,ATM,38085.66,2023-11-14 17:06:34.666885,24.171608,86.356821
3fa4ef07-a2f6-4e04-8198-ea58b5fb58c4,96739c6dc7f02b5f,ATM-NPFH-7307,ATM,38085.66,2023-11-14 16:45:24.539316,30.912259,75.799505
51c218bc-fbcb-4875-81b3-f7f573f6b5e2,b2e3e791ec389fae,ATM-MDNV-3926,ATM,38085.66,2023-11-14 16:53:27.512123,23.942126,86.737672
68c1e686-1fb7-4e08-91a9-04869959bd77,91ff603347d3f90a,MIC-WFDY-8202,MICRO_ATM_CSP,9979.21,2023-04-20 13:56:14.241209,28.159211,76.993476
3d952006-68cb-47f3-8aa0-d6d6d002d02e,1b753779d07e2b97,ATM-FISK-5396,ATM,9979.21,2023-04-20 12:48:22.661689,28.639082,77.512353
fe595f56-9f49-46ba-9afa-ae0b2020ef88,1b753779d07e2b97,MIC-XXZN-1081,MICRO_ATM_CSP,9979.21,2023-04-20 12:46:55.584367,28.530909,77.471188
91189c97-b816-4eaa-a899-cdf77f8ece81,62cfc22d05ce7763,MIC-HRWN-9273,MICRO_ATM_CSP,9979.21,2023-04-20 14:14:07.102293,12.957637,80.22677
d5960b6e-c927-45ab-8d12-4176af1cbfb1,1b753779d07e2b97,POS-UPFF-8442,POS,6652.81,2023-04-20 13:43:36.930001,28.536526,77.400933
7065cf00-019e-4d54-be50-799bc7b5ada2,6da47df28d1aad11,ATM-FTXH-6040,ATM,6652.81,2023-04-20 12:43:29.176800,30.928572,75.788039
0e41fe98-1a38-438c-ba28-71df27c2aa78,eeb7ceafb88813a8,POS-FYJC-1046,POS,6652.81,2023-04-20 14:07:20.202545,19.082686,72.939598
93deb551-3fab-4580-ba02-c2d4fa676f48,febf24426daa34df,MIC-AGQW-3837,MICRO_ATM_CSP,19958.43,2023-04-20 13:32:19.997635,18.974992,72.836604
c2f7abdc-4d35-4b58-912f-5ba5de5fbebc,39647341f69d4904,ATM-QYWW-5957,ATM,19958.43,2023-04-20 13:13:13.375503,28.598724,77.360458
09f02e14-f13f-41c3-96ad-0641ad3ef009,ee953cbc6fe1c738,POS-SGLI-1728,POS,19958.43,2023-04-20 12:56:51.929089,30.905935,75.876276
e41c7350-a93d-437b-8a29-2edd35ba56ec,94fdc6b8e876af4b,ATM-QBFD-1323,ATM,167430.34,2023-07-26 04:32:20.574805,28.559903,77.386711
e6131009-4c5c-4344-a225-1cf77b896115,4214d918811a3778,ATM-IHGE-7800,ATM,167430.34,2023-07-26 03:37:24.272944,24.20428,86.302963
e043530e-7944-482c-9661-faa20467d3fc,6da47df28d1aad11,ATM-AWBF-7412,ATM,66197.01,2023-01-28 07:11:49.195043,30.918593,75.848231
b99da713-3e91-4134-8ec4-1349e8408df7,6d15ef43c18a5e44,POS-QPFV-5525,POS,66197.01,2023-01-28 07:22:55.904959,19.05306,72.863768
50b90cc2-6ad4-4941-bfff-a8d0ad464dcf,10e4948592a3bbc6,MIC-JKWD-9790,MICRO_ATM_CSP,37968.94,2023-04-06 03:14:52.077809,23.961328,86.763282
c228b95f-513d-45df-9b1f-467d532f7b38,ce42adff5fb0bcc0,POS-NGPN-0008,POS,37968.94,2023-04-06 02:37:35.031976,24.234142,86.222788
5bab31b4-8d5d-45a3-a19d-25e5501d8cb8,4bd8066a7ff43612,ATM-FSDC-6536,ATM,25312.63,2023-04-06 02:45:06.532233,13.095894,80.21333
2bb51449-416c-4f82-8f21-428b137f7df6,673042d418c5aa70,MIC-UBLW-1148,MICRO_ATM_CSP,25312.63,2023-04-06 02:33:14.213814,13.013492,80.238866
4144c89c-36ea-4f94-8304-f9533a02be1e,577744147cf6f197,ATM-IMPZ-5142,ATM,25312.63,2023-04-06 02:47:47.149920,22.61187,88.328764
7ff71844-ca75-4689-91cf-9d697c9a8175,76e37cd876827e1a,ATM-CGHG-5628,ATM,33670.11,2023-07-06 23:56:58.583796,28.069482,76.975062
b3ab0bab-793d-4119-8705-fe56c3cda3b3,6877ffca8e5a30eb,ATM-BBDY-8009,ATM,33670.11,2023-07-07 00:11:38.485285,24.199867,86.312826
58802abb-6a33-44e3-9e75-91bd3b1628af,095c1c65e3981f27,MIC-KYKZ-0415,MICRO_ATM_CSP,67340.22,2023-07-06 23:50:20.571477,23.942672,86.784567
ba9b6255-1034-49c0-87de-1b0442a90732,6877ffca8e5a30eb,ATM-IUXZ-0786,ATM,67340.22,2023-07-07 00:17:06.404350,24.233924,86.273712
8b0c427e-7fb3-4c42-9546-4142dbfe852c,a2bbd14a2f29203e,ATM-OJPF-4915,ATM,124863.73,2023-09-15 07:15:39.440010,23.910583,86.841235
f59e6b23-ce88-4e4e-b610-79c16739573b,b0c598b744054043,POS-YJDH-7009,POS,124863.73,2023-09-15 08:27:48.083171,23.991874,86.797481
7d8ff52d-6dee-4ba0-a5be-5282f07dc31e,18d4b8c5d301d3fc,ATM-CVDZ-9774,ATM,124863.73,2023-09-15 07:37:30.478433,23.903538,86.789347
26e233dd-2d23-4414-95e6-0943e27a537b,9c39fecd110d5cad,MIC-QTDB-4519,MICRO_ATM_CSP,95432.08,2023-12-31 02:36:26.514228,13.030879,80.316487
09d7f913-1bbc-4e69-b0bf-3bf4db80429f,4d615301bf0f358a,ATM-YNTV-0047,ATM,95432.08,2023-12-31 04:29:18.656696,30.913631,75.843638
1286989f-b2b3-45dd-baea-5cf099bcc082,670cc11c904cb688,ATM-EQWR-2484,ATM,11664.67,2023-10-18 19:42:19.924319,24.146268,86.334314
10a03877-05f1-401a-93f8-4f3430e8cc5d,77323791caaf34e8,ATM-HCPU-6872,ATM,11664.67,2023-10-18 19:33:34.745824,28.457191,77.345739
3f885b07-0a39-4794-8d07-15504e313c87,b92b6e9f899d8fd9,ATM-HAUA-4242,ATM,11664.67,2023-10-18 20:09:49.075661,22.618318,88.334749
5adc5ec4-6cbc-4e56-b7d3-52f5e17a0441,25b04eca97925f46,ATM-LVTL-6804,ATM,17497.01,2023-10-18 20:08:38.036892,24.171963,86.294008
68697d37-9ec3-467c-bd17-f60ca224e2ca,05e58b535004d596,ATM-UICY-7541,ATM,17497.01,2023-10-18 19:28:23.055217,13.153628,80.288665
8e2e341a-d6e4-4e89-905f-c5f6460cffa1,c3f72c30b76aac18,ATM-ZFWX-7324,ATM,17497.01,2023-10-18 19:45:35.342947,28.543903,77.428528
2d78a210-7c04-424f-b1ff-1e8a7242b832,b2e3e791ec389fae,ATM-VBYV-1401,ATM,17497.01,2023-10-18 19:37:52.780601,24.009937,86.802037
0afe9b94-4ffe-4e69-bc2f-abc0deea8bf1,55a08fadaa1a3e1a,POS-AGIE-8122,POS,34994.02,2023-10-18 19:53:20.773381,28.076565,77.051987
62ae5ab4-484d-43b8-8724-42fda0dec12f,8763dc761991d7fd,MIC-LHCK-7107,MICRO_ATM_CSP,98412.85,2023-10-18 23:16:30.826985,28.571817,77.344544
dae584b8-484c-4021-9a9f-497528054ed2,7fe57d0ff66463b7,MIC-FISS-7023,MICRO_ATM_CSP,98412.85,2023-10-18 22:24:42.452827,22.617065,88.309792
30d56bf3-7664-4bcf-86cc-afdb35b33132,7a10f6d97500d049,ATM-AKGI-8541,ATM,196825.7,2023-10-18 22:42:12.472177,23.927739,86.845473
ebaa4e30-7b94-4cd2-9d5c-dc5e0d66bad3,25b04eca97925f46,MIC-CRFH-0468,MICRO_ATM_CSP,64155.54,2023-12-22 23:01:35.944626,24.147831,86.311242
eeda27cc-108a-4755-9295-42aca0a05739,0b2dda7d9fab34a2,ATM-GDZD-3725,ATM,32077.77,2023-12-22 23:32:52.506189,28.569312,77.389311
a192a432-8734-42c6-b038-e20765d582a5,952daf51a91e8b31,ATM-ZEUH-0966,ATM,32077.77,2023-12-22 22:52:58.296080,23.903071,86.828177
ddbc1664-10e9-4d35-ad3e-2d08271af4b7,4214d918811a3778,ATM-DNGD-9855,ATM,64155.54,2023-12-22 23:36:01.828485,24.223792,86.255568
5dea26b2-897f-497c-a012-8d77ad701496,a40844e151329aea,MIC-MYUF-0213,MICRO_ATM_CSP,61556.03,2023-12-05 05:06:34.115000,24.203476,86.292378
57f23419-606a-4396-8866-4b14078711c6,c08d00055da1c6f6,MIC-CQCI-4089,MICRO_ATM_CSP,61556.03,2023-12-05 03:49:56.691960,27.989969,76.991014
b112ad58-4964-4647-8729-094352bea3b4,b54aa42950315b45,ATM-KUYM-5872,ATM,61556.03,2023-12-05 05:37:05.030784,30.783278,75.869128
76bd8ba9-4d21-4904-8e1b-058f1b926480,218c5d6d080619a2,MIC-PWZP-2577,MICRO_ATM_CSP,99729.51,2023-03-02 10:44:55.329863,30.935427,75.841957
77d7bd04-7df6-443f-87f8-0940cfecdfa5,c4fd7cb5b3b86b81,ATM-QDJS-2904,ATM,49864.75,2023-03-02 11:00:22.068900,28.109015,76.985748
321dfaf2-09af-4b9f-bd5b-b421fadcaf6b,218c5d6d080619a2,POS-KLJL-3059,POS,49864.75,2023-03-02 11:34:06.692213,30.94893,75.874878
0b067524-8d41-400d-963e-ab0fd5be180e,5ea4882b1d06781b,ATM-YIDL-7796,ATM,99729.51,2023-03-02 10:42:20.322127,23.982573,86.762425
62c56bc2-fa5f-4586-82bc-fe7791c1972f,91ff603347d3f90a,ATM-DDGR-6671,ATM,99729.51,2023-03-02 10:49:08.190215,28.104458,77.017706
b9c70fba-8b36-4786-bcd3-3d198e254b01,91ff603347d3f90a,ATM-LTMF-7949,ATM,68318.97,2023-01-28 06:27:32.645691,28.075973,77.009093
b7f3754d-ccee-4478-a913-f87474eb7036,bf87b95509821633,MIC-WUGN-5054,MICRO_ATM_CSP,34159.49,2023-01-28 05:31:31.753433,19.072342,72.844567
b5d97b86-802e-4db7-ad9a-c353e374eb3a,25b04eca97925f46,ATM-PLSB-8193,ATM,34159.49,2023-01-28 05:07:33.583030,24.112572,86.27188
43643640-3405-48ac-a1ff-c8d601c9040e,308677e52b368b05,MIC-SBVS-3825,MICRO_ATM_CSP,22772.99,2023-01-28 05:11:58.611477,19.013004,72.864731
3917b4bc-e8b2-48c3-85de-ac7b3bbf15ae,5590915cce31e2d6,MIC-CJDG-7535,MICRO_ATM_CSP,22772.99,2023-01-28 06:01:07.095832,23.992499,86.767963
a19efb8e-d9e8-450e-be86-e4c5e32246d8,7cc7eb9a9438c1e2,MIC-QTWK-6693,MICRO_ATM_CSP,22772.99,2023-01-28 05:41:59.945093,24.226473,86.358402
80ed730e-a5bc-415a-939d-4bc288285eaf,ed25b3310f976d9c,ATM-SGEU-9770,ATM,73730.93,2023-09-03 16:52:34.218356,24.249193,86.216754
e135b76a-c41d-4fd8-b536-59171b3b33d4,4c33d093c4bea6f0,ATM-OITD-2615,ATM,73730.93,2023-09-03 17:47:53.091620,22.582104,88.401653
aba2a053-e88b-4175-a6b4-db9f70162547,3595b10f9139f7f5,MIC-KYIA-9342,MICRO_ATM_CSP,73730.93,2023-09-03 17:10:21.887929,28.454907,77.331818
cf6ebfc6-8aaa-42a4-a5f2-704e70298e58,801c737176bab764,ATM-VXKA-7323,ATM,47997.74,2023-06-04 23:22:39.415231,30.875932,75.807435
6786df96-6938-4fb2-a200-debe8fd0faa8,25b04eca97925f46,MIC-UYYW-3276,MICRO_ATM_CSP,23998.87,2023-06-04 23:31:17.814985,24.123727,86.245219
73ff08bf-e1b7-4037-a783-1a8a36bf282b,90ccc2d3d41485de,ATM-PBIL-0766,ATM,23998.87,2023-06-05 01:46:58.168784,28.142849,77.002558
4ac189fc-77c3-4eb1-8244-945199476c9b,e41466061105f4e8,ATM-XJXV-1811,ATM,95995.48,2023-06-04 23:12:23.221564,30.825218,75.832692
7fb990cc-dbd5-467d-872f-1dede072d7cc,8687a4cc583aa0ae,MIC-OIQD-3653,MICRO_ATM_CSP,15999.25,2023-06-04 23:23:59.030625,24.227157,86.169405
4a016f47-8bd6-487b-84f8-35980d7a7b9a,90ccc2d3d41485de,ATM-QEFU-1179,ATM,15999.25,2023-06-04 23:14:25.611452,28.118353,76.895041
bce037e6-890b-408b-b23b-fd72a1007cac,96739c6dc7f02b5f,MIC-WFHA-0812,MICRO_ATM_CSP,15999.25,2023-06-04 23:31:55.804619,30.883482,75.869995
15671d49-6a97-46c6-8230-866fed3c7310,150079c7a6c509ea,ATM-APMJ-6453,ATM,47997.74,2023-06-04 23:26:48.086867,28.572369,77.429672
17ee9851-4b34-483a-bcb9-d9e4c5288fee,8e9be22c03d9e1cb,ATM-TOIQ-3294,ATM,95995.48,2023-06-04 23:12:49.129231,28.154722,77.031958
5f926436-6c70-41a7-b898-1e3da7a3a4de,82040f84c6d17a60,MIC-YAFN-8655,MICRO_ATM_CSP,9563.56,2023-05-14 01:12:40.774876,28.511404,77.391083
79b5111a-0ca5-49de-821d-99540df003f5,87cc051ae08428cf,ATM-WJWZ-0935,ATM,9563.56,2023-05-14 00:17:49.574312,24.203733,86.225302
3997a875-f461-494a-b168-f182dba65608,ba703db5e0293b48,ATM-BHYT-4264,ATM,19127.12,2023-05-13 23:11:14.675837,22.546793,88.366976
03ec836b-13bd-43dd-b09d-2894e863e8cc,82040f84c6d17a60,ATM-ACXO-4200,ATM,19127.12,2023-05-13 23:25:33.484072,28.554184,77.464425
f49a1f52-c4d5-4363-beb4-83809117caee,8763dc761991d7fd,ATM-ZQIK-4726,ATM,9563.56,2023-05-13 23:05:36.363944,28.549992,77.3314
124ad627-25b2-45d8-8e35-3079fb68d94b,43e2188fe6ee0e8f,ATM-ITWH-3716,ATM,9563.56,2023-05-14 00:22:26.961507,22.53165,88.409967
c79da923-09d9-48e4-9137-39fba35e0e79,f8e2a6843d0b843b,ATM-GRFR-2566,ATM,25502.82,2023-05-13 23:52:56.011024,30.994745,75.807165
e8b54359-a6f0-4299-b05f-1c4a1e3d9e04,7fe57d0ff66463b7,ATM-DARI-9457,ATM,25502.82,2023-05-13 23:04:45.822060,22.54521,88.460465
b4ea1a37-4c85-42c3-8a1e-735f562e47b0,f8f70366a172abf6,ATM-VPEF-9352,ATM,8500.94,2023-05-13 22:58:55.394524,19.156809,72.906534
9ba8b0d1-e821-462f-86c9-801562db04e0,04cb4af66bbc9cd7,ATM-PTVJ-2090,ATM,8500.94,2023-05-13 23:34:22.781136,28.508991,77.339014
efd4bb2c-113f-41ba-b205-1315abe4c83f,7878fbab6ddda2f9,MIC-OLXJ-6249,MICRO_ATM_CSP,8500.94,2023-05-13 23:27:30.228769,23.928311,86.795988
3cf487ff-705c-4240-814f-c55eca56b58a,96739c6dc7f02b5f,ATM-IOOM-4931,ATM,9563.56,2023-05-13 23:56:10.062746,30.884875,75.779839
45b7edc0-1cfc-4efb-8c6c-a2db547505b6,40b46b1908cf6f3c,MIC-TYKJ-2411,MICRO_ATM_CSP,9563.56,2023-05-13 23:19:17.239964,24.151229,86.306749
c31c42d8-b47f-4cb3-a0f6-89b555db6e8e,a540604a12e6c5bc,ATM-HVBK-9573,ATM,6375.71,2023-05-13 23:05:59.278133,24.166834,86.241016
9a560ec4-cfcb-4313-bf02-0209fd3d3cba,bb6efc9b42a0c6a5,MIC-SVGI-1652,MICRO_ATM_CSP,6375.71,2023-05-13 23:40:01.857924,24.146523,86.291291
430576a8-0f39-4549-9d95-6e3aacc21788,2cea95cfb3bfcf81,ATM-ERXL-0336,ATM,6375.71,2023-05-13 23:25:51.762466,22.502745,88.428114
e5e30513-3d62-41af-83ec-109f0bed7f1e,230e4faa1b38ab5a,MIC-FPKT-7185,MICRO_ATM_CSP,9563.56,2023-05-13 23:07:57.203741,24.127729,86.335041
9f830c5f-1c14-4bf9-a9a7-c4f9791f35dd,6b92513a58c1d9b4,ATM-PLTU-1071,ATM,9563.56,2023-05-13 22:57:03.783313,13.175397,80.207991
eda19605-0d43-4e8b-af79-6ec16092532d,8595d99a4d487472,MIC-ALSW-0896,MICRO_ATM_CSP,9563.56,2023-05-14 00:04:44.391320,28.703229,77.337143
b5c0dcf8-677e-4db4-a463-daf895b170e1,e15635324afef7f6,MIC-CAMW-0294,MICRO_ATM_CSP,9563.56,2023-05-13 23:22:55.047438,28.525487,77.367847
28fa39b3-c023-49d7-b40c-71097e1d1e50,febf24426daa34df,ATM-EMPA-4671,ATM,7862.24,2023-03-05 06:41:20.813710,19.058911,72.81201
519acade-c5cb-49e8-bbd1-45377514be4a,d808e7485fc3520a,MIC-HJNM-6129,MICRO_ATM_CSP,7862.24,2023-03-05 07:03:51.713380,28.077532,77.037247
a38b6ca0-f6ef-4019-a71f-6223d93d6af4,18054a93ec8f02eb,ATM-SNCH-5368,ATM,15724.49,2023-03-05 06:41:54.727852,13.107064,80.176041
47f52b6b-bbb9-43bb-af53-b30ff428c566,577744147cf6f197,MIC-JJWF-6884,MICRO_ATM_CSP,5241.5,2023-03-05 06:50:19.437843,22.56336,88.364151
c4002eae-8fc6-43f4-9758-5033309e0e77,394194a39a57bcc6,ATM-KTEM-4122,ATM,5241.5,2023-03-05 06:19:12.013105,22.565964,88.459431
8547c22f-c5f1-4c83-a803-bef7a815333d,9c39fecd110d5cad,ATM-WIKF-0082,ATM,5241.5,2023-03-05 06:42:47.951289,13.039302,80.275397
1fbfbce8-e8bc-441d-849b-ad548b7be8d8,6719077e3a6cd655,MIC-VDLT-7483,MICRO_ATM_CSP,15724.49,2023-03-05 07:00:46.432287,24.007919,86.757712
82cb6b73-a73f-46d1-b61c-0f83b4cb3a61,e3af0705ba5a43fa,ATM-KSLH-7910,ATM,7862.24,2023-03-05 07:04:53.980061,13.076599,80.313205
d501841b-c8d9-4fac-aa33-6ea221cae3b0,400a95ae23792cbd,ATM-ATOF-0339,ATM,7862.24,2023-03-05 06:31:46.104111,28.094596,77.016253
e02e4608-e1e4-4f46-8680-c9ea32da492d,f2096f718ea48500,ATM-XFDU-8635,ATM,15724.49,2023-03-05 06:56:14.745663,24.167295,86.312861
afe50eda-9f4d-4967-a761-70a3009b781f,569e825e4e2fc336,ATM-UGER-8002,ATM,23474.32,2023-08-02 19:24:20.726626,22.508542,88.390207
55e17123-c9b4-40ec-baf7-8b7974506124,9b32e2cba3851a8d,MIC-VDQM-6024,MICRO_ATM_CSP,23474.32,2023-08-02 18:17:26.333246,24.159458,86.227351
201c47d4-d540-4a98-ba8e-37b63150981d,e443efdf9bae5f0d,ATM-IGUB-8866,ATM,15649.55,2023-08-02 19:49:54.626208,28.189692,77.019266
e3fe7b50-eced-4e70-bd90-1a3989ae4db8,3963b6f6f79dd7db,ATM-OXCI-5333,ATM,15649.55,2023-08-02 18:50:59.321368,28.018409,77.09396
0e0b6d20-d7ce-423b-81b2-d6f3df06e5a8,a17d089448d398b5,POS-THIY-4329,POS,15649.55,2023-08-02 18:29:12.711410,22.60543,88.34703
23149c3b-a7ba-4828-ad70-39d7dcebaa33,3690c9c1867520be,MIC-EDJM-0492,MICRO_ATM_CSP,15649.55,2023-08-02 18:30:09.897704,13.080978,80.317805
f3e85806-678e-4a61-9c63-1ecbb622c92c,400a95ae23792cbd,ATM-SQRZ-5358,ATM,15649.55,2023-08-02 18:13:32.595797,28.0369,77.06067
58850881-1f5a-4c75-8ba3-0e1acf352c8f,87cc051ae08428cf,ATM-CFAK-4190,ATM,15649.55,2023-08-02 19:43:42.140546,24.190021,86.289463
f5361189-cd93-4c7d-b317-68561610cc20,3690c9c1867520be,ATM-FGXD-2080,ATM,46948.65,2023-08-02 18:27:54.934380,13.193003,80.335815
7b1e29fa-9080-4cef-a247-d7f305074d24,0f1ad65543378e63,MIC-ANKN-7655,MICRO_ATM_CSP,15649.55,2023-08-02 19:49:35.080690,22.52905,88.377184
38a46d6e-138c-43ff-90c1-8f3778a4d84b,7aced6cb9bbebdd4,ATM-DCYJ-2685,ATM,15649.55,2023-08-02 18:41:36.490433,22.522461,88.386095
b61b4298-ad75-46cc-944f-ecf5e5548483,6719077e3a6cd655,ATM-BGMR-3831,ATM,7824.77,2023-08-02 18:39:20.191762,24.056077,86.8903
f751de16-bc99-41e2-86aa-6a33f441aad4,c08d00055da1c6f6,ATM-GBSA-7146,ATM,7824.77,2023-08-02 18:25:52.248186,28.13307,77.024299
d62d69e9-30fd-48f1-b128-959eb3b2a68f,6da47df28d1aad11,MIC-SSAG-6043,MICRO_ATM_CSP,15649.55,2023-08-02 18:22:16.197738,30.892101,75.959591
5dc7db1f-5df2-4e8e-90bf-2e0e1766cc7b,9b32e2cba3851a8d,ATM-OOGP-2891,ATM,10433.03,2023-08-02 19:06:03.329971,24.314969,86.343595
c84b4ce8-34fe-4a71-b627-bc4fc1e40b7c,f79cd1fb09127f5f,POS-CFID-7213,POS,5216.52,2023-08-02 20:07:22.932431,30.878163,75.861411
0720d124-c908-4930-96a7-15eb10000b06,0f1ad65543378e63,ATM-WYAC-2052,ATM,5216.52,2023-08-02 19:25:33.258753,22.579295,88.32294
d1e52ec9-14e7-4a64-ba1f-9a0799437a65,f1768bad6f1e3ce2,ATM-YXLH-9095,ATM,5216.52,2023-08-02 18:07:08.231451,19.083001,72.904056
53e76eff-ce59-41a5-ba45-3277ef248b3c,87cc051ae08428cf,ATM-EXHC-0348,ATM,5216.52,2023-08-02 18:13:16.271289,24.146734,86.354882
e2c00a69-0538-449b-aa38-200c635900a9,2647f966c1839f83,MIC-TSRI-3908,MICRO_ATM_CSP,60674.68,2023-02-28 10:36:08.467625,28.075926,76.957493
2c345e74-8697-48bf-956a-2628f955c82c,61e2d8223e4abb31,ATM-RKSI-1684,ATM,60674.68,2023-02-28 10:25:55.408426,13.128347,80.283508
2b539492-06f7-4228-9273-2bcb67f6589f,20d1004be5275449,ATM-YPGB-5380,ATM,60674.68,2023-02-28 10:38:02.233047,22.605077,88.402671
5a9ecc32-b6a0-4690-a5cb-7183d987a72d,25b04eca97925f46,ATM-UHNN-1757,ATM,60674.68,2023-02-28 10:49:33.289961,24.149428,86.343251
e50ca8b0-0789-483e-b6e8-415babc991eb,c944a5acdd141b53,ATM-DOAT-4986,ATM,60674.68,2023-02-28 10:23:24.735823,13.078713,80.20683
d9814fca-aa02-4e69-a540-d34d27500003,4a2108204892de8a,MIC-LDNX-1086,MICRO_ATM_CSP,60674.68,2023-02-28 10:31:37.461145,23.994773,86.869851
9666f90e-a2d5-49f8-a53f-fc9864bc3109,8595d99a4d487472,ATM-DPWI-5248,ATM,43842.29,2023-05-12 00:12:04.695753,28.507869,77.445916
4c058b12-f5c2-40ac-83f2-3a53d5fe6c80,a77e1110504ea4de,ATM-KUBB-0480,ATM,21921.15,2023-05-12 00:46:49.885505,24.158774,86.292092
3db1c0cf-a965-4964-abc2-a301824a7006,09faa805bb9366e1,POS-RLZF-1699,POS,21921.15,2023-05-11 23:50:44.329706,13.07699,80.242366
4914f3d4-e81f-4b47-83b2-b5b7ac3904ee,6ccfba4193d971a0,ATM-RSRQ-0287,ATM,43842.29,2023-05-12 01:51:59.699713,24.251774,86.281328
772e9198-8571-471f-89bb-c89ecbbffefe,79a8772dff7b3fdb,POS-ZKIH-7522,POS,43026.01,2023-01-26 10:53:21.970853,24.22652,86.246906
364acf72-05bd-4cd9-a359-88bf44c03920,400a95ae23792cbd,ATM-YKUK-8683,ATM,43026.01,2023-01-26 10:19:38.127336,28.089031,77.123892
e1c868a6-bb1b-4ce3-a46a-58f195a552fb,fed6a0b55d80fbac,MIC-GGAL-6117,MICRO_ATM_CSP,21513.01,2023-01-26 11:02:05.618389,27.994497,76.9807
a8753724-0acc-4d3e-bf2b-da96e20101e2,55b4926e5d4cc375,ATM-DVQF-8653,ATM,21513.01,2023-01-26 10:49:45.966783,23.927046,86.801349
ab26f9d9-0ae0-485e-95b8-a122af7c245e,45d630ed37506629,ATM-FUSY-9163,ATM,21513.01,2023-01-26 10:41:04.952311,22.539002,88.406083
81035365-b9ae-4f89-86cc-1938ef820899,1dfa14d724111f5a,ATM-XOOP-2786,ATM,21513.01,2023-01-26 10:55:28.663151,28.636121,77.402775
641699c5-6d96-4c49-994a-9dc8ffb08916,bdb8bd7283b2a364,ATM-FUTH-8177,ATM,14342.0,2023-01-26 10:35:31.469417,22.491722,88.436695
da8258aa-0b52-4cf7-bf00-d4e45f3704ea,20c2089f25f299fe,ATM-WGOV-6484,ATM,14342.0,2023-01-26 11:07:52.102902,28.093496,77.044425
5e1d135f-d34d-408e-bb94-6960941311ec,10d88bee675e95d1,MIC-CBWW-7379,MICRO_ATM_CSP,14342.0,2023-01-26 10:35:25.293129,24.240735,86.227362
05c4df54-46a6-4add-8460-a05b4502d5d5,45d630ed37506629,POS-UWGU-3188,POS,21513.01,2023-01-26 10:29:25.352346,22.53362,88.418384
3c91669a-cb49-47df-9234-2e0f94e02bb4,026a402f7a19d725,MIC-NPHV-3140,MICRO_ATM_CSP,21513.01,2023-01-26 11:12:05.252793,23.942549,86.763262
81106a07-5f9f-4cf5-805d-7324d54a388d,488c8c92e7abac83,ATM-GSIR-0598,ATM,15021.81,2023-01-08 08:39:53.331214,28.592192,77.392964
242a244f-2592-4c37-8521-222a58035e4f,308677e52b368b05,MIC-PHIG-7220,MICRO_ATM_CSP,15021.81,2023-01-08 08:05:01.417752,19.051766,72.939073
63ac2127-b35f-47ac-897f-b0ff993bfbd5,308677e52b368b05,ATM-VKPF-7463,ATM,30043.63,2023-01-08 08:27:04.440052,19.010215,72.826046
d61693ae-e8aa-4b0d-b147-57474430c69a,78412091d3702307,MIC-TGQG-1328,MICRO_ATM_CSP,15021.81,2023-01-08 08:12:54.783194,28.117572,77.017394
2b962389-8c7f-4710-9683-4560ce946d38,3fdb81fcdd99b495,ATM-WSGI-9457,ATM,15021.81,2023-01-08 09:00:36.569524,13.137585,80.285281
c336ed80-d3f4-47fc-85cd-e502cb2f3a75,ba7a465e61a11230,MIC-NXKZ-0382,MICRO_ATM_CSP,22532.72,2023-01-08 09:06:23.298785,19.082777,72.842739
e43c7367-4d0b-4b39-9f61-8e9f30cb93c9,90eba30e6ce8087e,ATM-XMOL-4105,ATM,22532.72,2023-01-08 07:52:43.347358,22.634306,88.35647
695429e6-bf25-485d-9b30-41abe9723ca9,6877ffca8e5a30eb,ATM-YZIJ-3475,ATM,22532.72,2023-01-08 07:52:04.748221,24.162994,86.263516
9083d34f-92d8-4e95-b98a-3b4384e53cb4,6da47df28d1aad11,MIC-DZDA-9078,MICRO_ATM_CSP,22532.72,2023-01-08 07:40:17.567127,30.907012,75.789135
5cc68b3b-38ea-499b-8efd-dee58daef76a,76e37cd876827e1a,ATM-IEBL-2695,ATM,30043.62,2023-01-08 07:43:09.158830,28.048108,76.945216
ac9e51aa-5f72-4fba-87aa-44f521467e15,6877ffca8e5a30eb,POS-NZFG-1749,POS,30043.62,2023-01-08 07:37:28.458909,24.285526,86.376736
313ff3fc-e598-46ba-9cff-f02dbc66462e,6db21f4c4eca72d8,MIC-SKSU-9090,MICRO_ATM_CSP,20029.08,2023-01-08 09:09:49.754588,28.070385,76.91137
d4cf8223-b26f-491a-84e4-0a59508b2db5,25b04eca97925f46,MIC-EKPU-3883,MICRO_ATM_CSP,20029.08,2023-01-08 09:15:31.080549,24.210846,86.339169
d2bc34b0-4679-4691-b9fb-312c87e58fe6,249a5fdb3aa3e639,MIC-WPOT-3968,MICRO_ATM_CSP,20029.08,2023-01-08 07:31:45.371553,24.217585,86.246278
ca10a440-8be4-4f8a-8253-29eabbefc362,76e37cd876827e1a,MIC-CSIC-4409,MICRO_ATM_CSP,60087.24,2023-01-08 07:57:25.900478,28.0768,77.025198
27d3e018-c72d-4caf-a537-e01fd408fe29,8603e60ca1329f36,ATM-YCMV-7641,ATM,318376.59,2023-02-14 15:05:04.436900,30.895103,75.856893
ca6dd3c4-722e-41f7-a2b1-d2fc992244a7,aefb9520732cf5fc,ATM-FNSX-1803,ATM,6911.75,2023-09-13 08:59:59.863886,22.572629,88.405392
81841e5e-ac31-477f-9662-b7fdd8267a23,0bd8573ba3901c0d,ATM-YTHN-6657,ATM,6911.75,2023-09-13 08:44:37.176515,30.82269,75.875427
e53929b7-bcc8-40d4-a4de-a57795d2bc02,f5ee5bb69c594618,MIC-XLLG-7609,MICRO_ATM_CSP,6911.75,2023-09-13 09:12:34.822463,24.195539,86.258107
44b31da9-d4ed-4ed5-a37a-598fb7245ed9,095c1c65e3981f27,ATM-UAIY-6415,ATM,6911.75,2023-09-13 09:15:19.269072,24.073562,86.760247
1e8ce437-5ebd-49cd-91cc-e40b0272f668,4d3d6e8a9d6c2263,ATM-MXXF-0369,ATM,6911.75,2023-09-13 08:57:10.440178,13.06332,80.254396
473d2df6-9cef-4e87-8a2a-86acf1c34a4b,18112bd2a6ccbb73,MIC-IRWQ-5663,MICRO_ATM_CSP,6911.75,2023-09-13 09:09:51.734294,24.263105,86.286087
4456d470-b057-4f3f-a605-b482d24fa6b3,6719077e3a6cd655,ATM-JGNP-2494,ATM,13823.5,2023-09-13 09:42:44.378424,23.965095,86.802368
b1e8073b-d070-45b4-9cb9-b403bf4c6a82,945db3dffb7ba17b,MIC-LBVB-9073,MICRO_ATM_CSP,27646.99,2023-09-13 09:47:15.673089,19.091444,72.900712
c2d36a91-00a4-4842-af55-d4e887dd8c20,0bd8573ba3901c0d,MIC-MLRD-4093,MICRO_ATM_CSP,6911.75,2023-09-13 09:16:16.389051,30.923907,75.849088
b85e2ff5-6887-4944-a90e-91c59057d962,f46652f5ee1ad887,POS-SGPD-0488,POS,6911.75,2023-09-13 09:24:04.012744,13.129535,80.253588
f1f78cf6-71fb-4850-8dff-c67741660b1b,e3af0705ba5a43fa,ATM-EVRX-0187,ATM,6911.75,2023-09-13 09:05:58.176256,13.062394,80.276863
010d6d90-8e12-4358-8a4b-36f92b420627,0bd8573ba3901c0d,ATM-VRKY-5950,ATM,10367.63,2023-09-13 09:49:23.241043,30.920301,75.847989
ca1ea49f-00fe-4533-9525-4fa9ecb46adb,e15635324afef7f6,POS-QZCT-3918,POS,10367.63,2023-09-13 09:45:23.627444,28.536456,77.406148
96b35515-d3ab-4582-8944-5bb81152028c,aefb9520732cf5fc,ATM-FPRM-3671,ATM,10367.63,2023-09-13 09:45:07.236969,22.443522,88.353844
97d299a1-040d-4efd-aa30-7f9b56ade77b,4efff10329ca6699,MIC-UBFQ-7731,MICRO_ATM_CSP,10367.63,2023-09-13 09:24:02.314103,19.115531,72.936667
83ee94ad-8311-49ed-9f6a-d1ef26041e49,45243675010d84fb,MIC-FFZR-4872,MICRO_ATM_CSP,10367.63,2023-09-13 09:30:21.569597,28.057125,77.007207
2737fa26-08bc-4169-8818-dcda8bff0cfb,76e37cd876827e1a,MIC-ASDM-6569,MICRO_ATM_CSP,10367.63,2023-09-13 09:02:11.773154,28.120378,77.012902
a11c07e3-e291-49ca-b356-93df69a05eb3,2bc3bef98dc93ad5,MIC-ALIN-1966,MICRO_ATM_CSP,20735.25,2023-09-13 08:48:06.554082,24.109988,86.324758
6156ba3a-54bc-4d71-8650-37702354c4df,ba703db5e0293b48,ATM-YTUI-0813,ATM,6911.75,2023-09-13 09:01:04.105413,22.573426,88.441206
d2d79a9e-bd73-41c6-8fdf-4910723569ae,3963b6f6f79dd7db,ATM-OUSP-9145,ATM,6911.75,2023-09-13 08:54:23.918997,28.031894,77.023053
a5af483f-6172-4661-a9ab-c74ef9c6901d,ba7b0c09f0862541,ATM-YFVG-4819,ATM,6911.75,2023-09-13 09:40:47.327459,24.173819,86.294666
6b5849ef-b214-4011-ad93-868ea5444903,efdb8fa983319ec0,ATM-OBYQ-2014,ATM,20735.25,2023-09-13 09:26:21.081214,24.172306,86.380635
b500ecb8-59f3-4b14-add5-1fd3a6fe5fea,bbe623c9da0b733d,ATM-NGTL-4703,ATM,20735.25,2023-09-13 08:58:01.069357,24.204007,86.418459
d9b1fef4-9413-442d-ac1b-a43e91194e44,79a8772dff7b3fdb,MIC-CPNP-2036,MICRO_ATM_CSP,7289.1,2023-09-21 15:48:50.333113,24.201943,86.312651
ae0b9ddb-52dc-4d47-b034-53fc3e61075c,a0f75e9cadde49b3,ATM-ULQU-8203,ATM,7289.1,2023-09-21 15:00:50.132054,19.106435,72.852392
5f56a3d3-556b-4d5f-9710-10bace625c99,5056c4fc4739600d,ATM-FBLS-9232,ATM,7289.1,2023-09-21 16:43:38.468146,30.935028,75.812952
339f39b6-580d-4f2b-b34d-fef136fddfe3,9c39fecd110d5cad,ATM-HNWV-2721,ATM,7289.1,2023-09-21 16:01:02.707469,13.078367,80.268452
dec56231-4968-4823-8761-2adc4da7d2a6,d197d95e274489e7,ATM-XXOI-1080,ATM,7289.1,2023-09-21 14:54:17.941669,28.118909,76.973625
a485bb82-eaf6-48d2-9b82-a9d9de73c719,c05a5b6ef117bd25,ATM-MQIU-1508,ATM,7289.1,2023-09-21 14:37:35.976594,28.112418,77.025646
e5db9ba8-112c-41f4-b719-a552c977cd91,c00017baec900020,MIC-RZBD-9260,MICRO_ATM_CSP,10933.65,2023-09-21 15:26:28.809185,24.186154,86.369505
f4dec643-2d0c-4656-89d5-20b230067591,5f314f6228b18b11,MIC-ZGNS-6682,MICRO_ATM_CSP,10933.65,2023-09-21 14:53:54.764376,24.119485,86.273781
0b393eaf-7c76-44d3-8cbd-42a122001ffd,3dcd069dfca35470,MIC-JBEG-3682,MICRO_ATM_CSP,15553.3,2023-11-05 23:20:12.069462,13.041771,80.261077
3610bb83-6c1f-4921-8a0c-1600b853412a,d552f8b748533a3f,MIC-NJAN-0506,MICRO_ATM_CSP,15553.3,2023-11-05 22:51:26.429910,28.523129,77.384175
7e39c9ba-6f06-4494-bbaf-7a4ffa4e85f3,85325f4fb0095b84,MIC-XGEH-1841,MICRO_ATM_CSP,15553.3,2023-11-05 22:45:14.171129,28.568113,77.426063
56b96c49-4f26-4234-bd39-363db2b7d33d,3130a23abd9e06eb,ATM-MVXD-3608,ATM,24421.19,2023-03-12 12:40:54.046756,28.431495,77.407552
fbf74e5d-2829-4555-8e25-39172e2b1075,91b86f426cd2cf59,POS-JSEY-1881,POS,24421.19,2023-03-12 12:31:14.056064,28.503397,77.442272
3c6c340c-3943-4479-922a-fba91bfdddc2,edaf410540b5230f,ATM-EARD-8329,ATM,48842.38,2023-03-12 14:04:07.780223,23.983889,86.873475
1f0064b9-e56d-44fe-8f93-7040fb8bd9ea,04cb4af66bbc9cd7,MIC-IPCD-0029,MICRO_ATM_CSP,10853.86,2023-03-12 14:52:40.120577,28.491823,77.401226
c3c8d2b7-396c-4d55-a9c4-688e2d2e8fb8,7878fbab6ddda2f9,ATM-BBKW-2602,ATM,10853.86,2023-03-12 13:04:22.319788,24.019818,86.853267
bcd9c1e6-7dfe-4f6f-8b73-5adf28553db9,7fe57d0ff66463b7,ATM-FUOH-6400,ATM,10853.86,2023-03-12 13:57:23.133958,22.674137,88.398533
eda82ef9-4934-46b7-b462-7c96645401f0,7a10f6d97500d049,ATM-AUOR-3179,ATM,16280.79,2023-03-12 14:05:18.769057,24.051744,86.906507
11ceb107-0a57-49fb-9b4e-931f1c361d36,7fe57d0ff66463b7,POS-ECAU-6153,POS,16280.79,2023-03-12 13:50:48.751154,22.548023,88.290323
f80eb1fe-fc3f-460c-bc0c-5fd6a0b7234b,25b04eca97925f46,ATM-XEWG-1138,ATM,16280.79,2023-03-12 13:07:32.546963,24.221064,86.279668
b94d7f05-3642-4797-a7eb-6f0f4694c38c,77323791caaf34e8,MIC-HJMJ-8888,MICRO_ATM_CSP,16280.79,2023-03-12 13:11:37.810315,28.568429,77.360309
6e9362e3-35bf-4496-bb29-b37854605d53,d197d95e274489e7,ATM-MDTV-7221,ATM,57467.19,2023-08-04 09:42:35.273951,28.112232,76.988398
3432c541-7546-4c5e-b8c2-891353a8bdf1,6da47df28d1aad11,ATM-TLYR-5069,ATM,57467.19,2023-08-04 09:54:22.098633,30.863591,75.884153
10fb13da-d4d7-43c7-bbeb-5efcdaaa97c6,028202be514e6b30,ATM-SZZQ-9610,ATM,57467.19,2023-08-04 12:02:58.119269,28.068771,77.027257
352ec946-c853-4f0e-90e3-e8f9ebd9e115,72d6d07fd7cb18f0,ATM-PUQP-0997,ATM,57467.19,2023-08-04 09:52:16.791361,19.063846,72.850397
e863f815-6c02-4a8e-a35b-7142ce4993da,a0f75e9cadde49b3,ATM-EKOF-8730,ATM,114934.37,2023-08-04 12:30:15.325656,19.126659,72.885599
442cb169-64ec-4740-ab47-daf46d0d37a9,24e643baebc74702,ATM-WZGN-6123,ATM,85986.93,2023-03-13 08:45:28.965537,30.909457,75.923057
9d7ed0a5-f92b-4ad5-9f46-8da4473e37c5,f72723c2288b7429,ATM-MCAH-3539,ATM,85986.93,2023-03-13 07:56:45.953971,24.198793,86.268511
6c49f2d7-bcc7-4648-8a70-c5b7291e39b6,2bb65ef4ad770c01,ATM-CMTF-6402,ATM,57324.62,2023-03-13 09:34:19.387162,23.9821,86.81802
ea063f2e-c3d0-4a74-8bfd-50ce7e7f8d33,1b31c8b8b88df13f,MIC-OLKV-1683,MICRO_ATM_CSP,57324.62,2023-03-13 08:38:29.690129,28.553817,77.448693
0fa150ad-5549-4a6e-8ef3-07796cfb9ccb,2340f46458879cfc,ATM-QDOR-0795,ATM,57324.62,2023-03-13 08:11:43.426737,28.518622,77.318804
dbdef81c-4c04-4172-9ff9-2f08ffecb2d8,6db4b99434e0bedb,MIC-KSZX-7252,MICRO_ATM_CSP,142788.78,2023-04-04 00:29:59.031717,22.613413,88.383711
5ba7b104-e04f-4ce7-8978-254fbab73597,b82c83e33c343e84,MIC-VTZM-9185,MICRO_ATM_CSP,25420.61,2023-04-11 21:38:32.654411,19.149579,72.888122
5a8c6921-509e-485d-ba75-ced537115638,5fb01e701e601441,ATM-BBVV-8904,ATM,25420.61,2023-04-11 21:37:49.979806,22.602981,88.351058
cb287ebc-a51c-4909-9570-34086c6f086d,91ff603347d3f90a,ATM-KDQV-8065,ATM,25420.61,2023-04-11 21:39:25.653827,28.098156,77.045125
d9ffbf0a-2b4b-456f-b720-89a241d32788,400a95ae23792cbd,ATM-VRNM-8153,ATM,19065.46,2023-04-11 21:12:54.252380,28.085154,77.018721
7d6a8c5e-3202-413c-a997-1736b43a4fff,a016bd797b31afda,ATM-HUJU-7794,ATM,19065.46,2023-04-11 21:34:32.069250,22.614192,88.290995
67ea3275-8369-4c56-99eb-6ce2750bcdb5,400a95ae23792cbd,ATM-JNWT-4509,ATM,19065.46,2023-04-11 22:04:34.473964,28.142394,76.927668
e2cb7a8f-a5bb-4cdd-a22d-94aae212562a,91ff603347d3f90a,MIC-WMYZ-7644,MICRO_ATM_CSP,19065.46,2023-04-11 21:26:14.045427,28.105734,77.016716
72c4cb39-bb1b-40e0-a752-da60d3fe9506,0766e1d476d3074f,MIC-PWKJ-0539,MICRO_ATM_CSP,36671.31,2023-10-05 02:08:26.460510,28.433028,77.489829
1ffa6df0-3d13-45f3-a4b0-d21e7d087849,4a2108204892de8a,MIC-ZWQK-2162,MICRO_ATM_CSP,36671.31,2023-10-05 01:47:32.451959,24.016355,86.892425
c3ca4c37-0d7e-4c47-a78a-867ee8b6c8aa,a458a9d0fa6b945c,ATM-HONE-4135,ATM,1735.66,2023-09-23 07:49:08.084419,23.965337,86.840004
8f24aaff-78aa-4230-bea6-917a8085339c,7fe57d0ff66463b7,ATM-QTNM-6597,ATM,1735.66,2023-09-23 07:51:51.519770,22.612963,88.476576
58b63548-de34-4439-a24d-806d5ac479ae,3fd666dafcab0387,ATM-AJGW-8323,ATM,1735.66,2023-09-23 07:57:16.383103,30.907075,75.89399
9a56bfca-62f0-48cd-b1ba-64048277565f,f8e2a6843d0b843b,ATM-VQSC-8371,ATM,2603.49,2023-09-23 07:58:21.236303,30.887379,75.806334
36dd9aa6-a367-42dd-aeb9-37c6052d5d2c,69ba46e56681a663,POS-HRZX-3049,POS,2603.49,2023-09-23 07:50:32.214224,23.9315,86.808826
d92d4560-a6f5-4850-95ed-9258d8569d5f,38fd75ab3f30c2f6,ATM-MYVO-7309,ATM,22282.78,2023-05-25 01:17:41.167915,23.998652,86.870891
3c931003-b03f-4057-89a5-ada4287f9766,ce42adff5fb0bcc0,MIC-DMOO-6123,MICRO_ATM_CSP,22282.78,2023-05-25 01:22:39.313626,24.221737,86.262354
491ee721-198b-435f-a8e0-975918d1969b,e1884fc3fe5d9847,ATM-JSPS-7369,ATM,22282.78,2023-05-25 01:14:32.162876,28.511064,77.371165
6622493b-7119-4ae7-9a11-492c8384000d,d360483171622837,ATM-JFKU-1961,ATM,33424.16,2023-05-25 01:16:30.414031,22.588496,88.396902
8faa1424-df38-43f8-aef0-e14e2a8d7f89,78412091d3702307,MIC-GERN-0786,MICRO_ATM_CSP,33424.16,2023-05-25 01:28:08.613869,28.114009,77.136976
654444e9-f17d-4245-80ae-f5eaaf952ec8,6da47df28d1aad11,ATM-NKTT-0899,ATM,19872.98,2023-09-22 21:25:25.524155,30.853495,75.845533
8330e25f-fb85-45b6-905f-d20e8c0cb515,be8983f366c5d07c,ATM-NWCN-1219,ATM,19872.98,2023-09-22 22:02:12.778996,24.175298,86.315
cef83a09-536a-4ded-a33a-fddd034df5db,6877ffca8e5a30eb,MIC-UMXJ-3111,MICRO_ATM_CSP,13248.65,2023-09-22 21:56:07.237329,24.184073,86.393344
56d956af-37cf-4650-ae6a-5d6d4e1d41d9,6da47df28d1aad11,ATM-TFBP-2680,ATM,13248.65,2023-09-22 22:02:46.758692,30.83784,75.828336
7b20eb2b-22bc-4421-ba91-7cec1d9f2107,bfd8d67e331c6de1,ATM-FUKT-3392,ATM,13248.65,2023-09-22 22:08:33.067165,30.806282,75.845756
e5bed957-aed1-4aea-9382-c6b686186be7,bfd8d67e331c6de1,MIC-EJYP-7812,MICRO_ATM_CSP,79491.92,2023-09-22 22:31:38.985463,30.801871,75.804451
d3a009a4-79df-479b-be93-14cd33093ebe,fb3613bd645c7d41,MIC-LOVS-2398,MICRO_ATM_CSP,26497.31,2023-09-22 21:22:09.738850,28.586708,77.425707
f7059a39-feb5-48c7-aede-c7de7c961650,6da47df28d1aad11,ATM-JIIT-6123,ATM,26497.31,2023-09-22 21:24:04.863461,30.904719,75.84409
c17f325d-dfb9-4938-89a4-718a5d0e5e0a,25b04eca97925f46,ATM-ABWV-3909,ATM,26497.31,2023-09-22 21:36:35.301656,24.137363,86.281953
cd6d4fff-54da-46bc-ad4c-6ac14d482e41,523725b9cd46e00b,MIC-OULR-8289,MICRO_ATM_CSP,211785.62,2023-04-16 14:53:24.982918,28.091089,77.026033
5dbaadcc-965f-44a2-9346-f8cef5619917,6877ffca8e5a30eb,ATM-JHAC-7427,ATM,211785.62,2023-04-16 14:41:09.511103,24.189045,86.270572
0269bf69-7f14-4c67-8d06-2336313a3be3,f6b2ba68fde1e997,ATM-NGHW-6558,ATM,99716.31,2023-08-06 21:19:59.042975,22.622447,88.305051
f5efd8cd-b5c5-4e3d-9a47-3c666a6d5bb2,ba703db5e0293b48,ATM-EKVV-1805,ATM,33238.77,2023-08-06 20:37:45.975539,22.53421,88.365387
8b4aefe9-2d8d-4381-b5d8-e871f691e249,b15f4e8b57339c3b,ATM-XUOY-1687,ATM,33238.77,2023-08-06 20:51:11.408274,28.569992,77.332517
7e6bdc75-2601-4b5f-9e0b-f5f352946518,55b4926e5d4cc375,ATM-RMEF-7057,ATM,33238.77,2023-08-06 20:47:57.503118,23.930702,86.898898
04c30474-6091-425b-8eae-9fa0049b0933,d9956ae44079537a,MIC-XVOQ-6572,MICRO_ATM_CSP,33238.77,2023-08-06 21:04:01.771523,30.908447,75.888201
88f72c7f-d954-4bc0-b87c-fe1fac7e3ecd,a27b932eb377baae,MIC-HNZL-0140,MICRO_ATM_CSP,33238.77,2023-08-06 21:43:56.251771,24.013658,86.822025
e0493c7d-260c-4da6-a4c3-93d69b6d35ad,cafd7e8e5e09f087,ATM-LUQK-4242,ATM,33238.77,2023-08-06 21:02:29.778611,24.138023,86.293273
c1fb8f88-8247-4d95-ac0a-e49386be0b70,6cf7d73eadf5dbda,ATM-GBAW-9712,ATM,110416.15,2023-07-30 07:20:32.141437,13.133347,80.298928
25ce2fbe-0eca-4749-9adc-719bc353fff2,801c737176bab764,ATM-IEUS-1509,ATM,110416.15,2023-07-30 07:05:46.324490,30.838377,75.807809
fe0f39eb-7a9f-40a4-91f5-707ccb23902c,6719077e3a6cd655,ATM-YHRS-1552,ATM,130070.7,2023-08-12 08:04:36.653796,23.959254,86.812572
7765e373-8efb-48cf-9130-562beb78d422,b40cfec92900ce51,ATM-QGJL-1795,ATM,130070.7,2023-08-12 07:39:30.427511,24.186636,86.293455
9f5c6080-3a3e-49cf-bc02-afc2c81888f4,a0f75e9cadde49b3,MIC-YPUB-7872,MICRO_ATM_CSP,130070.7,2023-08-12 08:12:41.004370,18.987465,72.90363
5513976a-7484-4873-9171-fae05b98e5cf,c171b589b00915b9,MIC-IQDE-6988,MICRO_ATM_CSP,168490.11,2023-03-18 16:00:18.924081,31.000549,75.876875
b138fee2-5acb-4fec-9fee-f07b3397356c,095c1c65e3981f27,MIC-ASAV-4162,MICRO_ATM_CSP,84245.05,2023-03-18 13:35:37.771382,23.968908,86.770739
bbe72a8f-2421-4561-8886-7fd24ece7fef,d81d1683ecaac229,ATM-HYLM-1813,ATM,84245.05,2023-03-18 14:49:20.901865,22.487601,88.360173
119ca1d6-6e2a-4621-bc2a-6f4f729e3610,15bc62bab6812a87,ATM-NEOC-3650,ATM,15704.44,2023-07-10 07:22:15.261205,22.68124,88.434048
05459950-d3df-4890-a4a7-1b98904b846b,2ac4a8b096d7bd21,ATM-TDMX-9399,ATM,15704.44,2023-07-10 06:41:04.353336,28.542223,77.293961
a279f6a6-d316-43fb-b276-771632e353af,095c1c65e3981f27,ATM-TIAO-7040,ATM,15704.44,2023-07-10 06:47:15.112209,23.930772,86.858497
be8d6128-82a2-4230-badb-519e736847b6,fb68a7d30e7700c4,ATM-DGTJ-3709,ATM,15704.44,2023-07-10 07:08:28.518901,24.148466,86.339193
4d134064-0f24-4fb2-a83f-6afa2b5aafad,400a95ae23792cbd,ATM-UZWP-9620,ATM,10469.63,2023-07-10 06:33:57.135347,28.166776,77.026258
af0026a3-429e-45a3-bbc8-21bb6870dbca,f067cd13d9bb540e,MIC-MVAT-5174,MICRO_ATM_CSP,10469.63,2023-07-10 06:25:43.397593,23.950799,86.669764
fcf7ef94-b587-4d0c-91cf-ea86db5ea460,6da47df28d1aad11,MIC-QIXQ-4253,MICRO_ATM_CSP,10469.63,2023-07-10 06:39:40.997826,30.924663,75.793253
486a4220-b415-4a3a-bfaf-b761c22d663a,400a95ae23792cbd,ATM-MCZW-7258,ATM,15704.44,2023-07-10 06:03:50.436518,28.046872,76.981377
05e446e0-0dd9-4a82-9fed-744e8ffb45cc,e3af0705ba5a43fa,MIC-KXUP-4008,MICRO_ATM_CSP,15704.44,2023-07-10 06:03:00.148325,13.15234,80.220978
b0ec5082-a237-48cf-9f58-0a2f89361ace,c6add401e808d068,ATM-VTCK-9335,ATM,77051.02,2023-08-25 23:14:27.812110,28.501582,77.296304
808ff653-2070-4121-9073-dea13b0a93e3,3ba14a4de4ea92d7,MIC-AOMV-6240,MICRO_ATM_CSP,38525.51,2023-08-25 22:05:37.898754,22.573997,88.325142
173477c3-0b2b-4437-939d-ca4aff3c5531,3bebc51f1ef19765,ATM-WYAR-5940,ATM,38525.51,2023-08-25 22:29:18.901439,24.165161,86.280805
b57232c4-5edf-4416-8fd9-a5ceb6dc1218,6da47df28d1aad11,ATM-TBZI-6265,ATM,25683.67,2023-08-25 21:47:30.550787,30.93544,75.836866
1e6e521b-bb9c-4801-99a5-5b592eb3062f,ed25b3310f976d9c,ATM-CZVB-8248,ATM,25683.67,2023-08-25 22:07:03.498366,24.128863,86.306172
c5d27320-ac2f-4123-abda-0c3e180e7632,8c8e8c2707466b4c,ATM-MJIB-8277,ATM,25683.67,2023-08-25 22:41:22.020363,24.191309,86.231159
6d73344d-b4bd-4d3f-8d28-0612ab2828f1,04cb4af66bbc9cd7,MIC-MIFC-7827,MICRO_ATM_CSP,42873.59,2023-01-06 14:00:37.875873,28.512803,77.374136
b5a55945-90c2-4328-8419-6938298ed7bc,7878fbab6ddda2f9,MIC-PMUZ-1405,MICRO_ATM_CSP,42873.59,2023-01-06 13:39:50.227614,24.011002,86.690966
fc807195-544b-4ab3-8051-31bf2be04d0b,394194a39a57bcc6,ATM-ZXSO-4958,ATM,42873.59,2023-01-06 14:00:05.581316,22.640631,88.337388
309dfef8-39eb-4726-b953-ddf3014ec0ad,6da47df28d1aad11,MIC-GHXI-9219,MICRO_ATM_CSP,42873.59,2023-01-06 14:17:48.691164,30.82627,75.850231
db19104c-d396-4836-8c32-427ff4057113,e3af0705ba5a43fa,MIC-KQED-6666,MICRO_ATM_CSP,208190.21,2023-11-11 08:03:16.420655,13.102594,80.306793
2ec89ff1-33ce-4784-8142-a4b537c412e8,400a95ae23792cbd,ATM-XLTN-2072,ATM,208190.21,2023-11-11 06:35:05.172421,28.096045,77.034832
e8e3e9a0-bfc5-413e-811f-46c588dda271,ae35003a1df2f0e2,ATM-VEOO-1602,ATM,90707.75,2023-01-13 13:05:09.079692,28.497838,77.396827
eb20e232-e8f8-424e-8263-64aba1d52f80,94d6f63ab19d86b2,POS-DNEG-4514,POS,90707.75,2023-01-13 13:00:55.078944,24.036394,86.786891
d12ef92b-9b10-4e73-80f7-df12dab6da89,4f0d8ce1b58bf64c,ATM-HRDY-3838,ATM,90707.75,2023-01-13 13:04:35.333870,19.066241,72.898193
4f17ffc7-4eea-40a7-94dc-03a01ea1e51a,faa390f0cabf520b,ATM-XTMF-7287,ATM,84676.11,2023-10-01 00:02:15.268464,28.511836,77.33544
2ec856f4-9565-4a16-9d73-39c9eebaa8f1,e01c434b0d177165,ATM-XHYT-6834,ATM,84676.11,2023-10-01 00:28:18.426778,28.595668,77.488814
f269d214-4423-45ba-8e3b-f11fc05b2e65,d9bcc83f674275e1,ATM-KQKN-4489,ATM,84676.11,2023-10-01 00:42:23.087543,19.122341,72.863556
08a5ee78-c8dc-487f-8f6f-e5a2adc038f3,e01c434b0d177165,ATM-HLIE-4330,ATM,84676.11,2023-10-01 00:05:58.714056,28.456659,77.354001
594c147b-9461-4a04-addc-ba488444ca6a,2a17b5795aadef18,ATM-EYMV-9967,ATM,40708.06,2023-08-17 17:09:43.940133,23.916008,86.814241
bfac54fb-71a7-4d1b-badf-d741491f16f9,78412091d3702307,POS-CMPX-5749,POS,40708.06,2023-08-17 17:08:38.454854,28.139588,76.932178
f956cfb3-773b-49bc-84a4-324bf90da367,c08d00055da1c6f6,ATM-SGED-0508,ATM,113043.57,2023-09-03 19:23:01.327806,28.116743,76.950075
b622b166-9fcb-4e02-8ebd-6b18cbd86082,a7d3dd3cb0ab4de4,ATM-LHSN-8807,ATM,113043.57,2023-09-03 18:19:03.638356,24.19765,86.176575
e46f07be-9c29-449c-9ea6-9aa0998aac12,6da47df28d1aad11,ATM-TQIW-0053,ATM,113043.57,2023-09-03 17:45:53.872550,30.896776,75.920656
5407851c-7bf6-48ab-a55a-959c8eed689d,25b04eca97925f46,ATM-DCZF-9046,ATM,4854.21,2023-09-26 10:46:03.813539,24.186324,86.349615
c9fbd6f7-8b24-4a81-a14d-d59f67bb39c2,4d615301bf0f358a,MIC-OIUI-2000,MICRO_ATM_CSP,4854.21,2023-09-26 12:11:02.178225,30.972754,75.906919
ab46ed07-e992-4c57-846d-8cac9886a739,40358308186e55a2,POS-NKHS-7397,POS,4854.21,2023-09-26 10:47:58.639204,23.98545,86.802596
6501fb06-2660-47c8-b868-c04d87987994,6719077e3a6cd655,ATM-BVPY-0172,ATM,3458.62,2023-09-26 10:51:49.121142,24.040322,86.849101
afb7b031-35ec-450f-a550-9f29b12382c7,debdc8be2ef6184e,MIC-SNKQ-9485,MICRO_ATM_CSP,3458.62,2023-09-26 10:32:01.265516,23.889777,86.723573
cd959211-8c53-4558-aa1b-725553471f1f,20d1004be5275449,ATM-RFLO-7886,ATM,3458.62,2023-09-26 10:52:40.785071,22.567856,88.325919
c6b877b5-41a4-4202-864f-1585e312a755,15bc62bab6812a87,ATM-FVRW-0204,ATM,3458.62,2023-09-26 10:53:42.002350,22.582516,88.279996
6f4debcb-3109-4d62-8953-7ff12cce0497,25b04eca97925f46,MIC-EHAX-0082,MICRO_ATM_CSP,45283.39,2023-04-26 14:32:31.751593,24.232988,86.295964
6c8b7f21-ec2a-4578-9093-a2df8d316abf,25b04eca97925f46,ATM-QYSD-0306,ATM,15094.46,2023-04-26 14:28:35.100194,24.19058,86.267981
3f9f68ce-a4c1-4ebc-a910-a07269faab04,218c5d6d080619a2,MIC-EJZH-8277,MICRO_ATM_CSP,15094.46,2023-04-26 14:33:02.666134,30.891873,75.947644
5d11bf12-0eac-4ac0-80e3-3769fd95d77f,b6061c939aa88bd7,MIC-SWNT-7427,MICRO_ATM_CSP,15094.46,2023-04-26 14:19:30.431416,24.16556,86.377652
f6646c82-d337-453d-82a6-dccb9bae0d17,2647f966c1839f83,ATM-IYAR-1105,ATM,30188.93,2023-04-26 14:22:44.545912,28.065387,77.02918
26dadd45-4ad2-4fe2-a043-372467092d78,a40844e151329aea,MIC-BEOP-9232,MICRO_ATM_CSP,30188.93,2023-04-26 15:58:04.539148,24.178507,86.253636
ce484fe2-f0c1-466f-a3ab-de3ca7cbf65c,5b56245ce0128a5c,POS-CSZS-4080,POS,30188.93,2023-04-26 14:42:02.731571,30.983307,75.868991
109de501-8f17-4664-b574-ea52902791ab,2647f966c1839f83,ATM-LLZH-7230,ATM,22641.7,2023-04-26 16:07:30.584911,28.085471,77.033035
cd54c01a-dff5-40fd-af24-7b82aea993c7,25b04eca97925f46,ATM-WSKB-6231,ATM,22641.7,2023-04-26 15:32:27.468583,24.187979,86.304915
46a971bc-f949-4c98-9e74-bedf78cf5dba,55a08fadaa1a3e1a,ATM-XNOM-7971,ATM,45283.39,2023-04-26 14:16:46.744573,28.112895,77.033269
996cd224-3e86-453e-9b23-516acb0965d0,095c1c65e3981f27,MIC-XKMW-7197,MICRO_ATM_CSP,38038.72,2023-11-09 20:33:52.702154,24.033278,86.909358
d9ee8dd8-7fd6-4358-abfc-e57b9cfa83c3,f54efba75794b357,ATM-WQGE-1071,ATM,19019.36,2023-11-09 20:51:08.220722,23.949513,86.778089
4e77cf24-825a-4dad-9002-6f62730bfda5,087d1b274c895998,MIC-LYYC-5973,MICRO_ATM_CSP,19019.36,2023-11-09 20:47:51.965169,22.62091,88.363987
616f54fa-284d-4651-ba37-9163c6be3f59,c1a3db241cc61fca,ATM-YGSA-6062,ATM,33328.06,2023-11-27 01:51:16.492234,28.116604,77.087207
49fe9594-cd60-411d-b95d-2a5f73cc0c47,7cc7eb9a9438c1e2,ATM-IHTX-3666,ATM,33328.06,2023-11-27 02:09:28.045191,24.191362,86.301711
de7c36f1-2d35-455c-beac-ec43cc9e0416,6877ffca8e5a30eb,POS-XQIA-7185,POS,66656.11,2023-11-27 01:35:03.483080,24.215583,86.323604
610d23e2-99a8-4b43-895b-678b023ed92b,4b2f70600e0981d6,MIC-ZFEH-5065,MICRO_ATM_CSP,119661.09,2023-04-17 08:14:25.540445,28.585564,77.468828
7f4ee58f-1329-4eda-a082-500d8bc79349,25b04eca97925f46,ATM-ABNF-1728,ATM,119661.09,2023-04-17 08:57:54.249501,24.171975,86.280826
d0bd79c4-c389-4107-a0dd-b06e351cde50,fb3613bd645c7d41,MIC-SGAV-1032,MICRO_ATM_CSP,119661.09,2023-04-17 08:16:46.904793,28.588416,77.319596
2819163c-8598-4420-bf20-cd461575eb44,b81bb0e12f7fe3b4,ATM-YAWO-5597,ATM,99836.84,2023-08-09 20:51:24.522696,28.567141,77.480258
28426d4f-78ce-4ba9-a8fc-9331167ad10b,98768ceed9627cfa,ATM-YQPS-6488,ATM,33278.95,2023-08-09 20:34:20.079698,23.996281,86.776774
93fd987e-9d97-4114-a86b-694b9973cb6c,394194a39a57bcc6,ATM-AEAW-7361,ATM,33278.95,2023-08-09 21:14:45.575041,22.609215,88.366049
55167a5c-19cf-4ab9-960b-98ecd9923ce7,d360483171622837,POS-SBKP-3191,POS,33278.95,2023-08-09 21:06:37.772738,22.536971,88.238321
954cd236-836a-4be1-946a-5c9f5c272044,6da47df28d1aad11,POS-RYBM-3875,POS,13876.74,2023-08-21 16:54:16.301975,30.930044,75.743072
f30bb5c7-31ba-4756-887d-fd815a7ed237,3963b6f6f79dd7db,POS-WHON-0796,POS,4625.58,2023-08-21 17:31:58.812849,28.221053,76.942689
a6195569-a2ce-4a2e-a066-7ca7327fb3de,c3f72c30b76aac18,POS-HGYI-5387,POS,4625.58,2023-08-21 17:39:05.233717,28.55767,77.3668
35e48f2b-20a5-488b-8bfc-02fafb83ca5b,edd7f754af7e28c4,MIC-QMZD-7278,MICRO_ATM_CSP,4625.58,2023-08-21 17:20:19.672205,23.921542,86.911957
e15c243e-1d12-4608-97e7-90bf762f21b0,d00466dba4ffcefe,MIC-TGOB-0322,MICRO_ATM_CSP,13876.74,2023-08-21 17:27:20.025633,28.517661,77.363274
fb80cb0a-a3c0-4334-9a27-959f4d9e6e38,9a9c31abade1e5d9,ATM-SYBL-2801,ATM,6938.37,2023-08-21 18:04:27.166503,23.932114,86.909961
80e5be58-db6a-401c-9061-dcc1c8ddd778,cafd7e8e5e09f087,MIC-GKSG-3476,MICRO_ATM_CSP,6938.37,2023-08-21 17:36:41.988746,24.28883,86.306256
55baa66d-f11e-4f46-ac07-38b7be63b682,fd6124470dc27ee8,ATM-RHNO-1022,ATM,6938.37,2023-08-21 17:14:00.401088,28.180723,76.991557
6ce760cb-f5f5-4310-9113-1efd402ef405,78412091d3702307,ATM-PMIS-1957,ATM,6938.37,2023-08-21 17:19:35.587002,28.039225,76.991414
c3df8ee6-45ea-4dcc-89e1-3df86780209e,f35940835bdb022f,POS-LKSH-2355,POS,6938.37,2023-08-21 17:07:20.826316,24.138153,86.31302
6be5a8d1-c82a-4b76-aad4-b502dc5576df,cafd7e8e5e09f087,ATM-IJMY-7843,ATM,6938.37,2023-08-21 18:04:19.804918,24.171763,86.258768
d30f2370-b311-4f95-bb21-7a222065ca49,8595d99a4d487472,ATM-SPNG-2113,ATM,20815.12,2023-08-21 17:16:00.733547,28.614347,77.389871
fc1b4aa2-8392-4be9-8858-e026349e37f0,7dfe46ee8d6ea258,MIC-VJYU-1548,MICRO_ATM_CSP,20815.12,2023-08-21 16:51:53.242431,24.220408,86.322886
fd832b50-8ae1-473e-935f-437eb981a027,25e15980a34119d6,MIC-CTZI-5736,MICRO_ATM_CSP,162670.87,2023-04-25 02:14:13.562182,24.236972,86.286342
6a79e2b7-7b2f-46f6-b0f7-851b63c74d98,0f39aa3b13e7e3c0,ATM-WYXL-5731,ATM,162670.87,2023-04-25 02:02:46.170256,31.018252,75.937393
68592e1f-1b54-4540-babd-d27f1ff14d17,8595d99a4d487472,ATM-SDAU-7917,ATM,45162.24,2023-01-28 02:07:17.866166,28.514013,77.383988
a5a94823-8c4b-4fed-b814-065ee6bb64ff,e15635324afef7f6,ATM-DXJW-0458,ATM,45162.24,2023-01-28 02:02:55.887087,28.464365,77.353208
ea0059b5-4cb2-4902-a809-fb41e2ed6dbb,ee953cbc6fe1c738,MIC-FCVK-1693,MICRO_ATM_CSP,45162.24,2023-01-28 03:05:16.008191,30.935184,75.964719
d05dd724-3ab5-44de-ae1e-cc326aca0187,e15635324afef7f6,MIC-XRRS-2263,MICRO_ATM_CSP,45162.24,2023-01-28 02:02:02.288681,28.522284,77.368829
c356fa20-27e5-4824-8cde-50069e4dfc0b,ba703db5e0293b48,ATM-XNFZ-7324,ATM,90324.47,2023-01-28 02:00:52.467246,22.590352,88.384339
31c7ea7c-bb13-4522-ae45-5a581fcc8a9e,99a3e1da6dbb6224,POS-NVLD-9332,POS,90324.47,2023-01-28 02:12:07.645523,13.084072,80.250235
86257e39-5638-4385-882c-7a7e6ff72deb,186923cec964032c,POS-PHFH-3070,POS,124581.32,2023-08-02 17:20:27.076613,24.191355,86.361085
767e1dea-4d4a-4cc9-ad62-17d419e949ee,65d155eaf6c38b64,ATM-YMBT-1887,ATM,124581.32,2023-08-02 19:03:29.773117,28.542779,77.364929
d317aebf-4623-4207-b20c-fa085a5a43cf,09faa805bb9366e1,MIC-CEVN-5665,MICRO_ATM_CSP,75700.3,2023-09-04 13:47:19.491998,13.007176,80.21241
b23a1a12-e77e-4ed4-9b6d-abe9c18541f2,e3af0705ba5a43fa,ATM-WKAY-1619,ATM,75700.3,2023-09-04 13:43:43.478048,13.02388,80.168768
69dbda99-0695-4977-9edc-cd73ccc46ebb,fb68a7d30e7700c4,ATM-PGUF-6219,ATM,41136.32,2023-07-03 01:08:41.941385,24.285615,86.32101
9949bd5d-7396-45e1-8741-57d4d062d977,095c1c65e3981f27,MIC-RLXH-6022,MICRO_ATM_CSP,41136.32,2023-07-03 02:19:59.075228,23.987521,86.804691
16284b5b-83ab-408b-8e58-1c478677d414,6da47df28d1aad11,ATM-ROLH-9050,ATM,136558.23,2023-05-17 14:35:38.269857,30.890236,75.8358
42c528e3-298d-4b7a-873e-b7a66ed361e5,8f21d510590ce4b1,POS-OWWQ-2247,POS,9858.0,2023-05-22 13:06:28.038143,19.113016,72.833469
b159d557-b5c7-4ea2-8be7-dab4d197247a,774f92e6569462f3,MIC-LLTV-2583,MICRO_ATM_CSP,9858.0,2023-05-22 13:13:28.582382,28.544359,77.405335
6eadb002-075f-4dd1-8973-97f97a7e254a,800f97ed69d44439,ATM-BBDJ-9122,ATM,9858.0,2023-05-22 13:28:37.600953,28.111302,77.051042
a39539e6-34a2-4605-a620-edabd068cae5,774f92e6569462f3,ATM-JGTV-4889,ATM,9858.0,2023-05-22 13:02:11.262819,28.498667,77.341082
2ef45111-dae9-4e58-8a86-57ae54d30ea9,6da47df28d1aad11,ATM-BYBI-3267,ATM,19716.01,2023-05-22 12:55:11.685808,30.934105,75.865821
a5184ccb-b41f-4f44-9689-92c13a008d05,fbdf11c16c6f1158,MIC-WYKS-5572,MICRO_ATM_CSP,9858.0,2023-05-22 13:18:22.243255,28.569454,77.37421
55579f5f-307f-439b-b264-b60d286bb71f,774f92e6569462f3,POS-LHAC-3962,POS,9858.0,2023-05-22 13:58:18.607925,28.540714,77.367956
683649af-25b3-478a-8960-bcc42d324bee,0c7d0bd91be18aaf,POS-FAXN-2878,POS,8920.22,2023-01-05 04:11:25.329541,28.019854,76.954335
0980dd6a-575d-427a-8c38-19936f1be86d,7fe57d0ff66463b7,ATM-WCCW-8541,ATM,8920.22,2023-01-05 03:16:57.089293,22.540725,88.403134
7704419f-2466-4a38-acf4-42f2853d5187,f49ea4ce91fb5dd8,ATM-XEAD-2555,ATM,8920.22,2023-01-05 03:41:52.982815,22.56279,88.386519
7575cd41-b733-4491-a45f-9054b1ed6c7b,1b046e221c756ad8,MIC-WIQP-3500,MICRO_ATM_CSP,8920.22,2023-01-05 03:27:41.632717,28.5546,77.347838
969cc8ac-3210-4463-8846-665daa205f7a,7fe57d0ff66463b7,ATM-JUPE-0463,ATM,8920.22,2023-01-05 03:23:29.141944,22.537637,88.364877
f8dc3561-82dc-4cc3-bd52-2946fffc8723,f8e2a6843d0b843b,ATM-YLUL-9839,ATM,8920.22,2023-01-05 04:31:41.923213,30.889125,75.833721
d7b69733-65dd-43dc-8919-f874389009fd,f8e2a6843d0b843b,MIC-NUBM-5422,MICRO_ATM_CSP,5946.82,2023-01-05 04:13:01.810042,30.821921,75.793499
7ea8cd5b-cdd0-452c-8057-9a32fa35ffed,e80ae379760509e4,ATM-YLDD-7137,ATM,5946.82,2023-01-05 03:24:55.125594,13.050644,80.250533
7272f5c4-de0f-4867-8829-5bfe4a3adbc0,8e9be22c03d9e1cb,ATM-PGPR-3134,ATM,5946.82,2023-01-05 03:40:39.270193,28.074772,76.931009
a0187fdd-c133-4b41-96b7-e6fadc7b2d5c,7fe57d0ff66463b7,ATM-JYPO-9374,ATM,17840.45,2023-01-05 03:24:31.656293,22.527746,88.312211
0526abf1-7d8a-4839-a033-e93a1a7f5a86,2c44e83fabfdabca,MIC-MSDO-9286,MICRO_ATM_CSP,8920.22,2023-01-05 03:08:01.559872,23.912399,86.865292
175e6662-5e3d-44be-be34-7713f0e8053c,f8e2a6843d0b843b,ATM-CCKQ-5427,ATM,8920.22,2023-01-05 03:19:16.330806,30.958794,75.885919
d13fa56d-f9ad-496d-be0e-251ef5239e2a,f0cab7fa2fa3bdf5,POS-OODC-4169,POS,26760.67,2023-01-05 03:12:57.112657,23.894941,86.904521
2c06ed2b-c3df-4d4f-9deb-f92a0924bb76,4214d918811a3778,ATM-YLND-8718,ATM,26760.67,2023-01-05 03:23:55.905747,24.251152,86.315251
613df252-dd04-4a5d-807b-713dd4c0b2b2,6da47df28d1aad11,MIC-LUOJ-1945,MICRO_ATM_CSP,53521.35,2023-01-05 03:24:30.172459,30.931919,75.832854
a27f94c5-2799-4d25-9cc5-14c4e7161856,2c44e83fabfdabca,POS-OIQH-8527,POS,26760.67,2023-01-05 03:18:16.892107,24.035421,86.776978
42c17368-51a5-4471-b480-cc0489a4e89c,4033db100a1cc8ba,ATM-NKQN-5216,ATM,26760.67,2023-01-05 03:45:51.460164,19.056325,72.826645
d3fee7ed-0f42-46e7-bf36-19ac100327c6,3130a23abd9e06eb,ATM-NDKT-8719,ATM,17840.45,2023-01-05 03:40:48.083907,28.540894,77.429177
82235b63-ce5a-433f-b1d7-4c262b1a29e6,f8e2a6843d0b843b,ATM-AKYG-9258,ATM,17840.45,2023-01-05 04:39:08.735166,30.945099,75.926635
d69b60a4-fddd-4fd3-8678-5d855075124e,e80ae379760509e4,ATM-QSGU-2280,ATM,5946.82,2023-01-05 03:25:08.032117,13.0119,80.270897
d2a12d6f-b56a-48a5-9c2c-de85b5d195b4,2e4345eca1b5a34c,ATM-BMOE-5143,ATM,5946.82,2023-01-05 03:49:10.679993,28.600238,77.313909
103219f6-fe37-498c-8aa3-280a2eda58ae,15bc62bab6812a87,MIC-TCIC-6828,MICRO_ATM_CSP,5946.82,2023-01-05 03:19:54.641165,22.541215,88.399964
87c60487-25e4-4ddd-90c7-bf5eb770eb53,384f87a17f6c5ecd,ATM-TDZA-9702,ATM,42756.89,2023-04-15 22:04:15.292182,13.141276,80.200309
c27bcd52-59a8-4835-b6ba-09549ba70d9e,a77e1110504ea4de,MIC-OQIO-9312,MICRO_ATM_CSP,42756.89,2023-04-15 21:11:10.435634,24.267423,86.221858
2938bf5d-60e4-4fc6-a705-d68635ed2bd1,c05a5b6ef117bd25,MIC-CUYK-3357,MICRO_ATM_CSP,42756.89,2023-04-15 21:46:17.463458,28.122364,76.991423
f77f7ad8-43c4-41ef-8684-e61b3106b10c,3fdb81fcdd99b495,ATM-WLDD-0175,ATM,128270.67,2023-04-15 21:08:03.085871,13.09017,80.272325
928fff76-0c18-4bdc-a0bf-6c09f0126dc0,2a7ffeb933dabef3,ATM-DUQY-7732,ATM,64135.34,2023-04-15 21:15:17.687749,24.033564,86.800596
d9d43225-1355-481c-abd4-73a083eb7d36,2a7ffeb933dabef3,ATM-ILHA-3699,ATM,21378.45,2023-04-15 21:09:25.989272,23.916336,86.791449
9d310bf1-e8df-4fba-84c9-eb77f67b51d2,cb2c0cd8e1ad8e96,MIC-WKHM-0511,MICRO_ATM_CSP,21378.45,2023-04-15 21:14:22.966552,30.920845,75.784499
d8616c2f-40e2-40e5-a141-910f6be349cc,3da0d543bb6c4c0f,POS-DPFN-9800,POS,21378.45,2023-04-15 22:14:05.746010,28.540226,77.446702
2b96c263-33e6-46ab-9b10-44c993634e16,96739c6dc7f02b5f,MIC-CNAL-9073,MICRO_ATM_CSP,21524.66,2023-05-12 23:49:44.809686,30.917202,75.883773
327252b9-ce1a-401a-ab00-783c53b01225,95602c880bb923a0,ATM-ULMP-6207,ATM,21524.66,2023-05-13 00:30:44.056165,24.199306,86.3112
7f913664-f921-4bcb-9c43-93a9cd751527,6719077e3a6cd655,ATM-XZOL-1425,ATM,43049.33,2023-05-12 23:05:25.468803,23.983233,86.831115
4d8d2d58-5395-41fd-b30b-d1c474ffab71,150079c7a6c509ea,MIC-JUBN-8363,MICRO_ATM_CSP,43049.33,2023-05-12 23:25:06.530152,28.509232,77.334292
cd51c557-5a56-4190-953e-348e3745064d,7fe57d0ff66463b7,ATM-MIND-9030,ATM,10174.69,2023-03-07 03:13:38.706104,22.536047,88.316737
1461fe0e-491a-4e79-843b-e56facb84ab7,6719077e3a6cd655,ATM-NMMB-0886,ATM,10174.69,2023-03-07 03:41:52.677000,24.000994,86.745979
dc768c5e-11c7-43fa-8466-be6eda2ebaf6,ee953cbc6fe1c738,ATM-JXKC-0747,ATM,20349.39,2023-03-07 03:44:26.887251,30.882215,75.904396
083465f7-d442-4c06-8950-1696844d9439,cb9fa8bf15d4a4db,MIC-FXZR-3781,MICRO_ATM_CSP,40698.78,2023-03-07 04:17:57.301870,24.218698,86.313288
768e9479-f4a0-46f2-a169-4e91f8bf89e6,04cb4af66bbc9cd7,ATM-BLJS-4365,ATM,129497.99,2023-10-21 15:37:38.271228,28.529335,77.420923
d1b3a752-bbf4-4067-bb7c-f24334ac7a08,15bc62bab6812a87,MIC-XGHU-8620,MICRO_ATM_CSP,129497.99,2023-10-21 15:43:59.201447,22.569055,88.387036
532d9972-4329-4117-8c2c-7e8825b75a37,5056c4fc4739600d,MIC-RSMT-1012,MICRO_ATM_CSP,3708.16,2023-10-05 00:35:11.258277,30.862548,75.823793
1b45265c-1679-4b36-b72f-beb4fc2c9b4a,a1c22d172367ec5f,MIC-HVUN-8709,MICRO_ATM_CSP,3708.16,2023-10-05 00:10:41.812142,22.637873,88.445424
2d933922-d00b-422e-b614-b9e16bace926,5f314f6228b18b11,ATM-MERD-0926,ATM,3708.16,2023-10-05 00:24:44.558571,24.215875,86.348273
209d0aa3-b299-4cc1-a4b9-0c78168b0361,7419f0963738d159,MIC-MOIZ-3517,MICRO_ATM_CSP,3708.16,2023-10-05 00:11:24.027423,30.922191,75.812223
f5d365fb-36f7-4c7e-88d2-0d981c92b45b,7dfe46ee8d6ea258,ATM-JLAM-6637,ATM,3708.16,2023-10-05 00:47:40.685699,24.169995,86.244159
9046534b-d5e3-41cc-abb7-d2496843f9e0,d327db90c3ad5ef6,MIC-FJWS-3308,MICRO_ATM_CSP,3708.16,2023-10-05 01:29:15.104144,30.929018,75.869994
d3a124f2-9d2e-4937-a773-d3ba29a4549e,6e8a7e20f88060bd,MIC-YJFY-9955,MICRO_ATM_CSP,3708.16,2023-10-05 01:38:25.759582,22.523818,88.370804
070b4fc0-24e0-45c2-8fbc-1d4b0ff3701c,5590915cce31e2d6,ATM-FZBV-2235,ATM,3708.16,2023-10-05 00:59:47.819909,23.976977,86.814437
d8de69c0-2963-436e-a750-1f2351b5764d,a40844e151329aea,ATM-EFCU-4868,ATM,3708.16,2023-10-05 00:18:24.119335,24.204953,86.198398
42451d50-20a5-4a80-ae78-14aa6b8510df,2647f966c1839f83,ATM-INOI-5058,ATM,3963.09,2023-10-05 00:41:32.056861,28.092801,76.920538
19e87765-87ab-4370-a939-1bb970e123ff,ad5fe18df494f9d9,MIC-NWKC-0201,MICRO_ATM_CSP,3963.09,2023-10-05 00:32:46.483652,13.069584,80.329526
896c3362-71af-44bc-952c-794826834386,095c1c65e3981f27,MIC-MYOV-5211,MICRO_ATM_CSP,3963.09,2023-10-05 01:34:19.934003,24.036138,86.80078
fdd20e6c-edfa-49b5-a0e2-3c92ad552c96,6877ffca8e5a30eb,POS-VOOH-1530,POS,3963.09,2023-10-05 00:28:55.944489,24.246132,86.373222
07e59d91-2aa0-4e21-a146-9442928932f1,178450fb5c068e0f,ATM-KJPP-7110,ATM,7926.18,2023-10-05 00:42:25.847647,30.973633,75.882929
9f643e81-3e8a-47eb-a53e-9599005ade61,ad5fe18df494f9d9,ATM-ZTSN-9978,ATM,7926.18,2023-10-05 00:24:26.608348,13.042678,80.288919
3a6a6e4c-1ee4-4ac8-8db6-c7738a115c9a,178450fb5c068e0f,MIC-KQNW-1778,MICRO_ATM_CSP,2642.06,2023-10-05 00:17:02.419244,30.844548,75.81951
a023b636-001b-45a4-bd4b-a60c3e0c2259,562772d2f729f0a9,ATM-HGNA-7375,ATM,2642.06,2023-10-05 00:18:17.239910,30.83705,75.825748
69113cd7-3e9c-4e26-91ce-8e2aa4b7b4ae,0b2dda7d9fab34a2,ATM-CWTF-9764,ATM,1761.38,2023-10-05 00:17:34.967320,28.611888,77.352694
6dbcb68b-69f4-4fd4-b209-0fea2d841705,9f39a0685c6ab47e,ATM-MEOF-7214,ATM,1761.38,2023-10-05 01:39:57.993101,23.91063,86.863331
5bd32238-697b-4f0e-be1f-f8f3d0763560,578ffffe9f15f020,ATM-XPSQ-5733,ATM,1761.38,2023-10-05 00:57:42.547636,19.017464,72.927977
6a3642ec-ce75-4e43-b148-5e87ecb8f903,178450fb5c068e0f,ATM-DHNS-7642,ATM,5284.13,2023-10-05 01:53:10.108184,30.840803,75.839426
95ca9737-8cbb-46e0-bd3d-d159c9a4ceb3,314ff6665437dae9,POS-KOPT-6025,POS,2642.06,2023-10-05 00:31:49.028941,24.051916,86.796879
165dbaac-b046-4bf4-8872-1312da6afd36,178450fb5c068e0f,MIC-LVRM-9217,MICRO_ATM_CSP,2642.06,2023-10-05 00:20:08.386453,30.899972,75.771714
1ec7e876-0785-4f0c-a695-c42b97189d81,3a84fdc33508e322,MIC-TANA-5369,MICRO_ATM_CSP,1761.38,2023-10-05 00:29:30.540479,19.194143,72.859732
f59259e0-4fb6-41cb-a8da-b662e9cb1c72,f6b2ba68fde1e997,MIC-YBWU-9568,MICRO_ATM_CSP,1761.38,2023-10-05 00:39:24.426368,22.500683,88.43473
aab0f836-3355-4ae8-8ef7-914d3a77789b,4ea91a930097779c,MIC-OFXY-4380,MICRO_ATM_CSP,1761.38,2023-10-05 00:15:31.217990,24.131856,86.283775
2eff3386-47d8-4765-970b-6bc6d2a876db,98768ceed9627cfa,ATM-OGDN-8249,ATM,5284.13,2023-10-05 00:20:42.886819,24.035041,86.815842
fdf5825e-3357-4402-9a8b-13a3bb8a3dfe,e2008e1b14bdb6c8,MIC-XTIT-7174,MICRO_ATM_CSP,20551.04,2023-04-01 17:49:13.244332,28.375333,77.453134
a26a9156-e145-4c89-aae5-d628679d5977,33522c9bdbaf3bad,ATM-KCBP-1673,ATM,20551.04,2023-04-01 17:54:51.701186,13.129064,80.323623
50d0bc9a-dc3c-4860-8578-39513e8a56c5,fb3613bd645c7d41,ATM-RYGA-7765,ATM,13700.69,2023-04-01 17:57:03.204301,28.569633,77.44136
7eb88d23-5f60-49dc-a382-609a61040535,25b04eca97925f46,MIC-XWVX-3766,MICRO_ATM_CSP,13700.69,2023-04-01 17:31:37.822075,24.17734,86.346369
d83c3a6d-850d-430b-a2f4-21c2f7a2c97f,bfd8d67e331c6de1,ATM-MRUL-8522,ATM,13700.69,2023-04-01 17:37:50.553442,30.898935,75.790117
99d1794f-6e44-4ac4-a0ee-357a1c836cf3,5e7a22b24305ff3a,POS-KJYV-7842,POS,20551.04,2023-04-01 17:35:25.791838,28.156498,77.022648
ef5995cb-9a06-4daf-9862-bed6c9258f7a,d197d95e274489e7,MIC-PCXQ-4639,MICRO_ATM_CSP,20551.04,2023-04-01 17:37:11.130263,28.184808,77.015828
b0e1ba43-3b6b-4cff-9e24-f4813d2c27be,a458a9d0fa6b945c,ATM-GJRU-0997,ATM,13700.69,2023-04-01 18:24:12.041666,23.920703,86.787619
803cc50d-ead9-4c63-ab8d-d24030099d69,c527c012113fa811,ATM-EAKY-5480,ATM,13700.69,2023-04-01 19:34:36.566822,24.184824,86.316033
399a2231-5a39-428d-8fbb-b53b00519aca,8cb14c1df286e985,ATM-ILZN-2790,ATM,13700.69,2023-04-01 18:08:50.806373,30.95205,75.870064
e1dc2560-b1da-4317-b73c-1e506c79d140,095c1c65e3981f27,POS-HFIN-7749,POS,41102.07,2023-04-01 18:20:05.557070,23.905681,86.828766
07d7bc1a-4676-4432-b813-9cafd7f614a4,8c19faaa8bd5ac32,ATM-ZTJJ-6308,ATM,41102.07,2023-04-01 18:06:05.410182,28.172752,77.016944
200097bc-42a1-4e52-976f-2943787b796a,a77e1110504ea4de,ATM-IJWL-6453,ATM,131419.84,2023-07-11 02:52:48.927084,24.248254,86.216317
bdc527e8-e084-46e8-8de0-604f01f5d551,c05a5b6ef117bd25,ATM-LQUH-0960,ATM,131419.84,2023-07-11 03:28:27.989468,28.057727,77.021632
1ed4d8af-bfe9-45d4-82fa-3bae23dcdb42,384f87a17f6c5ecd,ATM-WQAR-0889,ATM,131419.84,2023-07-11 03:34:20.573436,13.051402,80.369408
08250dd0-97bb-40fb-9647-76f62db2ba11,82a072edd58e79aa,ATM-GHDB-1858,ATM,52404.18,2023-08-25 21:13:47.307901,23.930189,86.856353
c3459941-446a-4493-b5d0-83c0178f22fa,43b282632be789d4,MIC-PZCF-3222,MICRO_ATM_CSP,140926.53,2023-12-15 04:50:07.381385,13.107771,80.307765
c183075b-44ec-4e7b-90c3-569fabffd633,c7f66b5e1cfdc547,ATM-ZPWB-8887,ATM,140926.53,2023-12-15 04:41:12.737808,19.068156,72.830698
8b19695f-9dd4-4e03-b5d5-2d1910d500a8,91ff603347d3f90a,ATM-FICX-8205,ATM,12897.04,2023-03-31 13:22:51.377339,28.111351,77.011557
8c19098f-5d63-4874-b683-2a5205f25646,0f402318041204af,MIC-RXGN-2649,MICRO_ATM_CSP,12897.04,2023-03-31 13:48:39.123077,24.247755,86.335392
5906d295-e428-4f3c-8177-31a4dd9ce4a3,6ccfba4193d971a0,ATM-HHEM-7749,ATM,12897.04,2023-03-31 13:21:34.842626,24.148199,86.311062
534196e0-6533-4d4a-9b3f-3b4430dc7e03,c7f66b5e1cfdc547,MIC-VAYK-8493,MICRO_ATM_CSP,38691.12,2023-03-31 13:48:04.801578,19.007839,72.878206
26b1849c-827d-4bc4-9742-8660274a0005,a77e1110504ea4de,ATM-BNIU-2543,ATM,38691.12,2023-03-31 13:44:00.110344,24.193848,86.409178
d8a9ac92-4fcf-4918-ab5e-4c717e47fffe,5ab65182c5db6734,MIC-EWCR-5750,MICRO_ATM_CSP,38691.12,2023-03-31 13:44:38.592413,13.059102,80.309316
c8383c6a-1027-4de3-b7ea-bce64903e07d,d6be50cb8c586fce,ATM-QMGA-4570,ATM,38691.12,2023-03-31 13:17:33.454628,30.811826,75.803899
ccd924c5-6f1f-4aff-aa5b-6e25e71c129a,0ed49487d597b523,MIC-GCXQ-5703,MICRO_ATM_CSP,12897.04,2023-03-31 13:35:51.224623,30.895078,75.868808
a6f46c4c-8532-43d6-b5e0-b0e1e5be82c7,55b4926e5d4cc375,ATM-UUKR-7103,ATM,12897.04,2023-03-31 16:32:50.940242,24.015583,86.798018
141b3451-fb95-4844-8e51-1fd5c54aeb98,095c1c65e3981f27,ATM-ZJCK-7230,ATM,12897.04,2023-03-31 13:23:22.391112,24.014364,86.821427
aaa14bf0-35d5-4ffd-be3a-b29f51b80b2b,6cf7d73eadf5dbda,MIC-QHXE-6431,MICRO_ATM_CSP,7059.99,2023-08-08 09:16:08.280314,13.048436,80.303474
894f4676-e474-4a93-baba-5c2d3bff44c3,2a925c837b42a9e9,MIC-SXAU-4921,MICRO_ATM_CSP,7059.99,2023-08-08 08:46:53.436704,24.205075,86.34163
ac36dc40-b157-4842-ac89-dcb410c158ee,218c5d6d080619a2,ATM-JYKP-4119,ATM,3530.0,2023-08-08 09:37:09.462298,30.971734,75.931574
c1f11fa1-f226-4ef1-a26b-21e747586d79,2d7f04c671c24245,ATM-SFKE-4395,ATM,3530.0,2023-08-08 08:43:56.357164,19.051282,72.862428
dea5d1da-d990-40bc-9b51-918ad15317a6,2d7f04c671c24245,MIC-JETZ-9728,MICRO_ATM_CSP,7059.99,2023-08-08 08:59:45.587298,18.973485,72.842845
d1f8ce61-2b42-49d6-ba50-57c416a70774,83b82ffcea8b671a,ATM-NYDM-5402,ATM,57472.91,2023-12-11 12:00:28.576102,24.012518,86.809207
31d876d1-d2be-41c3-afba-c23ee9433cea,c171b589b00915b9,MIC-NZEU-6005,MICRO_ATM_CSP,57472.91,2023-12-11 11:06:34.763344,30.85866,75.837348
0bbc7bce-c1b6-4b4b-9907-f8fd5fc14716,b40cfec92900ce51,ATM-XHFJ-4621,ATM,32078.92,2023-11-17 10:38:35.359001,24.171802,86.187954
9cc324a7-d14e-4a79-b375-561a7bca0400,febf24426daa34df,ATM-NBDR-5717,ATM,32078.92,2023-11-17 10:29:19.867199,19.128562,72.81661
1d5120e0-e453-494a-9d8e-311aea475686,6da47df28d1aad11,ATM-KDSC-0793,ATM,64157.83,2023-11-17 10:47:32.302408,30.894806,75.837796
4d44ea18-afd5-4416-912e-8fcea53ca763,3da0d543bb6c4c0f,ATM-CLOS-4258,ATM,32078.92,2023-11-17 10:18:06.734182,28.553989,77.446118
71847c4c-1692-4ded-9088-89b71ed25e35,8d23eeefc8b65f56,MIC-XBSN-1670,MICRO_ATM_CSP,32078.92,2023-11-17 10:34:55.190957,24.198927,86.342403
31d24f26-254f-4271-bdb9-c6f7d43d95c2,6da47df28d1aad11,ATM-ROND-4736,ATM,64157.83,2023-11-17 11:26:29.864426,30.862913,75.851445
b5b81652-1f7c-41e6-8476-7f35991fa6b8,6da47df28d1aad11,MIC-JGCN-1166,MICRO_ATM_CSP,32078.92,2023-11-17 10:20:51.395812,30.88538,75.796067
7731a24c-bfa7-48a0-981b-b29746a63dc2,febf24426daa34df,MIC-DFMQ-9546,MICRO_ATM_CSP,32078.92,2023-11-17 10:16:10.611674,19.140196,72.905775
85d6cde3-fe27-4730-beed-599667f7078b,96ee3133eae53f34,ATM-TIZS-1501,ATM,32078.92,2023-11-17 10:37:45.063664,28.559776,77.359374
ae122605-177e-474d-bfab-788a90925434,bdb8bd7283b2a364,MIC-PZMK-9485,MICRO_ATM_CSP,32078.92,2023-11-17 11:01:23.912341,22.513984,88.318841
7cb01b8e-1d06-4a41-af23-a56bf2437634,6da47df28d1aad11,ATM-EIBK-2386,ATM,35605.71,2023-07-09 14:44:15.985631,31.025373,75.880891
9216a792-61f3-4307-bacd-0ef8170d9d9e,d9956ae44079537a,ATM-VMOU-1298,ATM,35605.71,2023-07-09 14:20:51.797695,30.822765,75.862148
795b981e-71ef-41ba-a04c-c8e3dd490816,0c5b61c0cc49dd4e,ATM-GVCF-0145,ATM,35605.71,2023-07-09 14:23:56.089864,24.206119,86.376731
f170ca24-16cc-4db3-82a1-fbbcaa5dc0f0,3c0b67ba74cbafec,ATM-WEJV-8638,ATM,13350.15,2023-06-15 17:09:17.145198,28.454082,77.355114
09cbb12d-7159-4fec-9cbe-99896f492ea3,9b32e2cba3851a8d,ATM-TINZ-9508,ATM,13350.15,2023-06-15 17:40:15.252483,24.252574,86.355475
7929499c-88e6-4404-8b0d-d4cbaaf0271c,0004a1a3a12705a4,ATM-MYIZ-5474,ATM,13350.14,2023-06-15 17:28:53.886199,19.097501,72.813845
3845aeee-a30f-4589-ae7c-c206a34dc218,77323791caaf34e8,ATM-IFGX-9466,ATM,6675.07,2023-06-15 17:24:05.680947,28.485079,77.351893
68754732-7a16-46f4-93fd-478873a77ef5,9fd752d9d0ccdbb9,MIC-DEPB-4662,MICRO_ATM_CSP,6675.07,2023-06-15 17:04:17.650849,23.927427,86.7693
8d6fd590-919b-4c77-aa0e-04ceba3842c8,8687a4cc583aa0ae,MIC-FGAL-1192,MICRO_ATM_CSP,8900.09,2023-06-15 17:12:25.553165,24.152635,86.38805
433dcc09-2371-4256-82af-5f17eacb333c,7fe57d0ff66463b7,POS-CLNC-2407,POS,4450.05,2023-06-15 17:31:57.932049,22.632572,88.273593
e4fe58e4-1236-4de0-a16b-1b0f5060ba9f,8e9be22c03d9e1cb,ATM-PXFV-6246,ATM,4450.05,2023-06-15 17:03:34.505676,27.981384,77.031498
950ea73b-73cd-4ed2-8a1f-f53efcef49d1,2e4345eca1b5a34c,MIC-VOZN-3505,MICRO_ATM_CSP,4450.05,2023-06-15 17:20:12.443444,28.559206,77.26062
0442a83c-b7ae-4ad3-abcc-ecd6a6ef0da9,e80ae379760509e4,ATM-WWWI-9102,ATM,4450.05,2023-06-15 17:13:49.404366,13.108168,80.138059
f5a071c0-cc30-4c19-9f7d-b291cd7e2998,1060b2a279af1d01,MIC-LPBE-4466,MICRO_ATM_CSP,6675.07,2023-06-15 18:15:31.163060,23.945791,86.77425
b8004ebb-f37c-4134-b7a9-311fb8ac03d2,afb6585a70966e66,ATM-LRHS-6559,ATM,6675.07,2023-06-15 19:41:32.151060,28.594408,77.321822
a5a55f35-bc28-4aa4-a55d-22e633b2df43,ae35003a1df2f0e2,MIC-FTVW-5035,MICRO_ATM_CSP,6675.07,2023-06-15 17:52:38.397419,28.563534,77.481841
74caabc5-51b1-4c70-a6c4-481766926e27,0f3e1c23ab2acd64,POS-SRCV-2790,POS,6675.07,2023-06-15 17:39:30.049167,19.073597,72.86164
6db1ac77-56b6-4425-8520-d21f86c6520d,230e4faa1b38ab5a,ATM-YCVJ-0406,ATM,8900.09,2023-06-15 18:32:02.212407,24.198128,86.3055
487fde9e-7f68-4472-83fc-2dd1343053b4,72757e65d62df2f2,MIC-FLXR-3985,MICRO_ATM_CSP,4450.05,2023-06-15 17:15:58.095021,30.812336,75.822444
981bbc10-fcf2-44c7-a757-bfaa1bf0e50f,8cd344c9dfe0dd5c,ATM-SPNJ-0799,ATM,4450.05,2023-06-15 18:34:11.811883,23.909618,86.829559
aee993b3-c396-4a71-8034-3b698f3a8302,ce42adff5fb0bcc0,ATM-OZFZ-7192,ATM,4450.05,2023-06-15 17:22:19.796289,24.218504,86.313474
82441fed-4713-498d-b718-6064695b9d51,09eb3419a9745adb,POS-NDKR-1679,POS,4450.05,2023-06-15 17:32:05.656003,19.1021,72.866047
c394e734-e599-4aeb-abc9-e9194f1595ec,8cd344c9dfe0dd5c,MIC-OMUP-7753,MICRO_ATM_CSP,26700.29,2023-06-15 17:59:10.635237,23.950631,86.876523
ef541620-f774-4ec9-a26b-c18a56e403c1,afb6585a70966e66,ATM-FAGO-6342,ATM,5243.37,2023-10-10 13:56:23.154876,28.528534,77.355255
c7a5a5a5-76e4-4d4c-a8e9-da2d76959449,c4fd7cb5b3b86b81,ATM-PFTB-3728,ATM,5243.37,2023-10-10 13:35:46.711460,28.13876,77.017656
27e4c230-3eba-427d-9f7a-4bf85ed8b65a,095c1c65e3981f27,ATM-ESJY-6850,ATM,5243.37,2023-10-10 13:50:29.019358,23.955998,86.792809
db796033-66de-4480-90e3-428a725ff796,4033db100a1cc8ba,ATM-RLLH-9385,ATM,15730.1,2023-10-10 13:03:24.376774,19.052022,72.87229
0f10eb13-6acb-4709-8305-f753813ca2ec,6719077e3a6cd655,MIC-ALAH-8449,MICRO_ATM_CSP,7865.05,2023-10-10 13:41:49.953123,23.970236,86.887525
083ea8fc-b186-4bd0-9f82-62e1c7603184,026a402f7a19d725,MIC-PJXB-7492,MICRO_ATM_CSP,7865.05,2023-10-10 13:23:09.856768,23.968921,86.795647
2ec6ee5f-b7d1-4da8-801c-8904d06cbb87,6db4b99434e0bedb,MIC-BMLZ-1991,MICRO_ATM_CSP,23595.15,2023-10-10 14:34:59.821730,22.542633,88.398775
a52227ba-56c9-444e-ab96-4ba5bd3d0eaa,b15f4e8b57339c3b,ATM-SCTH-5675,ATM,23595.15,2023-10-10 13:23:03.723284,28.576026,77.305785
bfd31d6a-96d3-461a-ba05-28e10fe47b36,87cc051ae08428cf,ATM-PYTG-2968,ATM,10997.74,2023-07-16 23:12:03.188385,24.176093,86.339113
21d43b3c-1a2f-4386-832b-2250b0fad5fe,d360483171622837,ATM-LQDO-4631,ATM,10997.74,2023-07-16 23:15:48.703348,22.545575,88.373983
06aa07f9-556e-4430-bb6c-a2eb16726d79,e7dabff5801a84c0,ATM-TGVB-7972,ATM,10997.74,2023-07-16 23:05:25.844919,22.598141,88.331802
501cb621-3a88-4e74-909c-3954252ee23c,87cc051ae08428cf,ATM-RBZM-7406,ATM,32993.22,2023-07-16 22:45:21.646370,24.257636,86.368545
389e518d-141c-46b7-9241-9ab886e6ac4f,87cc051ae08428cf,ATM-UEIH-5674,ATM,16496.61,2023-07-16 22:14:05.276037,24.296039,86.368439
33beaa16-27c2-493f-8ac9-de0428eefd3e,82040f84c6d17a60,MIC-ICIP-1623,MICRO_ATM_CSP,16496.61,2023-07-16 22:26:13.165654,28.59201,77.354763
2fbec0ea-3957-46e6-a4c5-94300f3dfc1e,f9a34baab7be9f34,ATM-TIES-2968,ATM,49489.83,2023-07-16 23:14:19.118772,13.093023,80.125029
201b2c1b-fbdc-4efa-8825-8a5bea6a280f,0f1ad65543378e63,MIC-LMEX-4057,MICRO_ATM_CSP,49489.83,2023-07-16 22:21:23.956224,22.654347,88.405041
e8d9cdbb-72ff-4c29-8ce6-ea89049d8c47,c3f72c30b76aac18,MIC-URRK-1223,MICRO_ATM_CSP,220765.7,2023-07-17 17:26:12.421587,28.588421,77.428284
785980ca-8588-43a4-abbb-446d312fca5d,f6b2ba68fde1e997,MIC-DETG-0773,MICRO_ATM_CSP,220765.7,2023-07-17 18:12:06.327853,22.571735,88.341901
a626127a-c54f-42cd-b147-405c46de1a98,d95d8cbc786fbe44,ATM-YYRO-4684,ATM,6806.63,2023-02-13 23:09:15.480395,30.887442,75.884999
f28dc33a-cb9f-4798-971c-f01a753f4cb9,2c44e83fabfdabca,ATM-EMZE-5069,ATM,6806.63,2023-02-13 22:42:15.722907,23.897358,86.719551
7e04dd74-13a4-4062-a23e-b338e84b48c1,15bc62bab6812a87,POS-GFJX-3778,POS,3403.31,2023-02-13 23:21:44.538631,22.584617,88.297137
acafdfc5-7308-49ee-843b-778ba03def71,3c8adec20ebc7ecc,MIC-HUWU-9708,MICRO_ATM_CSP,3403.31,2023-02-13 22:37:44.228382,24.203489,86.300252
1f502543-f277-43e6-853d-346a8249bc8d,ce42adff5fb0bcc0,MIC-DODS-0442,MICRO_ATM_CSP,3403.31,2023-02-13 22:40:52.119913,24.306922,86.332426
06680164-eed1-465e-9fac-ef9c4b780125,30bc88d810aef42b,ATM-SCIW-4605,ATM,3403.31,2023-02-13 22:41:44.611642,28.482673,77.368554
11e6babd-35cd-40cb-977b-c55a3e6e7f4b,07e0cebd234c62cb,POS-PQWX-7353,POS,3403.31,2023-02-13 22:43:53.921541,24.219054,86.307387
ade95767-6839-4bc3-8e32-1efc1cc47a0e,6d100f11d2a14a1a,ATM-YAAT-9993,ATM,3403.31,2023-02-13 22:59:14.638663,30.958306,75.936668
194558ab-8dcf-48b8-8757-342e7c39d3cc,82a072edd58e79aa,ATM-KNVM-8564,ATM,3403.31,2023-02-13 23:16:15.472877,23.940707,86.777821
0d854898-fd7f-4ca0-be8c-ce0af80771d2,15bc62bab6812a87,ATM-YFEL-0422,ATM,3403.31,2023-02-13 23:39:20.762075,22.521888,88.437768
6881b187-3e81-4e5f-8d51-c4f7e708e520,febf24426daa34df,ATM-JQJE-4468,ATM,3301.65,2023-04-10 02:54:16.619360,19.126375,72.909884
d39abf58-351c-426b-90e6-326fb4f3cdb0,6719077e3a6cd655,ATM-ECZU-1489,ATM,3301.65,2023-04-10 02:55:32.415928,23.911497,86.890279
3b9ecf9c-9b26-4880-8926-559139ada248,96ee3133eae53f34,MIC-VZMX-3874,MICRO_ATM_CSP,3301.65,2023-04-10 02:45:03.289039,28.551107,77.43273
1fb44f21-46a6-4bfc-8185-e8bdc11af833,febf24426daa34df,MIC-XUZF-4059,MICRO_ATM_CSP,4952.48,2023-04-10 03:04:43.020602,19.020722,72.859862
1dc0c18b-b51c-48ff-befc-e6e6c711800d,99a3e1da6dbb6224,ATM-KZTJ-9714,ATM,4952.48,2023-04-10 03:11:35.201790,13.064766,80.304715
07d8050d-bd00-4248-a814-d15e54837fe1,b40cfec92900ce51,ATM-GHEA-5953,ATM,4952.48,2023-04-10 02:45:38.757313,24.176793,86.37342
bb98e9ca-0976-4463-b06a-10c47d01016f,febf24426daa34df,ATM-FLWX-5334,ATM,4952.48,2023-04-10 02:54:51.909593,19.056222,72.908758
14b841ef-0daf-4622-9dc1-39a3d9c6e12a,5a2853871bbc3b2e,ATM-TXTE-0607,ATM,9613.64,2023-11-13 16:47:52.964751,28.099849,76.964326
af2db71d-2743-4e03-af58-39a99ed1a992,5a2853871bbc3b2e,MIC-LBDU-4698,MICRO_ATM_CSP,4806.82,2023-11-13 16:30:28.914194,28.125102,77.0404
fd1a4a5b-c7e0-4f71-9836-184af7268844,0f402318041204af,ATM-WWBQ-2501,ATM,4806.82,2023-11-13 16:49:34.523813,24.174468,86.2767
45624ce5-3d3d-4701-bc2d-ff574d61bd28,5a2853871bbc3b2e,ATM-LKPO-0776,ATM,4806.82,2023-11-13 16:44:56.224976,28.101773,77.045427
03f6ee77-a034-4556-a54f-8d029069ec01,4a013702888d6ac4,ATM-DIMO-1666,ATM,4806.82,2023-11-13 16:36:23.210878,28.556491,77.473172
b8c50a8f-d3fe-4d9c-87b9-0810284073bf,9b32e2cba3851a8d,ATM-BMPP-2684,ATM,28840.92,2023-11-13 17:53:44.649236,24.210572,86.340237
db08bd27-2b7b-4402-8899-948f3cf0d5b5,9b32e2cba3851a8d,POS-WPQZ-8178,POS,9613.64,2023-11-13 16:52:21.775940,24.178378,86.362122
1795ebb7-3ef5-4078-b56b-3d38de8c9c61,569e825e4e2fc336,ATM-MHLV-3142,ATM,9613.64,2023-11-13 19:04:18.971498,22.547118,88.329512
5716a264-e093-4826-beb8-1b66440556c8,450ed2cd4f37f2a0,ATM-HXUI-4833,ATM,9613.64,2023-11-13 16:41:39.239422,19.113724,72.799075
5d96db77-f359-4bae-988e-f49143d155c4,20d1004be5275449,POS-HQLT-5600,POS,28840.93,2023-11-13 16:49:34.056731,22.550929,88.380021
0ca896b0-ffce-42c1-9caf-897996a4e855,a40844e151329aea,ATM-GODE-9570,ATM,3204.55,2023-11-13 17:01:49.101736,24.18787,86.310323
faf8c2ce-b803-45f3-a27b-6d50c10702bb,4a013702888d6ac4,ATM-BTQB-5250,ATM,3204.55,2023-11-13 16:28:20.200263,28.522625,77.413792
0a06d785-fdce-4d20-9530-e5710687ded1,0cb4fa04eec264fc,ATM-VJVS-5274,ATM,2136.37,2023-11-13 17:31:04.236542,23.995015,86.818684
8281e926-2ace-4c4f-baa8-47b0c2f41c7b,f54efba75794b357,POS-UGWN-9059,POS,2136.37,2023-11-13 16:36:03.401325,23.885922,86.83631
1e5c2d59-8ea0-4ffa-aab6-e7864bb0bba9,91b86f426cd2cf59,POS-NWPH-3945,POS,2136.37,2023-11-13 16:28:22.753541,28.501217,77.44293
a97b5af5-be95-41e6-9bdb-bb74da092d93,b15f4e8b57339c3b,ATM-NKFW-2562,ATM,6409.1,2023-11-13 16:18:53.287903,28.457261,77.409365
e6d4a799-3375-4df3-a7a4-d68ae6034cb9,edaf410540b5230f,ATM-RLPG-6332,ATM,19227.29,2023-11-13 16:32:26.361017,23.95967,86.730701
962b7f2c-f6e0-42ae-ba93-dc190f72144f,d3e68396d863f181,ATM-HUUM-8689,ATM,6409.1,2023-11-13 16:17:10.326084,28.186235,77.01937
3de0a718-7507-4ca2-87c1-b3807ecb5978,83a3a20e0d2167a6,ATM-BWQP-6150,ATM,6409.1,2023-11-13 18:12:57.461202,28.283487,77.055142
b5671419-e246-4388-9294-036daa4dc0cf,6719077e3a6cd655,ATM-APUO-4019,ATM,6409.1,2023-11-13 16:27:33.538793,24.012815,86.741658
99cb8f1c-1c23-40c4-8715-76dbeb3ffc64,026a402f7a19d725,MIC-HNPY-4762,MICRO_ATM_CSP,27649.38,2023-05-08 14:27:48.336750,23.932425,86.778114
250263c0-f5b8-48c5-a9cb-9c93bbcdc9f5,026a402f7a19d725,MIC-LNRZ-5719,MICRO_ATM_CSP,4608.23,2023-05-08 15:17:09.902116,23.942839,86.817979
57c89f59-3358-4405-a302-7cf3523e7c81,45d630ed37506629,MIC-GXER-0512,MICRO_ATM_CSP,4608.23,2023-05-08 15:17:46.606429,22.601449,88.354394
1d8ec545-5398-4512-8773-15cb4b94d0fb,1dfa14d724111f5a,MIC-CNBF-0131,MICRO_ATM_CSP,9216.46,2023-05-08 13:54:35.161325,28.521949,77.376152
cf7d2723-0376-4db0-8e29-9b66b74adc77,562772d2f729f0a9,MIC-TVIK-7469,MICRO_ATM_CSP,3072.15,2023-05-08 14:28:11.155465,30.816888,75.841417
7733a495-26a3-42a9-8821-5ece0e6bfa9d,578ffffe9f15f020,POS-FTLX-9359,POS,3072.15,2023-05-08 14:11:05.912621,19.066892,72.873272
01d0193b-d0dc-45ad-834b-a8eb215b71a7,6e54222dc745323c,ATM-BKNG-0173,ATM,3072.15,2023-05-08 15:25:18.894821,22.545966,88.335694
bffc5d41-a7fa-435c-82ec-6b8fe438a50c,1b31c8b8b88df13f,ATM-YJGO-9744,ATM,6144.31,2023-05-08 14:10:03.704034,28.51859,77.375151
c87bf61d-6cab-46b3-853e-10c1944e6c35,460c3af32119dbe0,ATM-APFF-6897,ATM,6144.31,2023-05-08 14:42:10.615898,30.920497,75.863874
18f9cd84-1588-4cb6-9d61-2ca95cf38c43,9c39fecd110d5cad,ATM-TAMT-0996,ATM,6144.31,2023-05-08 14:01:21.787680,13.041828,80.305294
1543c7ac-e79e-4738-b500-409417d0a818,4b2f70600e0981d6,MIC-WUEO-1001,MICRO_ATM_CSP,4608.23,2023-05-08 14:14:38.797065,28.631671,77.345122
134cf859-47eb-40d9-abbc-49ee7be7670f,5308e86f6edbf7ed,ATM-IQRD-3685,ATM,4608.23,2023-05-08 14:35:37.396131,28.120253,77.045341
c1425c8a-6749-4b53-bf34-2aeca81dad45,81db70f41785c665,ATM-HZRJ-0959,ATM,9216.45,2023-05-08 14:34:03.164456,22.68207,88.377774
f7e9ccaf-1b53-40ca-b259-5aac606b16d1,5308e86f6edbf7ed,MIC-XABY-2414,MICRO_ATM_CSP,2048.1,2023-05-08 15:14:55.797948,28.014168,76.99711
1c5b1997-0f5f-4759-8577-977418108cc8,6719077e3a6cd655,ATM-XUXE-1080,ATM,2048.1,2023-05-08 14:14:37.446614,24.07278,86.820394
7adfabab-1c54-4a86-8147-fedfd2f154aa,4b2f70600e0981d6,MIC-RPDD-2167,MICRO_ATM_CSP,2048.1,2023-05-08 13:53:26.004975,28.535295,77.338548
3882e381-bd05-456a-a059-0768b3705226,90eba30e6ce8087e,POS-HUIT-2389,POS,3072.15,2023-05-08 13:41:03.881427,22.603448,88.347437
f1dcf087-7fb6-4969-8489-6997a8372c1f,026a402f7a19d725,ATM-IIWG-5972,ATM,3072.15,2023-05-08 14:00:46.903480,24.000412,86.803964
01747867-46b5-438e-8b6c-bed842dd8eea,026a402f7a19d725,ATM-GIFT-9686,ATM,3072.15,2023-05-08 14:02:03.700490,23.892352,86.888321
24989785-75a4-4b95-be0c-9fbeff7fbf06,294291ddc1b5dcaf,ATM-HJVR-7776,ATM,3072.15,2023-05-08 15:22:43.250932,13.072825,80.199948
fc479458-cee3-4b3a-9de6-a09e6caed52a,3ba14a4de4ea92d7,ATM-UVGG-7252,ATM,55298.75,2023-05-08 14:43:56.961490,22.561313,88.411439
27aa6db4-2050-4a92-8179-75c1e8a6db76,0bd8573ba3901c0d,ATM-CDVT-6989,ATM,3862.61,2023-10-23 16:02:36.220879,30.939211,75.87475
e6ba02cc-4259-44e6-b209-a17cf835b19d,e15635324afef7f6,ATM-BTQO-9501,ATM,3862.61,2023-10-23 16:14:19.494912,28.586236,77.32918
6b412d8d-3e06-4ee5-a0b3-110a5c5fc3ca,aefb9520732cf5fc,ATM-EXEF-4050,ATM,3862.61,2023-10-23 17:03:33.999660,22.570814,88.336242
6e8543d7-8c0f-42be-9925-6929ac02a149,0bd8573ba3901c0d,ATM-SQOK-6869,ATM,3862.61,2023-10-23 16:13:18.591581,30.962632,75.83705
7376e124-6301-403a-a9d4-19be265ff4ed,0bd8573ba3901c0d,ATM-ZPCM-7725,ATM,3862.61,2023-10-23 15:51:53.169008,30.866411,75.84736
1437fe38-992a-4fd8-9c9c-9c7ae92072cb,6877ffca8e5a30eb,MIC-ZJTP-8295,MICRO_ATM_CSP,3862.61,2023-10-23 16:07:24.131926,24.108332,86.29839
ea2a7c8e-cffc-4d66-82dd-1b2cad7561ad,d987bbe07c445fa4,ATM-CNOO-5072,ATM,11587.82,2023-10-23 16:23:18.360110,23.967722,86.812791
a2ef4beb-a8fa-4bfa-8de8-0f2d7f1f2278,2cea95cfb3bfcf81,ATM-LCNB-1145,ATM,11587.82,2023-10-23 15:43:38.928362,22.540146,88.390809
6f4312b7-5f75-4742-b3bc-0dad5e47335d,a8db324facfdb708,MIC-QPGS-2963,MICRO_ATM_CSP,11090.49,2023-10-07 15:07:57.074928,28.487309,77.366025
462bc4b4-80a3-441b-ba5f-c129f316a863,fed6a0b55d80fbac,ATM-RADR-6697,ATM,11090.49,2023-10-07 15:46:57.779588,28.141273,77.069443
f5068951-d70b-4ebd-93a2-c7f3ec0821c9,e3d62aedfb9d3703,MIC-IKSE-9824,MICRO_ATM_CSP,11090.49,2023-10-07 15:05:23.317876,12.986705,80.204076
1b79cfa0-da6d-4e0b-9ce8-be0563ae8d25,a8db324facfdb708,ATM-KGYL-5674,ATM,11090.49,2023-10-07 15:03:23.964940,28.543324,77.408686
c7e53690-6892-407d-a52d-31dfc9373b64,577744147cf6f197,ATM-TPVC-0309,ATM,11090.49,2023-10-07 15:57:30.600453,22.648046,88.391317
2595a65b-c773-4c3a-ad4f-e196f378de47,6d15ef43c18a5e44,ATM-EDKM-4036,ATM,11090.49,2023-10-07 15:06:08.581159,19.082428,72.86584
eae02eb5-da4a-4030-89d1-1fb667349874,91ff603347d3f90a,ATM-IMDS-0385,ATM,3696.83,2023-10-07 16:02:44.287718,28.082981,76.973467
34165d35-cf97-4b76-b575-d3962bda6ad8,93a252f15bde845b,POS-VEEM-4591,POS,3696.83,2023-10-07 15:41:53.909849,28.48169,77.384067
e6e9d617-f7b0-409e-9722-15961951a2b6,001cc7c523c48f43,ATM-QXAK-4818,ATM,3696.83,2023-10-07 15:45:53.543467,24.227126,86.291678
037f6f84-653f-46f8-98d5-1dc6d4285583,4d615301bf0f358a,ATM-JPOB-4991,ATM,5545.24,2023-10-07 15:26:23.137578,30.952543,75.850688
4b1f930c-4550-46cc-bd1b-acc18bab2c9d,040c1f611eb42ce9,ATM-ACNF-7223,ATM,5545.24,2023-10-07 15:26:07.646737,13.057648,80.314092
027867fe-7c07-4e70-aa05-c14de6558fff,5a2853871bbc3b2e,ATM-QUVW-6720,ATM,2464.55,2023-10-07 15:03:53.761078,28.07843,76.990275
2b85680a-d386-4648-b245-a3588cc98f13,0f402318041204af,ATM-EBQP-1784,ATM,2464.55,2023-10-07 15:20:36.414752,24.155943,86.276027
72da2a11-3cb1-4e5b-8333-074dd29fba4d,4a013702888d6ac4,ATM-DDJN-0892,ATM,1643.03,2023-10-07 16:01:32.896300,28.490727,77.43319
03c45bd3-c241-43df-8532-2714dcf9d77a,5a2853871bbc3b2e,ATM-VZJE-7891,ATM,1643.03,2023-10-07 15:48:42.545599,28.194251,77.029361
81604d10-18f1-4040-a18c-ecad9725ed92,94886534ba697546,ATM-IITT-9153,ATM,1643.03,2023-10-07 15:12:42.667584,28.13399,77.028252
c94a3685-9dd4-4bda-8bd6-c6718ddc203e,bcb12092e26eaceb,ATM-VEKM-4290,ATM,1643.03,2023-10-07 16:46:12.638297,19.108481,72.861186
f53c86f9-f848-413c-b24c-2bda3d0a7872,bf37d8c9ea7f02f5,ATM-CARK-1240,ATM,1643.03,2023-10-07 15:31:45.711884,24.149502,86.319867
eb284062-a20d-440a-9510-a59194d36062,f2096f718ea48500,ATM-AOZN-1223,ATM,1643.03,2023-10-07 15:33:39.629541,24.203749,86.241372
a09c0950-a7a8-4ad1-9fdf-6ab1f64b969e,6719077e3a6cd655,ATM-ZHMR-9067,ATM,1643.03,2023-10-07 15:04:10.599934,23.977495,86.778372
da37a185-b50e-45b4-98be-4be28ed911eb,e3d62aedfb9d3703,ATM-WSYJ-0815,ATM,1643.03,2023-10-07 15:10:55.528827,13.106882,80.216132
70c1ec67-6115-4371-9df0-7ba354d78b29,392ff47fb759eb21,ATM-DJXC-7909,ATM,1643.03,2023-10-07 17:05:55.908027,28.515871,77.436495
5e421def-dc3c-489d-957c-6ab308896da6,91ff603347d3f90a,ATM-TDYA-9598,ATM,2464.55,2023-10-07 15:01:18.059825,28.079755,77.119425
4e69f114-64e1-4dec-b2d2-d948ab00dcc6,9c933ed3540d2b7d,ATM-BTWK-7512,ATM,2464.55,2023-10-07 16:13:02.329116,13.021245,80.179488
6595cafa-ede8-448e-93e9-1b859755e348,43e2188fe6ee0e8f,ATM-FZNS-9960,ATM,1643.03,2023-10-07 15:59:53.778953,22.521073,88.339217
a5dbaba0-9295-4ab4-92b8-36e6d83d5775,9f2c367e9ecb304a,ATM-WIBY-9477,ATM,1643.03,2023-10-07 15:38:35.671597,24.031536,86.752228
9415c064-6d35-4415-8ace-f3cabcae9477,8763dc761991d7fd,ATM-MZMW-7747,ATM,1643.03,2023-10-07 15:31:48.575983,28.596842,77.448259
fee31fc2-55f2-47f0-96ec-d09bcd19124e,c3f72c30b76aac18,MIC-VCBM-9360,MICRO_ATM_CSP,7393.66,2023-10-07 15:23:34.238249,28.545845,77.437806
b6ab5f9f-6b73-49fc-b0c9-6f7cbcb7a5d7,82952cb79d3f45d9,ATM-VLIX-9131,ATM,3696.83,2023-10-07 15:11:51.664824,23.960701,86.889435
a8c2ba05-cc6a-40a6-a3d8-ebde4e87842d,6db4b99434e0bedb,ATM-MZPA-3494,ATM,3696.83,2023-10-07 16:28:33.179200,22.575585,88.315252
e33c762d-3137-4ae1-98d0-1b65458aa579,488c8c92e7abac83,ATM-ALVY-9756,ATM,7144.45,2023-09-21 07:13:37.731233,28.528698,77.449886
a12971bd-60ec-4108-ae52-409044fec511,9ad82182ead0fba7,MIC-UZNI-8585,MICRO_ATM_CSP,7144.45,2023-09-21 07:33:57.379324,28.460989,77.324813
24232eb9-5372-4e23-a916-dd2c0d93c5aa,7dfe46ee8d6ea258,MIC-MPWC-1999,MICRO_ATM_CSP,7144.45,2023-09-21 07:42:40.206988,24.196656,86.07882
eefb43e7-4e26-4db0-90c0-151caa443e71,c293589cea3b5636,MIC-HTWE-7038,MICRO_ATM_CSP,21433.35,2023-09-21 07:18:26.642576,23.913329,86.823456
4ce4a397-3c46-41ed-b0f8-4632b0e8fbcf,0004a1a3a12705a4,ATM-MEXL-8448,ATM,21433.35,2023-09-21 07:35:04.112424,19.116445,72.874478
f74a55bb-fa61-4b9a-bf26-29140c86893b,0f39aa3b13e7e3c0,POS-CTQS-8911,POS,21433.35,2023-09-21 07:12:13.334130,30.876167,75.895088
4ee03014-f5e9-4daa-83ea-a9d795e34a99,308677e52b368b05,POS-KBVZ-3039,POS,14288.89,2023-09-21 07:57:51.586650,18.998439,72.841973
54463556-7afe-48f5-b378-bfac9affeb01,488c8c92e7abac83,ATM-VIHZ-5023,ATM,14288.89,2023-09-21 07:32:45.655551,28.548785,77.411625
ab07a05d-20a5-4bc7-a5b1-3a0c633b0ef4,0f8ee466d63c1e84,MIC-NBWS-6548,MICRO_ATM_CSP,7144.45,2023-09-21 07:52:47.750784,28.144386,76.97901
da5ce361-3b96-4446-a36e-8fe9cfdc6cd9,da409597f4ad841c,ATM-JKGL-7547,ATM,7144.45,2023-09-21 10:01:18.254783,23.884917,86.770523
f84baa7d-87a8-4d41-a9ac-d0fc83d490f3,6da47df28d1aad11,ATM-IRMJ-4082,ATM,6635.04,2023-08-18 18:03:04.807712,31.032128,75.924276
9b69344b-fe0f-4b91-8031-87d6f0c8ccc2,83537c7c9fe41c3e,MIC-MMYB-2692,MICRO_ATM_CSP,6635.04,2023-08-18 19:13:41.389281,23.880011,86.804857
cd9df4bc-498a-46f1-ab39-eb5bd0028068,c6add401e808d068,ATM-ZZUH-6890,ATM,6635.04,2023-08-18 18:58:17.294980,28.553528,77.34083
af1ff0d5-5cc2-496f-847a-25a2c3955c9c,6719077e3a6cd655,ATM-HFGR-9020,ATM,3317.52,2023-08-18 18:24:10.428774,23.90391,86.928261
8fdc4ed0-34a8-4aef-a5d6-6e6f23858025,25b04eca97925f46,ATM-MWCX-7395,ATM,3317.52,2023-08-18 18:49:14.247726,24.156093,86.25499
f3a497da-72e8-4f08-8657-12c485258576,83537c7c9fe41c3e,MIC-RPEM-6662,MICRO_ATM_CSP,3317.52,2023-08-18 18:33:15.095216,23.92336,86.824158
0817fd75-6d15-4829-97bc-ff62a3c49efa,392ff47fb759eb21,MIC-AQVB-2814,MICRO_ATM_CSP,9952.56,2023-08-18 18:38:57.013682,28.549533,77.321195
8a866ca2-70e0-496c-b55a-b9999934dbb4,044beed55d80dc2b,ATM-RQMJ-7256,ATM,6635.04,2023-08-18 19:20:00.640261,24.151643,86.355103
02b71415-5c27-4284-9b61-d46ee73debd7,debdc8be2ef6184e,ATM-CAQY-0548,ATM,6635.04,2023-08-18 18:59:55.115375,23.942657,86.830872
85c20d51-96ae-4451-bcea-bbe7036c8b48,15bc62bab6812a87,ATM-GEUQ-9491,ATM,6635.04,2023-08-18 18:43:59.961984,22.532017,88.391778
8bd738d9-3e5a-4eff-a66c-8d8cdff1dc05,b8fbafa1b8d2fdba,MIC-XZXG-2051,MICRO_ATM_CSP,4976.28,2023-08-18 18:27:28.366503,23.915605,86.755958
1391cc52-0b8a-401b-b5bd-f8ff1c153676,83a3a20e0d2167a6,ATM-BGXL-7084,ATM,4976.28,2023-08-18 19:11:28.247285,28.01779,77.009561
0b4f5615-a623-4c24-adb9-3d9d9d9bf440,6da47df28d1aad11,MIC-PDOI-7839,MICRO_ATM_CSP,4976.28,2023-08-18 18:15:37.683577,30.931465,75.889131
d3bb9aa2-04b2-4925-8ff7-2b1dc5dc8e7d,c08d00055da1c6f6,ATM-MIGF-5275,ATM,4976.28,2023-08-18 18:18:02.718280,28.121158,77.062126
16efbab9-81ba-49e0-ae6c-2786d1bfcb95,bdb8bd7283b2a364,ATM-PYLO-3976,ATM,3317.52,2023-08-18 19:16:05.901269,22.506842,88.300895
102c8ffb-518d-4e10-837b-ef0962a85eab,f72723c2288b7429,MIC-KUTI-7891,MICRO_ATM_CSP,3317.52,2023-08-18 18:56:25.835750,24.147883,86.282725
d4b81b58-0f07-458b-aead-7561e43ddf65,96ee3133eae53f34,ATM-JQIG-9530,ATM,3317.52,2023-08-18 18:47:32.592828,28.533032,77.448127
94f0575f-b79d-4b19-829b-7e4345d93f92,bdb8bd7283b2a364,MIC-YZUB-5233,MICRO_ATM_CSP,3317.52,2023-08-18 18:24:01.134574,22.557104,88.399181
1bde93fa-97cd-4201-9691-b9c020f8850d,10d88bee675e95d1,MIC-WDLG-2002,MICRO_ATM_CSP,6635.04,2023-08-18 19:26:35.256005,24.220205,86.358937
94e64811-aa68-4718-9383-e273fe45a7e9,eecf10e34e5265e4,MIC-COON-9669,MICRO_ATM_CSP,19905.11,2023-08-18 19:55:39.048667,28.556836,77.451612
e75f202b-5429-4e44-b579-31045338a3b9,90c719afbb7ddcc0,MIC-JOOR-1835,MICRO_ATM_CSP,4976.28,2023-08-18 18:13:03.043174,18.981651,72.863556
ee4932c8-26ff-4c80-9cfa-2109709ace68,83a3a20e0d2167a6,ATM-CSIV-8254,ATM,4976.28,2023-08-18 18:55:29.757187,28.031427,76.962914
3a85d9b7-62cc-4d80-9488-e262914b0f03,4d9d93596a6dbe06,ATM-EAFO-2506,ATM,9952.56,2023-08-18 19:25:28.774755,30.850583,75.91759
468ff4c5-4def-4521-96db-42b60fd78abe,4d9d93596a6dbe06,ATM-WJAM-9703,ATM,4976.28,2023-08-18 18:44:32.870844,30.889817,75.963832
45cd4ed3-a761-406a-89a7-a800472e09cd,095c1c65e3981f27,ATM-LGUB-6680,ATM,4976.28,2023-08-18 18:11:21.044669,23.942819,86.729498
7429fd9f-13f2-4949-a5ca-86eb4dbaa8ec,095c1c65e3981f27,MIC-EXAE-4598,MICRO_ATM_CSP,4976.28,2023-08-18 19:18:24.737697,24.024933,86.794609
9baddc87-0b40-41aa-925d-d7ccd83f3405,c4fd7cb5b3b86b81,POS-XQHS-9894,POS,4976.28,2023-08-18 18:53:45.214105,28.135084,77.022527
9894dd04-c311-47d5-b0a2-ddb920c2a000,8edda279ba9e9ed1,ATM-UVEU-2563,ATM,9952.56,2023-08-18 18:12:38.414967,23.957983,86.830383
e9b60a6a-c1dd-4d1d-ba11-9347045e502b,05d9cb0a7966aa7b,MIC-QDNC-5640,MICRO_ATM_CSP,4976.28,2023-08-18 19:16:09.117763,28.158902,76.896224
e25f9a14-ee2b-4918-9918-794a8c308261,095c1c65e3981f27,ATM-GIST-8560,ATM,4976.28,2023-08-18 18:25:58.491110,23.964093,86.763363
c05f2dff-8890-4654-b517-8a4230cff90b,1363f80c2a6ea929,MIC-VRUL-5903,MICRO_ATM_CSP,22195.27,2023-06-20 12:55:52.236753,19.056794,72.783361
3d060be2-d7d3-48d6-8728-33531f888aa8,cafd7e8e5e09f087,MIC-SJTO-6389,MICRO_ATM_CSP,22195.27,2023-06-20 13:37:20.677511,24.10955,86.323482
b4b333e9-077b-4c25-9c5c-e5d839f5d04e,20d1004be5275449,ATM-TYTU-1955,ATM,22195.27,2023-06-20 12:34:58.504396,22.522707,88.385866
91277b1b-f55e-41a9-a900-320b22cde488,095c1c65e3981f27,ATM-WIOO-7710,ATM,33292.9,2023-06-20 13:05:38.472243,24.012464,86.752776
0c5a1bee-a072-4950-a447-7b743293e1c6,ce42adff5fb0bcc0,ATM-KSJP-1442,ATM,33292.9,2023-06-20 12:47:57.263756,24.210391,86.333933
3257729d-8bdf-4141-ad89-9b741a62243d,cb9fa8bf15d4a4db,ATM-FPML-0316,ATM,22195.27,2023-06-20 13:16:15.338236,24.236256,86.335777
a1f76c01-1402-4a6b-bedb-4912953bf6a6,b92b6e9f899d8fd9,MIC-EIBV-4959,MICRO_ATM_CSP,22195.27,2023-06-20 12:43:49.111043,22.637943,88.299614
dfb4fab7-aeee-4569-a219-28be7e8c0153,562772d2f729f0a9,ATM-DTVS-7766,ATM,22195.27,2023-06-20 13:18:39.318391,30.971815,75.786669
81476642-ebde-46e1-9bc3-6ee82d9284ee,0f108ded4e10a78b,ATM-DMVK-3444,ATM,28756.42,2023-04-03 22:48:48.558043,24.083982,86.285097
3623cce9-b03c-4389-9796-1d3fe400bb21,6719077e3a6cd655,ATM-NFAL-5061,ATM,28756.42,2023-04-03 22:46:09.338527,23.924482,86.821065
d1dc9e5c-05f0-4767-8d68-743ee1fc19fa,8b2f80b612ad4abe,ATM-JTPJ-8765,ATM,28756.42,2023-04-03 22:50:06.801327,30.865143,75.804703
60683d41-fc9c-4c2d-92a9-d2587c91bd51,96739c6dc7f02b5f,ATM-MQPI-8499,ATM,28756.42,2023-04-03 22:29:17.117988,31.056796,75.755736
d7e2f8bd-795b-4a5e-b83e-219fa27df970,9fb71d78ccc4f2b1,MIC-XEJY-0994,MICRO_ATM_CSP,28756.42,2023-04-03 22:53:40.567470,28.513426,77.407601
677a7e8b-40ed-443e-a879-a2a4cdd39b14,c1a3db241cc61fca,ATM-GRTB-7276,ATM,28756.42,2023-04-03 23:48:49.820247,28.024722,77.030556
1f536536-cd4f-4743-9ab0-015148163786,400a95ae23792cbd,ATM-WKJM-5404,ATM,86269.25,2023-04-03 22:25:19.918319,28.161557,77.113381
8e6930e9-b52b-4eb4-af0b-71e5cef2ec52,31c96105af812635,ATM-ORIP-9580,ATM,86269.25,2023-04-03 22:32:46.930622,23.956882,86.809219
ffccdeae-ba0a-4cad-a5c0-7074308c4fc4,2340f46458879cfc,ATM-QFYP-8350,ATM,269903.23,2023-04-06 08:42:44.546307,28.627606,77.414961
14d5b43d-6ad0-4071-8687-56f02a329150,91ff603347d3f90a,POS-COSY-3105,POS,11466.17,2023-05-19 12:04:24.229459,28.150032,77.074734
4a09ca0b-3092-4d23-a8be-d0fbd802ce77,a40844e151329aea,MIC-FTYW-7687,MICRO_ATM_CSP,11466.17,2023-05-19 10:40:16.934890,24.177183,86.265029
fa2190df-ab07-439a-9d31-db3acac14c2f,4346536ee04363c3,MIC-TOKT-2079,MICRO_ATM_CSP,11466.17,2023-05-19 10:54:50.744180,22.494288,88.364834
03ac9d24-ec0e-4565-81de-83d879ae7c01,6719077e3a6cd655,MIC-TYHK-0415,MICRO_ATM_CSP,17199.26,2023-05-19 11:45:18.739387,24.011957,86.737448
b0fcfb4e-7938-4c1a-b744-fd3fe404a216,392ff47fb759eb21,ATM-QQYB-3014,ATM,17199.26,2023-05-19 11:20:58.398806,28.430743,77.37466
a9aab5e1-38b2-4f1c-b6d9-e6efe56e0898,a2bbd14a2f29203e,ATM-VUDI-9290,ATM,34398.53,2023-05-19 10:29:51.515046,23.882304,86.80804
38bee873-2e46-4dfe-84d8-d433aea2d47a,6719077e3a6cd655,MIC-HZJM-9026,MICRO_ATM_CSP,34398.53,2023-05-19 10:45:32.685301,23.96699,86.825613
25e9b4ed-eff8-439c-9c79-9a336f3e4d25,98768ceed9627cfa,MIC-UVDG-2765,MICRO_ATM_CSP,10699.79,2023-10-24 18:40:21.788675,23.989427,86.842012
1525c147-3c7e-4307-9489-156099d28faf,dd9de6b05ff51602,MIC-URGI-0000,MICRO_ATM_CSP,10699.79,2023-10-24 19:18:41.735010,24.144008,86.22492
d0d89fac-89c4-45e1-aea8-5e8ba443bfd7,f716e35638c3dd12,MIC-DCRY-0431,MICRO_ATM_CSP,10699.79,2023-10-24 18:28:07.826542,22.585385,88.354474
cedefa76-0859-415e-8579-da76cd853c78,c3f72c30b76aac18,ATM-OFZB-8990,ATM,16049.69,2023-10-24 19:25:09.505840,28.605646,77.331191
b2208f9e-eee4-44a2-abee-ff6c0377bf15,a40844e151329aea,ATM-FKHD-1959,ATM,16049.69,2023-10-24 18:52:04.784562,24.249885,86.290544
c177b3a0-9241-487b-acb6-1f9c02ae046f,30bc88d810aef42b,POS-UBOJ-4619,POS,3403.49,2023-09-04 10:26:41.119958,28.591019,77.472383
b9b95853-4173-40ba-8ff3-23420000824f,ce42adff5fb0bcc0,MIC-YHJX-1399,MICRO_ATM_CSP,3403.49,2023-09-04 11:18:10.695046,24.246317,86.26003
3e2610c0-161b-406f-924c-04b925bd5ac5,82a072edd58e79aa,ATM-HBGJ-2219,ATM,3403.49,2023-09-04 10:18:09.165157,24.016489,86.799419
a19847a7-84e2-4eee-9575-10849662fd72,150079c7a6c509ea,ATM-RKRB-0544,ATM,3403.49,2023-09-04 10:42:35.172228,28.654916,77.379503
64da9a43-5bac-4805-b07a-645401a91f01,e500c9e498d732fc,MIC-SAQR-6313,MICRO_ATM_CSP,3403.49,2023-09-04 10:23:00.646829,12.945539,80.279056
598d44a1-f92b-40cd-a9d8-82ba4347d84c,3c8adec20ebc7ecc,ATM-DWDE-9099,ATM,3403.49,2023-09-04 11:33:50.516661,24.149491,86.346991
bddd579d-d4d3-409a-8939-d6941a693da4,f49ea4ce91fb5dd8,ATM-EXQD-7135,ATM,1614.29,2023-09-27 00:55:21.494273,22.618379,88.415626
424fdc60-b199-4018-b5e4-35f3e7466799,044beed55d80dc2b,POS-OQIM-9681,POS,1614.29,2023-09-27 00:41:26.746457,24.203066,86.243807
1ebe1d07-be49-41ee-a053-f25a0b4cdea6,15bc62bab6812a87,MIC-LVRJ-3567,MICRO_ATM_CSP,1614.29,2023-09-27 01:07:51.456371,22.571273,88.407879
aa690ba2-076c-44f6-970d-76775be06ad7,044beed55d80dc2b,POS-WUOK-8884,POS,4842.87,2023-09-27 01:18:57.227760,24.269023,86.277508
a2ed4ec9-a120-4551-8171-0fd034bbdbb9,044beed55d80dc2b,ATM-DLMS-2544,ATM,4842.87,2023-09-27 00:45:09.304516,24.166812,86.231006
00b6c65e-2a77-4012-80fc-d57278056c2b,76b7a36222fb4dbf,ATM-SZTY-1923,ATM,4842.88,2023-09-27 00:40:15.207172,28.144094,77.010242
d30a8993-977e-4cd6-aaf6-906b65201bfc,2cea95cfb3bfcf81,ATM-LVYJ-0459,ATM,4842.88,2023-09-27 01:01:03.559194,22.536205,88.333006
25067d13-6d9b-477e-bd93-fb3c241c530b,308677e52b368b05,MIC-JMWQ-7792,MICRO_ATM_CSP,4842.88,2023-09-27 01:30:17.878007,19.130594,72.7687
50a6d728-4feb-4ce4-a34b-347bb361b119,774f92e6569462f3,MIC-SAPU-1051,MICRO_ATM_CSP,7264.32,2023-09-27 00:39:46.925883,28.600577,77.348767
4cb9cf03-e430-4fcb-ae2d-ae747d510665,3df284a919e148a8,MIC-NMHL-2824,MICRO_ATM_CSP,3632.16,2023-09-27 00:41:09.795154,22.61067,88.308336
195d0501-5f1c-4f6b-9fcb-1cc295843738,1b6df1573ac24ffc,ATM-XWFG-1589,ATM,3632.16,2023-09-27 01:30:36.907094,30.919667,75.84755
fb862ad9-e552-4d83-bc4e-c5df27ff0c4a,4933000996e6a77b,MIC-UOWS-8319,MICRO_ATM_CSP,4842.88,2023-09-27 01:32:20.326511,30.964751,75.845418
ec34f03d-f31c-4af5-873b-68f16810aec7,6e8a7e20f88060bd,MIC-OVHY-8874,MICRO_ATM_CSP,4842.88,2023-09-27 01:03:02.399588,22.642615,88.343986
7bb3c812-bcfa-44fe-be1c-fe5fee666bf4,870522376f60b02a,ATM-RZHU-1500,ATM,4842.88,2023-09-27 01:08:26.251101,19.110909,72.923705
e6365c4d-706a-4b75-b539-575f04292c21,25b04eca97925f46,MIC-OIBH-7309,MICRO_ATM_CSP,7264.31,2023-09-27 00:56:57.057167,24.181865,86.303302
bac6c6ef-62d3-4792-8b02-6ecd72e531cc,10e4948592a3bbc6,ATM-VJUE-7859,ATM,7264.31,2023-09-27 01:09:00.631043,23.890356,86.828189
3a48e683-ffda-4e9c-959e-484daef0f819,044beed55d80dc2b,ATM-XVNK-3953,ATM,7264.31,2023-09-27 00:50:51.699022,24.23345,86.377942
2253a224-97e7-4b9b-bebd-ab74b0595c4b,10e4948592a3bbc6,ATM-YFXU-2832,ATM,7264.31,2023-09-27 01:17:48.939597,24.001163,86.754971
a4b2d73f-4e7c-41f0-ac51-ccbc7cad167e,d81d1683ecaac229,ATM-GLEX-8280,ATM,7264.31,2023-09-27 03:29:05.998453,22.581513,88.348326
599c5f76-26d1-433c-9aaf-38a43460a03b,99a3e1da6dbb6224,ATM-PDQB-5567,ATM,7264.31,2023-09-27 00:28:41.311166,13.079223,80.259066
7b4fcaaf-1cf4-41f2-90bc-0520a671d893,774f92e6569462f3,MIC-BOHT-2123,MICRO_ATM_CSP,7264.31,2023-09-27 00:26:08.024575,28.584906,77.455993
6727ab93-f102-4f78-97d6-f76199b15575,6877ffca8e5a30eb,ATM-IGIZ-3581,ATM,7264.31,2023-09-27 00:28:27.578878,24.182623,86.327847
91d0a21a-6a1b-446d-bff9-2f290f481b15,6719077e3a6cd655,ATM-KXSV-8862,ATM,3632.15,2023-09-27 01:04:03.820647,23.951862,86.739353
ebf2b7ba-1449-4209-84b9-8f5382627a48,da409597f4ad841c,ATM-CGDB-0851,ATM,3632.15,2023-09-27 03:07:25.783767,23.879728,86.75516
d6797098-73e5-485a-907a-0cd536350a95,e76a8f42f5a1372b,POS-MZIB-9498,POS,2421.44,2023-09-27 00:38:34.005895,13.043476,80.264395
9463244b-0a90-4576-8876-480c1ff51102,f35ffc0e034418d5,POS-LUEV-3040,POS,2421.44,2023-09-27 00:25:59.261654,19.086936,72.954499
cbc99471-6cec-4235-9b18-321c76f7b847,230e4faa1b38ab5a,ATM-TEJP-6715,ATM,2421.44,2023-09-27 00:25:23.561197,24.197792,86.307121
7bcbde65-895f-4b39-a717-e9250ec73fb7,1e53c2e9292b4b76,ATM-CAWB-5045,ATM,68200.01,2023-01-30 02:52:21.697529,24.250213,86.25735
95045898-8ff1-4ccc-b8af-6cf60f209b22,1e53c2e9292b4b76,POS-UMUU-7728,POS,34100.0,2023-01-30 03:23:14.102924,24.251327,86.320196
b904aef7-12e6-4b94-bc73-437ff0aa9671,d3e68396d863f181,ATM-ASKQ-9655,ATM,34100.0,2023-01-30 02:31:04.945334,28.101463,76.997283
57282b57-13ae-4603-a4f9-9dc1230870ee,cb9fa8bf15d4a4db,MIC-DFJQ-9745,MICRO_ATM_CSP,68200.01,2023-01-30 02:10:24.786331,24.159381,86.25588
07ab0016-30e8-42a5-abaa-41b4f6e40529,d95d8cbc786fbe44,MIC-BEXB-9485,MICRO_ATM_CSP,16944.07,2023-07-25 10:37:23.385816,30.871108,75.935582
18f649eb-a9d4-4f4a-9ce7-447d58ec7def,6877ffca8e5a30eb,ATM-XXAG-6528,ATM,16944.07,2023-07-25 10:10:55.691203,24.175317,86.277085
65110aad-257e-4359-b823-c49d38b93f24,4b2f70600e0981d6,ATM-CHDO-8394,ATM,4247.22,2023-04-26 16:41:00.220313,28.500073,77.391274
0ce92a8b-55d3-40e6-812a-2f583b52d9f0,d00466dba4ffcefe,ATM-JUQN-3716,ATM,4247.22,2023-04-26 16:06:21.979726,28.51475,77.332128
822668e2-543c-476d-9b88-8d284a2b7c56,02faf74a5df7342a,ATM-GZTQ-7554,ATM,4247.22,2023-04-26 16:15:43.648154,24.154972,86.230916
cba4c3ea-95a7-479b-9209-12822c514061,45243675010d84fb,ATM-QCWJ-5946,ATM,12741.65,2023-04-26 19:27:32.337005,28.139575,77.036244
a378fdef-570c-4072-bb70-d06b4fba6567,dd9de6b05ff51602,ATM-MMZC-7868,ATM,8494.43,2023-04-26 17:39:50.215087,24.151171,86.362276
80880ab5-1104-407c-8d02-999737076636,98768ceed9627cfa,MIC-SLUH-2844,MICRO_ATM_CSP,8494.43,2023-04-26 16:26:52.462216,24.021317,86.830124
436df152-e78c-42f7-9df0-1160d5d8dd6c,2cea95cfb3bfcf81,ATM-YXHQ-9457,ATM,8494.43,2023-04-26 16:45:51.402383,22.576705,88.361431
13f51919-f1f0-4947-a670-ae04941da0f6,3963b6f6f79dd7db,ATM-EMGB-7631,ATM,2831.48,2023-04-26 18:20:44.211271,28.087798,77.121474
6b2d72d4-e031-49e0-b04b-d3bf3b31962d,8687a4cc583aa0ae,ATM-VAYE-9748,ATM,2831.48,2023-04-26 16:12:21.437382,24.171683,86.320363
d60f5f1f-4c05-4f37-83ca-41699a149668,e500c9e498d732fc,ATM-GVDB-8927,ATM,2831.48,2023-04-26 16:04:49.430933,12.986548,80.208232
964f9fa3-911b-476a-9b6f-5031b184b922,7138f04a79804589,MIC-WLMP-8157,MICRO_ATM_CSP,4247.22,2023-04-26 18:41:46.409303,28.047089,77.052066
ec0a3efc-ec99-474b-9e4a-80d3a708a2d5,d95d8cbc786fbe44,ATM-EDIE-8373,ATM,4247.22,2023-04-26 16:03:43.923246,30.891446,75.803268
4096ccbb-ea5d-40e5-953c-0883282eddba,c00017baec900020,MIC-FIQQ-0658,MICRO_ATM_CSP,8494.43,2023-04-26 16:25:33.673200,24.268094,86.302236
b7ba8bd3-e803-470d-9961-135195457003,b8fbafa1b8d2fdba,ATM-GOEV-5795,ATM,8494.43,2023-04-26 15:57:15.760306,23.944083,86.87864
0f0558f7-8453-4bc6-b3e4-b523dfa75ed8,7138f04a79804589,POS-VIHA-6004,POS,4247.22,2023-04-26 15:53:04.979290,28.097872,77.037272
b32e6def-c95c-4744-acbe-687cbd77f1bb,d95d8cbc786fbe44,ATM-KOGA-2481,ATM,4247.22,2023-04-26 15:56:39.578548,30.769458,75.882615
a939c005-7e79-4baf-8aa0-bd66deff9164,d95d8cbc786fbe44,MIC-IQQB-0130,MICRO_ATM_CSP,2831.48,2023-04-26 16:36:34.312215,30.906841,75.759144
6f0e2089-145a-4ab4-b8ef-2492a7189e84,1a5374909c292cdd,ATM-LGQM-0433,ATM,2831.48,2023-04-26 15:48:12.339205,28.076505,77.038649
c3ec8a26-d2e1-4b89-a0be-62acb0f9dd94,e3ca269f60d6d65f,POS-ZTZX-2455,POS,2831.48,2023-04-26 15:59:22.798015,13.140358,80.292885
c9fb0d37-bcb3-4b07-a8df-f2b6621a313d,76e37cd876827e1a,ATM-TWZS-3652,ATM,220384.45,2023-08-02 12:35:58.713288,28.179487,76.873925
1e89e85d-b494-40f7-b133-038cfee04e88,0f402318041204af,POS-PKWF-1132,POS,220384.45,2023-08-02 12:29:24.084149,24.070008,86.201387
48134528-8e67-4a45-ab48-76149bf93ba1,fc8676e6a3807581,ATM-GOJM-9576,ATM,43408.6,2023-02-23 10:31:12.173606,19.060115,72.947548
66bbb0bf-28e3-4974-8720-9f0d643f1fed,0b2dda7d9fab34a2,ATM-OTGF-5027,ATM,43408.6,2023-02-23 13:24:37.290500,28.498262,77.314411
8394022f-cb81-4e1c-ba90-b1d3bd253ca5,f9a34baab7be9f34,MIC-QRQN-7753,MICRO_ATM_CSP,43408.59,2023-02-23 11:22:14.489118,13.101472,80.240734
8e637411-b8f0-4056-8641-e92f91e3eed1,d3e3dc428f4f7211,POS-CQZF-3633,POS,43408.59,2023-02-23 10:38:06.347829,24.007406,86.755276
974261ae-5a79-4af4-a720-50d9d927feb2,801c737176bab764,ATM-VUXL-0443,ATM,334286.94,2023-07-06 15:10:25.125026,30.956257,75.783123
06366936-1f8c-4560-b3ae-b0292b49bfb3,25b04eca97925f46,ATM-VSHA-8848,ATM,161378.3,2023-09-03 01:48:42.607654,24.193735,86.271081
31b5f033-03ad-41d8-ba82-b0fd0182fc32,91b86f426cd2cf59,ATM-TUMI-6926,ATM,80689.15,2023-09-03 03:09:55.327997,28.546235,77.35377
5b1755a2-fc70-4364-a687-6d26c2d18332,577744147cf6f197,ATM-GHHK-3608,ATM,80689.15,2023-09-03 02:42:03.664507,22.653028,88.35255
686586c2-33be-4b9b-88ed-2638b20c65d1,0f402318041204af,MIC-WDQN-9765,MICRO_ATM_CSP,396965.22,2023-09-20 15:22:11.652980,24.193308,86.302799
f6e57ff5-92df-428e-ae60-c6c2efdd07b6,dd9de6b05ff51602,ATM-YFMC-7476,ATM,10775.86,2023-03-04 18:37:09.487088,24.157492,86.274641
c108389b-3a56-429a-86da-0fb19fab4136,095c1c65e3981f27,MIC-ZSPW-5950,MICRO_ATM_CSP,10775.86,2023-03-04 17:27:46.901505,23.918137,86.731945
95915e11-828c-46dc-9c7a-7f78d79c9e2c,07e0cebd234c62cb,MIC-ERWE-1390,MICRO_ATM_CSP,21551.73,2023-03-04 19:08:29.251586,24.234288,86.347809
ad2036c8-a164-4f9e-b963-7fcf2d951fb8,79a8772dff7b3fdb,ATM-RDMQ-5774,ATM,66367.83,2023-07-27 04:03:34.352714,24.18913,86.287731
dbb99065-aa77-4166-a8b9-abaaa3190775,400a95ae23792cbd,ATM-CMXH-2026,ATM,66367.83,2023-07-27 03:58:43.768737,28.145895,76.989772
4ffbebc0-6c11-4c7e-a4bb-8578a1a6e75c,02faf74a5df7342a,MIC-OLFQ-6293,MICRO_ATM_CSP,51133.94,2023-03-12 13:10:59.782180,24.197282,86.339197
9724c947-aa06-405a-9a9c-2183c3ef93f5,4b2f70600e0981d6,ATM-CFEI-7913,ATM,51133.94,2023-03-12 13:12:30.677760,28.452074,77.448618
d3df8ac4-88d4-424f-b705-19419548aea6,7138f04a79804589,MIC-GGTZ-4098,MICRO_ATM_CSP,51133.94,2023-03-12 14:19:09.347044,28.145444,77.072035
e5caf4ed-6c41-4f98-ae62-92deb8686b8e,9c39fecd110d5cad,ATM-EWSU-3813,ATM,51133.94,2023-03-12 13:05:21.929189,12.992062,80.250999
3a1d7f89-93cd-4f5f-abd7-eb8257078f77,02ae516d1d2fd9f9,MIC-QQUC-5213,MICRO_ATM_CSP,23349.49,2023-08-16 15:14:06.279936,30.908185,75.832205
2f09cfaa-b906-443d-9f7e-0c59f7054acb,8608ca6e1438fc4b,POS-VWEV-7489,POS,23349.49,2023-08-16 16:16:49.797704,23.924335,86.841315
98c26626-839f-4532-b916-8a7049507adf,e01c434b0d177165,MIC-FNNP-2853,MICRO_ATM_CSP,23349.49,2023-08-16 14:57:57.191382,28.419314,77.385526
c34d9d16-1775-4b45-b86b-9281b1d48408,d9bcc83f674275e1,POS-HVOU-1589,POS,23349.49,2023-08-16 15:05:23.269303,19.022993,72.929559
c160e27c-70a3-4c8d-9ae2-6810d03e0aab,b2e3e791ec389fae,POS-DSKC-1919,POS,23349.49,2023-08-16 15:40:21.626163,23.905345,86.775938
82639676-e6b4-4c9a-8e0c-5b6a005f6e35,96739c6dc7f02b5f,MIC-IQJP-3708,MICRO_ATM_CSP,23349.49,2023-08-16 15:16:43.818497,30.92675,75.802374
234cde1b-3b16-436d-9128-4b1d0a4d5815,4214d918811a3778,MIC-IENA-9337,MICRO_ATM_CSP,59193.43,2023-10-12 19:42:50.680264,24.176623,86.259323
bc29cd27-4efa-4c44-bebe-12dc510163aa,952daf51a91e8b31,MIC-MVRN-9126,MICRO_ATM_CSP,59193.43,2023-10-12 21:03:01.312083,23.896003,86.810208
dca91db3-bcfa-4ba7-a750-bdf20c4aaeef,fc8676e6a3807581,ATM-IMQW-1896,ATM,59193.43,2023-10-12 19:54:03.562561,19.030561,72.936481
bdf5c3da-0528-4c2b-8229-cf27e47ef281,b6061c939aa88bd7,ATM-LRXD-5470,ATM,102706.78,2023-08-12 15:47:27.920744,24.246701,86.314321
1464bfc9-8ae9-46f6-90a1-6d70d6a57805,218c5d6d080619a2,ATM-TNMA-8233,ATM,102706.78,2023-08-12 16:39:59.215987,30.953509,75.777334
7457e62e-0a80-42cc-acc7-febb7fcfa388,25b04eca97925f46,MIC-RIJB-5220,MICRO_ATM_CSP,102706.78,2023-08-12 15:35:05.651633,24.173218,86.194808
68b8ab01-a6ed-40e7-acab-27f4a6a52a09,d81d1683ecaac229,MIC-KFLG-4494,MICRO_ATM_CSP,66342.91,2023-01-22 20:16:00.975495,22.58018,88.396193
f573a0f1-aa68-4fc6-9796-f1bf03c60c1b,1e8b570b4f4e8db8,ATM-KQFV-8598,ATM,196617.57,2023-02-07 06:16:33.572432,22.615821,88.346096
fe05263f-a996-42c3-a3c8-3e8b85faba35,392ff47fb759eb21,ATM-BKOH-9180,ATM,196617.57,2023-02-07 06:16:06.652323,28.537511,77.397716
5b18f780-d7ef-43bb-9c2e-5dc64b5c9138,e8c8577ea9141637,ATM-UJWD-1838,ATM,88650.44,2023-01-05 20:04:01.041979,28.482744,77.378971
d45a4681-4191-4bbd-96e1-b6a2c75a8d8b,bbaf3f02a8b0828e,ATM-WLYT-5934,ATM,88650.44,2023-01-05 19:57:04.743389,24.010784,86.732071
e553dbc4-ac23-4391-a0a2-6da3bcdb3ef8,55b4926e5d4cc375,POS-OQKJ-3417,POS,21364.64,2023-11-20 12:22:43.648296,23.933127,86.776708
5807af24-531b-4ff9-8109-73f71170e234,e41466061105f4e8,ATM-GGYV-8842,ATM,21364.64,2023-11-20 11:40:02.107563,30.862627,75.825443
f6660115-dade-4084-a345-d682ea58fe78,90ccc2d3d41485de,ATM-IFEI-3258,ATM,21364.64,2023-11-20 11:43:57.978161,28.0772,76.991142
e2f896ec-f1c8-4cb6-96a2-f442882f2d66,c00017baec900020,ATM-LQLW-2632,ATM,43789.47,2023-06-08 03:18:39.987211,24.217758,86.29118
4be67d51-f011-471d-abe4-2b7fafa71c55,8c8e8c2707466b4c,MIC-RURS-6696,MICRO_ATM_CSP,14596.49,2023-06-08 03:28:48.454225,24.206409,86.301075
23de80af-4f13-4c53-b0f6-a00b6a6f95e3,e2f19358960dc1b8,MIC-WZFU-7520,MICRO_ATM_CSP,14596.49,2023-06-08 03:17:09.753767,28.540329,77.448036
9b0725aa-8adf-41d5-9cb6-999f2f095bab,4c33d093c4bea6f0,ATM-WWUC-7264,ATM,14596.49,2023-06-08 04:07:55.315986,22.60642,88.395152
139a70e5-e87b-45c1-b112-4641939bb023,3595b10f9139f7f5,MIC-UERH-0852,MICRO_ATM_CSP,43789.47,2023-06-08 03:50:36.973864,28.578094,77.411861
db413b43-7a22-46f1-bf4d-c22ddeb93914,51cba92f234ec17c,MIC-JXGE-8085,MICRO_ATM_CSP,14596.49,2023-06-08 03:27:34.537020,23.906002,86.837258
0ae50efa-969a-4261-a50c-68362e5513c8,4c33d093c4bea6f0,ATM-OMLK-4595,ATM,14596.49,2023-06-08 03:31:54.237296,22.588564,88.292224
a6070dad-5132-4da4-888a-f98549f9c2c2,3595b10f9139f7f5,ATM-KATB-4287,ATM,14596.49,2023-06-08 03:38:10.245602,28.570642,77.376297
07bd7159-e08c-40d0-98c4-b1638b367695,8c8e8c2707466b4c,ATM-HJPU-4732,ATM,29192.98,2023-06-08 03:35:44.366940,24.205333,86.308325
1b8d66f2-b8f1-4fef-ae1f-33b75ca8fa58,e2f19358960dc1b8,MIC-JQUL-7588,MICRO_ATM_CSP,9730.99,2023-06-08 03:30:45.974817,28.529845,77.382346
17ee9e1b-15a0-4990-a9e8-3f6e4495666c,96739c6dc7f02b5f,ATM-XCAM-6428,ATM,9730.99,2023-06-08 03:34:37.010010,31.105873,75.799543
0f897fbd-a680-4da9-a400-9b47edaabfb8,028202be514e6b30,ATM-ZMCZ-0210,ATM,9730.99,2023-06-08 03:38:31.156899,28.103476,76.964356
e4420410-850b-434f-912f-d4d944ee6670,9161da7be526b717,POS-GAJK-1660,POS,29192.98,2023-06-08 03:56:26.026108,24.153912,86.296159
ac8f9cdf-9fe4-41e0-bf90-506b4ab5fcb5,bf37d8c9ea7f02f5,ATM-IVMF-3664,ATM,29166.81,2023-10-15 03:02:25.256280,24.19424,86.392804
d5217ee2-61de-4a78-8a9f-935518c2878c,c944a5acdd141b53,MIC-YJPK-3362,MICRO_ATM_CSP,29166.81,2023-10-15 02:25:01.844499,13.171915,80.250331
df7f4aaa-8550-4a5c-afd0-e13687b13856,044beed55d80dc2b,ATM-WMPP-9566,ATM,19444.54,2023-10-15 02:34:46.458417,24.098707,86.353909
bf39d3be-969b-4a6e-a3be-aea3caabe374,a90e52c63855a5a6,ATM-DLEN-2739,ATM,19444.54,2023-10-15 02:44:41.039000,30.86006,75.843558
ec949512-a327-435b-8080-6b1eb72fc072,99a3e1da6dbb6224,ATM-RORS-3101,ATM,19444.54,2023-10-15 02:39:41.144505,13.059676,80.321445
9f4786b8-c13d-4a72-9707-d519697d39f9,c6add401e808d068,MIC-KVEF-3863,MICRO_ATM_CSP,9722.27,2023-10-15 02:30:55.155342,28.553738,77.336554
7a7bbc90-8fb1-42c8-a475-c1a0678ac6c2,20d1004be5275449,MIC-DMND-9308,MICRO_ATM_CSP,9722.27,2023-10-15 02:13:22.731041,22.516471,88.301184
4db37eaf-24bd-4761-90ef-ed6fb8bea27c,6da47df28d1aad11,MIC-BYSO-0849,MICRO_ATM_CSP,6481.51,2023-10-15 02:13:43.473171,30.882588,75.916322
7f1f0d60-b22a-4338-90bb-330aa4792fab,673042d418c5aa70,ATM-HGQX-2411,ATM,6481.51,2023-10-15 02:25:15.823854,13.076065,80.353078
653fd2d0-cb29-473c-8813-a3e6b5a4b480,6719077e3a6cd655,ATM-BNWZ-7406,ATM,6481.51,2023-10-15 02:15:19.159658,23.960028,86.745595
36cc2d13-4eaf-4b00-99c2-60bfe094f7e8,a2bbd14a2f29203e,ATM-FVVB-5403,ATM,9722.27,2023-10-15 02:20:28.401336,23.877086,86.874095
1d832d4f-bfd5-4710-8f18-178ba911ae34,6719077e3a6cd655,MIC-FXET-9915,MICRO_ATM_CSP,9722.27,2023-10-15 02:19:17.806705,23.991005,86.775722
8c2895c8-03c6-4d51-a5ae-c8610a3b7eb1,6da47df28d1aad11,ATM-VVNK-3154,ATM,9722.27,2023-10-15 02:55:27.507654,30.828533,75.813863
57dacee4-520f-493a-ad11-d098a8eec081,6719077e3a6cd655,POS-ZVXO-3068,POS,9722.27,2023-10-15 02:23:26.078045,23.996737,86.871098
da23c944-80a2-4537-ac0c-982bbf3da925,bf37d8c9ea7f02f5,ATM-KCNF-3794,ATM,6481.51,2023-10-15 02:26:28.716980,24.117162,86.248718
ccdfed2a-c668-457c-a3a3-8338e2ccd9ea,6719077e3a6cd655,ATM-WKSZ-3343,ATM,6481.51,2023-10-15 02:24:12.462743,24.055206,86.853989
a49282bd-d09d-4358-bbcc-e05b226a214f,673042d418c5aa70,ATM-HWEH-3244,ATM,6481.51,2023-10-15 02:11:52.109027,13.026188,80.235981
2e73df9a-74f8-46af-926e-ccb2e4ff7ccf,87cc051ae08428cf,MIC-VZJG-6255,MICRO_ATM_CSP,6481.51,2023-10-15 02:19:49.768476,24.273563,86.27873
cb6fcbc3-45eb-462b-b313-a63126377271,673042d418c5aa70,ATM-FXSO-7716,ATM,6481.51,2023-10-15 02:44:58.123906,13.065105,80.251918
0027aab8-984b-4cf3-96d4-14d3cd6b7f26,4bd8066a7ff43612,ATM-ONXA-0178,ATM,6481.51,2023-10-15 02:15:35.965110,13.064691,80.314909
e2aff7bd-de01-4a40-a851-e773f64629dd,6877ffca8e5a30eb,POS-NYQQ-7984,POS,40372.85,2023-09-02 11:37:01.796954,24.216944,86.300172
8804fe74-ee1b-4e23-8f06-f0c201382bac,b81bb0e12f7fe3b4,MIC-MRMF-6969,MICRO_ATM_CSP,40372.85,2023-09-02 10:52:18.993879,28.446308,77.395583
ab2ec15d-865e-4acf-ba7f-bc3f4156129e,e76a8f42f5a1372b,ATM-OTRS-4054,ATM,40372.85,2023-09-02 10:39:35.127566,13.095798,80.295994
392202bd-7b5c-4440-94ee-c0868f36c931,6877ffca8e5a30eb,MIC-MLYI-9890,MICRO_ATM_CSP,60559.28,2023-09-02 10:58:59.250320,24.20028,86.249028
02485d14-92fd-4149-b9ba-38908984b93a,d1834d35c9ee5ba3,ATM-MKWL-5850,ATM,60559.28,2023-09-02 10:42:40.753304,28.164739,77.02703
4a442c01-b268-464f-a4ea-af244c727777,62cfc22d05ce7763,ATM-EIYX-1583,ATM,11312.46,2023-11-23 15:12:14.667511,13.100992,80.243946
b1f01aeb-cfed-4473-9eb9-6d2bf5320c74,150079c7a6c509ea,ATM-ORVE-7267,ATM,11312.46,2023-11-23 14:59:15.368193,28.577031,77.432538
d91b4478-06a3-4107-b74b-6bdead3c0b73,55b4926e5d4cc375,ATM-CRAG-7263,ATM,7541.64,2023-11-23 15:14:02.659376,23.992728,86.821052
da494c38-4c3d-4113-85fe-c3336cbb1346,0ed49487d597b523,ATM-YBXR-7507,ATM,7541.64,2023-11-23 15:09:35.803800,30.944133,75.786672
734f0ecd-6e83-44a5-906f-1fdc6f77f0f8,095c1c65e3981f27,MIC-YQHX-7365,MICRO_ATM_CSP,7541.64,2023-11-23 15:14:53.641708,23.940886,86.872849
f9ddf122-ffd4-4104-9254-430be7b17d95,55b4926e5d4cc375,ATM-LLFB-7579,ATM,11312.46,2023-11-23 15:25:22.817993,23.911011,86.720362
5d1ea6f4-b9fc-45aa-b75d-ee0762938760,f72723c2288b7429,ATM-GBQD-3388,ATM,11312.46,2023-11-23 16:15:59.828239,24.240817,86.314987
89ec003c-d0cb-42f1-ac60-132058cd35a1,cab96474e727e59c,POS-GUZP-4381,POS,22624.92,2023-11-23 15:24:26.836734,22.567704,88.347182
4bbde1cf-5091-4f5f-95da-82b0739b3913,028202be514e6b30,MIC-QAOK-4226,MICRO_ATM_CSP,235284.37,2023-04-16 08:23:33.841532,28.122162,77.06902
68bff704-e1f2-489d-83c5-f8775e516d7a,56d780b6aabce5d8,POS-XJKZ-7245,POS,225523.05,2023-10-23 18:13:25.184979,19.062959,72.864155
5125df6b-f597-4307-9cdb-5b374a113874,d1834d35c9ee5ba3,MIC-KNGN-3879,MICRO_ATM_CSP,148729.89,2023-10-23 00:51:56.535878,28.099624,77.040767
ad61fe17-5234-4c2d-9630-8eb9b4794e7f,562772d2f729f0a9,ATM-XBZN-2772,ATM,74364.95,2023-10-23 01:26:07.808323,30.843593,75.821114
cb7df4a6-842b-4b76-8f74-9343caa06e3d,36ebcda7e8ca8c5d,ATM-AEUS-2380,ATM,74364.95,2023-10-23 00:29:40.520699,30.857939,75.781165
2d31a4b4-0d4a-483d-841b-37ecb2f118b7,b6061c939aa88bd7,MIC-NBXI-5220,MICRO_ATM_CSP,166842.52,2023-09-03 18:46:36.952977,24.244266,86.277497
de991b1c-48e1-4f26-9813-a1b473a2658d,36743817547696c9,MIC-FWWG-0097,MICRO_ATM_CSP,166842.52,2023-09-03 16:05:30.286135,23.962735,86.908545
3617b8c5-2fac-4dd1-8201-dc9667a484d9,3595b10f9139f7f5,POS-BEQO-7339,POS,48466.2,2023-06-09 01:43:40.058104,28.587373,77.392808
7a7408b2-2709-4fa5-9efb-e4be06f6f2ae,6719077e3a6cd655,MIC-JUFD-8781,MICRO_ATM_CSP,12116.55,2023-06-09 01:42:29.139241,23.972257,86.845937
6940ed3c-642d-489d-901a-ee5f45e93adb,51cba92f234ec17c,POS-HWEE-9948,POS,12116.55,2023-06-09 01:43:24.265330,23.922056,86.963239
a711a259-8adb-4383-b4b6-f970a1fee939,3dcd069dfca35470,ATM-OVKN-9179,ATM,12116.55,2023-06-09 01:47:28.757384,13.118331,80.312036
5ab2d35e-5308-4090-9b19-52a43bba9ef8,e9b823fe47bc426a,POS-VUGP-8849,POS,12116.55,2023-06-09 01:59:41.179967,24.240252,86.307495
9e2a9149-655d-4bbd-985d-0dabb0b283e5,9dbe3525d7d0e203,POS-XEQW-7084,POS,48466.2,2023-06-09 01:49:50.597974,24.19607,86.368794
32e4ad8a-8a49-4909-934b-a0fb4672291b,e0bc7472ab1f2964,ATM-LUVZ-2755,ATM,16155.4,2023-06-09 02:30:19.070527,30.864981,75.895863
1ceb79fa-a99f-4293-9ea3-8c6e31b61d4e,91b86f426cd2cf59,ATM-VYLD-6667,ATM,16155.4,2023-06-09 01:41:55.320801,28.511516,77.42341
50bc4450-45f6-4a25-9a8f-059822eb144b,0c5b61c0cc49dd4e,MIC-WXPK-4330,MICRO_ATM_CSP,16155.4,2023-06-09 01:34:48.920962,24.14511,86.277048
908d53ab-aba4-4f50-a80a-19790b508523,562772d2f729f0a9,MIC-MECN-0614,MICRO_ATM_CSP,56728.56,2023-01-10 02:11:34.587244,30.892256,75.871068
2344a567-9e92-4d43-8f22-d0e26212630f,8e9be22c03d9e1cb,ATM-LZHK-0650,ATM,56728.56,2023-01-10 02:16:46.648447,28.045344,76.979202
0950a7d4-264d-4348-b2ef-7e4fe23fea6b,8e9be22c03d9e1cb,MIC-EYCX-3199,MICRO_ATM_CSP,28364.28,2023-01-10 03:12:12.085085,28.123156,77.050046
0733045c-448e-4a72-8fe0-21bc7ab75898,7fe57d0ff66463b7,MIC-YDOL-8017,MICRO_ATM_CSP,28364.28,2023-01-10 02:17:44.902873,22.59146,88.314453
33b05c08-2108-4591-9747-86a5f74981a6,8e9be22c03d9e1cb,ATM-PJBK-0916,ATM,28364.28,2023-01-10 01:58:39.074436,28.046083,77.026829
b212c9cd-da5d-4e81-8cf0-2ef9c9951c12,7fe57d0ff66463b7,MIC-UTKI-8716,MICRO_ATM_CSP,28364.28,2023-01-10 03:25:58.320409,22.561861,88.306012
fcd06734-81aa-4844-9ed7-7c2bd24c8b57,801c737176bab764,ATM-DPYH-7729,ATM,95659.11,2023-06-08 13:57:07.968028,30.889497,75.759623
85244db5-0d7a-479b-a8d8-4bccb3d5e69d,25e15980a34119d6,MIC-TYKY-9369,MICRO_ATM_CSP,31886.37,2023-06-08 13:59:51.286703,24.16781,86.324669
889d831d-0049-4fdd-bbff-ebd5a656845a,0f39aa3b13e7e3c0,ATM-ZJFJ-4405,ATM,31886.37,2023-06-08 13:38:53.285224,30.942052,75.848216
1b7c3a42-ac7f-4b86-bdc6-caa6fa6b8402,a2fa3041d552b090,ATM-QOMU-7871,ATM,31886.37,2023-06-08 13:36:47.347562,28.60727,77.397296
2ea46877-9b03-4a51-91c3-09e694f48c59,3fd666dafcab0387,ATM-MNXI-2324,ATM,95659.11,2023-06-08 14:38:36.536698,30.961802,75.86433
4526318d-b3a4-4a75-8ceb-6040b7d65fe7,6719077e3a6cd655,ATM-IQQR-2291,ATM,95659.11,2023-06-08 13:54:16.880821,23.824565,86.877544
f08a4f94-d93a-4d3b-9946-56151cc8eef7,ed25b3310f976d9c,ATM-WCLY-0760,ATM,32701.18,2023-05-05 06:57:53.923285,24.123791,86.375998
56c4311f-ac8a-4b0c-821a-4392d24c967e,25b04eca97925f46,MIC-EOPH-2986,MICRO_ATM_CSP,32701.18,2023-05-05 08:14:38.756604,24.198881,86.339079
a44e9bcc-79b4-49ae-9190-0e74e80da963,f6b2ba68fde1e997,MIC-RYIB-1421,MICRO_ATM_CSP,73348.78,2023-05-08 11:39:25.876907,22.767169,88.296946
baf97ab8-9189-4667-af65-a479409debd3,c00017baec900020,ATM-BGFP-9118,ATM,73348.78,2023-05-08 11:38:51.419150,24.242927,86.183543
9b67eec6-6c06-4ed5-b9d1-d98bdb73603e,3fdb81fcdd99b495,ATM-QIJI-8720,ATM,16299.73,2023-05-08 11:52:11.389882,13.079838,80.201064
a67cb7b3-702c-46cd-84fc-87354f43e37e,5590915cce31e2d6,ATM-KQCN-3436,ATM,16299.73,2023-05-08 12:25:18.102148,23.979927,86.786586
e54d04c3-433d-4070-b6a1-e5a1b5824f01,3963b6f6f79dd7db,ATM-ZJFC-5460,ATM,16299.73,2023-05-08 12:06:04.776820,28.005528,76.995488
b20e6305-dcd1-4a54-a65d-463047466aae,c3f72c30b76aac18,ATM-CFOC-8759,ATM,24449.59,2023-05-08 12:57:54.825182,28.499974,77.370157
34f1d408-ce28-40f4-9a5a-78bbf76f1fae,392ff47fb759eb21,ATM-JYGR-8531,ATM,24449.59,2023-05-08 13:32:57.622544,28.518393,77.348979
b0ef9b04-dd4a-4c8b-939d-ab1937fc4f73,c3f72c30b76aac18,ATM-KFLR-3522,ATM,24449.59,2023-05-08 12:20:48.095029,28.576776,77.509965
32fe8246-135b-44cf-9594-b3e895685746,6da47df28d1aad11,MIC-JNOV-6234,MICRO_ATM_CSP,24449.59,2023-05-08 12:09:36.130400,30.907172,75.880469
fab4af40-ee6c-4d6c-a02b-357bdd7d4e95,249a5fdb3aa3e639,MIC-WGMO-2078,MICRO_ATM_CSP,8892.77,2023-01-22 14:08:41.061882,24.170383,86.284091
65c9cd0a-0268-4518-8003-bf5ac9d1bdbc,38fd75ab3f30c2f6,ATM-OBXL-4568,ATM,8892.77,2023-01-22 14:38:09.875909,23.988167,86.87339
1c994adc-95f1-49e4-92f6-edd21082daef,ad5fe18df494f9d9,ATM-DCFL-9058,ATM,8892.77,2023-01-22 15:06:59.969999,13.126017,80.191754
385b26d5-4941-4535-b981-83dab6a320b9,6627778c0faccd9e,MIC-CAFI-8739,MICRO_ATM_CSP,13339.16,2023-01-22 13:27:15.739692,24.182805,86.306068
52e7356c-82b1-4bd5-be68-a9f9be96641f,ad5fe18df494f9d9,ATM-EAAY-7556,ATM,13339.16,2023-01-22 14:01:26.057169,13.072928,80.211648
d1d170cf-4fc7-48d3-911a-8573300ce1bd,07e0cebd234c62cb,ATM-RUFS-1448,ATM,8892.77,2023-01-22 13:47:07.451161,24.200825,86.292439
b603a679-af48-4275-bb0c-65b367ac6334,095c1c65e3981f27,ATM-QHSE-9414,ATM,8892.77,2023-01-22 14:18:40.367259,23.91251,86.903463
58f3d47e-d1a9-46af-9a1c-d1f859df6792,47dbc2f354f604d2,MIC-EVMQ-0040,MICRO_ATM_CSP,8892.77,2023-01-22 13:41:04.720908,28.081068,76.989483
af00d670-d226-44d1-80fc-d73a2cff7347,4214d918811a3778,ATM-DDYZ-4090,ATM,20008.74,2023-01-22 15:31:59.004304,24.211221,86.285487
99996c70-8aac-4da1-afa8-e2678f0406bb,f2096f718ea48500,MIC-JIYJ-3525,MICRO_ATM_CSP,20008.74,2023-01-22 13:17:40.981350,24.195165,86.342441
1490d52e-c8f3-482e-80ed-af71b130fe15,f2096f718ea48500,ATM-BUHR-4107,ATM,20008.74,2023-01-22 13:38:02.793063,24.118687,86.374022
9a601d04-5b66-44cc-8e83-1a33a07aebd4,56d780b6aabce5d8,MIC-MCBI-7970,MICRO_ATM_CSP,20008.74,2023-01-22 14:09:35.800366,19.054197,72.811046
0fdf2685-6b93-4696-898a-ec6086af26c6,d81d1683ecaac229,POS-GFOL-9423,POS,20008.74,2023-01-22 13:32:51.615183,22.558485,88.359132
593a6257-c49a-4e2e-a042-fe4d37e1aecd,45c70d67d95dee88,ATM-HZDE-5818,ATM,20008.74,2023-01-22 13:43:06.678643,30.814384,75.89007
25c385d7-5fa4-45e3-bd60-2f49f46192b1,f72723c2288b7429,ATM-LLFP-5923,ATM,13339.16,2023-01-22 14:23:02.607742,24.134732,86.317571
583f23e1-6fc1-4e64-9e0d-b401ffff098f,d799d9a9330ffa26,MIC-DNTT-3416,MICRO_ATM_CSP,13339.16,2023-01-22 13:39:15.785681,24.211791,86.290503
7c5acc76-4e1f-4b41-859b-a2a1008b95e2,82040f84c6d17a60,ATM-KUWI-4456,ATM,13339.16,2023-01-22 14:37:42.049250,28.504733,77.440004
81ea4e51-b07a-40fb-8736-c6027dcf463f,6719077e3a6cd655,ATM-PDTR-8871,ATM,7676.87,2023-12-31 16:14:47.364769,23.920873,86.76291
bf2eadc0-f36b-4984-8e0a-398f2ec59cad,1b31c8b8b88df13f,ATM-LWAL-6576,ATM,7676.87,2023-12-31 17:10:13.672289,28.554062,77.355415
9cb89ca7-9221-4263-a709-1aa157e3d791,9c39fecd110d5cad,ATM-CXOO-7297,ATM,7676.87,2023-12-31 17:00:49.307968,13.125612,80.310615
58fdaee3-22cc-4d1a-a8d5-5b049b22f459,2ac4a8b096d7bd21,ATM-UHHS-5141,ATM,3838.44,2023-12-31 16:55:56.363411,28.529412,77.346609
27604abf-d4b3-4c14-abc4-cfe8edd68b01,5590915cce31e2d6,POS-FUTN-1372,POS,3838.44,2023-12-31 17:29:59.510507,23.965282,86.774234
e2b54c94-4514-4ead-a283-627cfb132061,f11598245b195848,ATM-GRBP-9646,ATM,3838.44,2023-12-31 16:43:05.764540,22.55082,88.391048
19d8e800-fd79-4bf6-8481-7219a1c74738,e5f265e3ef332cfc,POS-FJVT-3273,POS,3838.44,2023-12-31 17:22:51.123858,13.107831,80.213451
cbc83edb-23ed-4ecd-a334-3099de2c82b8,f11598245b195848,ATM-KAMK-4521,ATM,3838.44,2023-12-31 16:16:10.694837,22.564191,88.373653
ca63e0bc-9bcc-449a-a544-0202f44f4ea8,dbb971a3623d9970,ATM-RNPR-6547,ATM,3838.44,2023-12-31 17:25:10.982784,28.540177,77.351742
4dbb9f0e-14a2-49e4-a5d1-c6f40e3671c2,6719077e3a6cd655,ATM-DTUD-0361,ATM,23030.64,2023-12-31 17:08:37.004460,23.944048,86.875661
c25c7e17-7a4d-4921-8dbe-3426f164cd37,6719077e3a6cd655,MIC-NIOA-4018,MICRO_ATM_CSP,23030.64,2023-12-31 17:45:25.894161,23.958539,86.865
3db9d510-ec8a-4c78-a5b6-af807caa4dde,96739c6dc7f02b5f,MIC-AFUV-3295,MICRO_ATM_CSP,7676.88,2023-12-31 17:03:33.249764,30.902523,75.924172
e23bcf24-fe30-4d70-be98-701c9b95da04,dbb971a3623d9970,ATM-RKCA-4210,ATM,7676.88,2023-12-31 16:41:17.425244,28.575993,77.463025
342734f4-f889-48fc-82d4-d26ff15b65d7,81505285be6f291f,MIC-YNQP-3944,MICRO_ATM_CSP,7676.88,2023-12-31 16:45:24.548631,24.122478,86.297482
862b3afa-7c18-41f6-a71c-ccd52dc37324,a069a748d2be8bed,POS-SUXJ-2012,POS,11515.32,2023-12-31 16:22:06.248447,22.529938,88.320165
8d4dd8a7-51e6-4961-a7bf-c78c87e70660,2a5119a5778f8fb7,MIC-WFUP-8515,MICRO_ATM_CSP,11515.32,2023-12-31 16:33:17.571133,28.601375,77.460766
bac03791-57cb-489c-a217-590b4e0560ab,d808e7485fc3520a,MIC-QAGO-6798,MICRO_ATM_CSP,7372.4,2023-08-19 14:16:00.343615,28.183848,77.020178
a7ed2318-f99f-4443-9dc7-4fe1818594b9,99a3e1da6dbb6224,ATM-CQVB-7945,ATM,7372.4,2023-08-19 14:53:26.754123,13.068299,80.207676
6d6b6df1-ea34-498d-af8f-4b95d16abc50,a277552d9784086a,ATM-GAAI-2798,ATM,7372.4,2023-08-19 14:23:40.910753,23.984985,86.808536
4437348d-d6c6-4432-826e-809f25980416,99a3e1da6dbb6224,MIC-JGZO-3527,MICRO_ATM_CSP,7372.4,2023-08-19 13:54:38.613056,13.094255,80.26899
bfac50ed-ff67-400e-833e-b6594dedd4e0,2cea95cfb3bfcf81,ATM-RSFD-0265,ATM,9829.88,2023-08-19 14:06:27.993644,22.62381,88.426582
5de0db54-f577-420c-b1af-30bae725ab79,93a252f15bde845b,ATM-NDAA-8353,ATM,1638.31,2023-08-19 13:27:26.098897,28.553312,77.399567
3fa985b8-6fc7-4a78-8409-9ff51a74c254,1dfa14d724111f5a,POS-EIZX-8886,POS,1638.31,2023-08-19 13:48:42.170228,28.430674,77.386074
c1f83d36-6fb5-4113-b263-174ffe365089,3e44a84deba706e5,ATM-CTMA-7919,ATM,1638.31,2023-08-19 14:31:19.837716,23.937287,86.778234
74040af1-40dd-45b2-9a7f-01248724e7cb,20d1004be5275449,MIC-TNOZ-1736,MICRO_ATM_CSP,2457.47,2023-08-19 14:01:37.643769,22.62944,88.406367
046cba99-e206-4928-98d7-e64748445397,f21c8fbd73df9e0e,ATM-ASQX-1422,ATM,2457.47,2023-08-19 13:30:22.984948,22.628077,88.237853
cb0aa7a5-14ae-4b8e-b74f-0633e0ee0360,7fe57d0ff66463b7,ATM-BAST-5371,ATM,4914.94,2023-08-19 14:05:19.527448,22.528113,88.402106
10ed8f7c-a532-4fcd-ad8b-19dc670c27e5,6877ffca8e5a30eb,ATM-INIH-8953,ATM,4914.94,2023-08-19 13:57:06.488045,24.155725,86.364857
36ca6067-22f0-4283-9908-ea86c267d8dd,394194a39a57bcc6,ATM-SUFY-4270,ATM,37442.11,2023-06-18 22:01:39.727296,22.586069,88.333188
0e1c6567-9f3a-4046-8731-1dcdcddaa9e9,b0c598b744054043,MIC-KHXC-0435,MICRO_ATM_CSP,37442.11,2023-06-18 22:00:10.697309,23.873365,86.757175
8911640c-2eea-47f4-98e5-92d79b96c553,47dbc2f354f604d2,MIC-HCXC-7448,MICRO_ATM_CSP,74884.22,2023-06-18 22:00:38.836154,28.191274,77.03976
b78b638e-3e85-40c1-983e-8db8c5374779,110ff49da0eee279,MIC-ENGB-0000,MICRO_ATM_CSP,53243.07,2023-12-09 08:33:58.803184,28.131262,76.962084
0c1bc99b-989f-4747-bc70-fef33a0b4c93,5ea4882b1d06781b,MIC-YBPW-4835,MICRO_ATM_CSP,53243.07,2023-12-09 08:30:05.635142,23.902909,86.830343
b48977df-37bb-43c2-96f6-ed621133d6f4,94886534ba697546,ATM-KNFB-0719,ATM,53243.07,2023-12-09 08:39:21.457036,28.042161,76.946895
50c6ac98-7c21-4c37-8a95-bce8d452a111,55b4926e5d4cc375,ATM-LSBX-2408,ATM,101138.24,2023-04-20 22:10:46.200490,23.905555,86.930386
31ddb4cd-d6de-4eb9-bb58-d9472a785505,095c1c65e3981f27,ATM-QLVY-9116,ATM,101138.24,2023-04-20 21:36:19.787536,23.930726,86.822431
7e6d449d-3753-48e0-a56e-610b9bbec338,150079c7a6c509ea,ATM-NCYW-3484,ATM,67425.5,2023-04-20 21:54:04.270588,28.581825,77.363273
4681a87d-bab3-4dac-ad0c-7dc968827b16,62cfc22d05ce7763,ATM-SDDY-9876,ATM,67425.5,2023-04-20 22:30:55.647112,13.061955,80.35646
1afa6c75-f1fd-4b83-af7a-995a6387686f,8608ca6e1438fc4b,POS-RBGN-4594,POS,67425.5,2023-04-20 22:02:18.690834,23.955872,86.852382
b57f70d8-308f-45b9-a8f1-a4032806666a,fbf4e2a2689a0699,ATM-PTME-7322,ATM,7612.72,2023-10-18 05:04:09.265259,23.840427,86.858527
d2b4019b-f5b8-42ab-8333-b0d7fde19327,d81d1683ecaac229,ATM-SJYE-2833,ATM,7612.72,2023-10-18 04:32:57.469805,22.632335,88.381167
f0bf1aec-b2ad-4979-a118-83da0846d320,8687a4cc583aa0ae,MIC-RMML-4380,MICRO_ATM_CSP,5075.15,2023-10-18 04:54:12.399854,24.186585,86.336312
b746383b-86e3-47a7-bc4b-8e9b65d9360b,0f402318041204af,ATM-CWWG-7416,ATM,5075.15,2023-10-18 04:33:26.648871,24.200273,86.329071
87918496-b218-4cf0-a127-6a6402329bdb,fbf4e2a2689a0699,MIC-CEKL-2555,MICRO_ATM_CSP,5075.15,2023-10-18 04:47:13.732682,23.89424,86.792506
b08608fa-f6f0-419c-97c3-d56ac0b0a747,6719077e3a6cd655,MIC-LCCE-2958,MICRO_ATM_CSP,5075.15,2023-10-18 04:21:40.105232,23.953851,86.820237
607ab2a1-fa17-403a-818a-61e3a4000b17,fbf4e2a2689a0699,ATM-JSWS-1748,ATM,5075.15,2023-10-18 04:22:17.032626,23.894169,86.777019
22a65c31-d42e-4084-9f03-aba7e0a27d90,3a84fdc33508e322,ATM-FNIW-9774,ATM,10150.29,2023-10-18 04:46:10.366409,18.990243,72.859468
72da3c2f-77a8-40b3-aac9-93bf6ead1dde,c3f72c30b76aac18,MIC-IHQT-4729,MICRO_ATM_CSP,3383.43,2023-10-18 04:28:42.639519,28.550231,77.436036
8f86442b-609b-4724-9a87-91e7c00e8544,3a84fdc33508e322,ATM-YEHX-0488,ATM,3383.43,2023-10-18 04:51:41.938940,18.918695,72.934854
f3c0724a-dbc3-4835-b09e-3d701a9532ab,f6b2ba68fde1e997,ATM-IQHX-0675,ATM,3383.43,2023-10-18 04:40:24.746484,22.650974,88.392661
eabf7925-bb0c-43f8-a1ba-270a7b21bc90,6719077e3a6cd655,POS-WVZX-2269,POS,15225.44,2023-10-18 04:24:29.565938,24.03596,86.835572
79226c7b-f109-4d32-afe8-247657b3639d,98768ceed9627cfa,ATM-EMWD-6879,ATM,15225.44,2023-10-18 05:33:07.044291,23.991534,86.788775
e5301a02-826e-4723-8332-f4b9ace9a8f9,18112bd2a6ccbb73,MIC-BUXD-3724,MICRO_ATM_CSP,7612.72,2023-10-18 05:03:33.907924,24.236493,86.284286
5fc53aae-803d-4a5d-ac14-3b663948d5d5,7a10f6d97500d049,MIC-DZQY-1354,MICRO_ATM_CSP,7612.72,2023-10-18 04:43:48.468388,23.961229,86.819313
6e440c7c-3e17-4ef2-b192-946bf0f40a6f,98768ceed9627cfa,ATM-JGQC-4290,ATM,7612.72,2023-10-18 04:50:16.944598,23.962571,86.76924
3fee6816-44e6-4c17-af86-aeecb181ea2e,c3f72c30b76aac18,MIC-NPUM-5785,MICRO_ATM_CSP,7612.72,2023-10-18 04:56:47.315616,28.507149,77.402682
915be433-9acb-4350-b25a-598f57527455,3a84fdc33508e322,ATM-GOXX-8473,ATM,7612.72,2023-10-18 04:51:41.687177,19.049605,72.842807
2a262d83-5276-4c21-85e2-83757690d06f,4ea91a930097779c,MIC-MIUK-2174,MICRO_ATM_CSP,7612.72,2023-10-18 04:43:34.782520,24.170228,86.339113
2787e7b3-38a7-4efe-909e-ef25647c869f,f0cab7fa2fa3bdf5,MIC-QAES-1851,MICRO_ATM_CSP,22838.16,2023-10-18 04:31:39.516612,23.960062,86.817312
3ecb414b-85b7-4cdd-b2b0-eb5a772cb6ce,400a95ae23792cbd,ATM-NUPL-1239,ATM,11419.08,2023-10-18 05:05:17.916496,28.119648,77.045065
5442ecd8-533d-4c6b-a8a6-dfff51aee0be,f1768bad6f1e3ce2,ATM-DNGU-3519,ATM,11419.08,2023-10-18 05:06:18.450397,19.019024,72.891612
d0326cf0-1a1b-452f-ad92-1cb5f60bd2c3,a1ad02ba32ffeec8,MIC-ZWEF-8293,MICRO_ATM_CSP,45676.32,2023-10-18 07:14:57.281302,24.078229,86.275622
a54d2a4c-ee75-4b4e-9bb9-730662cbdd7c,6b58ba7092cc6adf,ATM-HUKF-7504,ATM,45676.32,2023-10-18 04:34:04.761438,22.56474,88.382752
bc64fe8e-9df7-4de9-9d49-bc0e6d6d1f31,6da47df28d1aad11,ATM-SFLR-8825,ATM,66555.95,2023-08-07 09:02:05.740489,30.853851,75.851978
daea19e2-f7d7-4c90-aa82-a8511611f0be,90ccc2d3d41485de,ATM-NBWG-6280,ATM,133357.95,2023-02-23 23:53:27.421621,28.035972,76.959431
1411913f-1d0e-469b-82e1-249e0e027009,55b4926e5d4cc375,MIC-DHEN-8992,MICRO_ATM_CSP,133357.95,2023-02-23 23:21:49.186265,23.89022,86.894899
89e60725-40ff-4741-881c-8ecd0a9283f3,83a3a20e0d2167a6,MIC-XSGK-0943,MICRO_ATM_CSP,23780.49,2023-02-27 21:47:49.197953,28.17525,77.103162
9e58b570-f0a7-4dfb-bd5c-fdf619263e80,0f402318041204af,POS-IYHA-8033,POS,23780.49,2023-02-27 21:01:05.190283,24.168947,86.308844
37fbd71d-6456-4658-8e76-9671d94c0da8,c44d8338f95263f6,ATM-CLMA-1278,ATM,23780.49,2023-02-27 21:09:36.757329,22.600828,88.402692
b0138094-8ce3-47c7-afcb-7472a231b643,c44d8338f95263f6,POS-TNPB-2951,POS,35670.73,2023-02-27 20:50:26.313848,22.51875,88.345075
630f772f-9cc4-4e54-bdf6-3087ca228a32,522a65badd42c641,ATM-GOOP-1565,ATM,35670.73,2023-02-27 20:56:51.533671,24.171396,86.226679
4a9cca92-2eeb-436f-b4c8-c8751bbb5dc9,6719077e3a6cd655,ATM-VDFB-8842,ATM,23780.49,2023-02-27 21:18:09.165837,23.96625,86.827656
c9dc3663-4037-4266-acac-f0bc47cb864c,f88d24bd0a63aea0,MIC-SABL-7938,MICRO_ATM_CSP,23780.49,2023-02-27 21:48:51.065554,30.977447,75.816768
8291ed06-5742-403c-9ad3-9144a721c5e2,ad5fe18df494f9d9,MIC-VGCS-2803,MICRO_ATM_CSP,23780.49,2023-02-27 21:02:49.739220,13.076001,80.326966
74ea4a52-ca11-4991-a952-82c160cc0e6b,2c44e83fabfdabca,MIC-KUMT-5933,MICRO_ATM_CSP,319810.25,2023-11-22 07:31:57.294944,23.944398,86.788395
fef74de6-1b5a-413e-b57e-0e85f3c3cbbc,b0c598b744054043,MIC-EBMP-6604,MICRO_ATM_CSP,59380.08,2023-04-19 19:45:29.006453,24.00638,86.79393
524340d3-5841-459f-a4d8-8f9ebf5b791e,735d7382bc84f337,ATM-FNCL-1537,ATM,14845.02,2023-04-19 19:22:08.185803,19.141336,72.856443
eaf4deb9-4e81-48a9-b3b1-20a0197dd81a,3c0b67ba74cbafec,POS-FQFN-8955,POS,7422.51,2023-04-19 19:47:40.492412,28.463217,77.360169
042940ee-8ce0-433d-bd3b-9ba4f2462717,b18f7c8dd40cd2ae,ATM-YNPH-9822,ATM,7422.51,2023-04-19 19:42:09.913061,13.142829,80.330333
d763f7f3-0e15-4115-a1e4-9e11a15f56ca,450ed2cd4f37f2a0,MIC-UKMQ-0834,MICRO_ATM_CSP,14845.02,2023-04-19 20:47:32.868364,18.993949,72.902124
4ea47729-95c9-466b-85e9-427242929120,b92b6e9f899d8fd9,MIC-ACMJ-9357,MICRO_ATM_CSP,7422.51,2023-04-19 19:31:59.601409,22.589456,88.286363
21df9d8c-b03c-4bd6-b4f2-e46b377f84d8,6da47df28d1aad11,ATM-ZAGB-1867,ATM,7422.51,2023-04-19 19:34:49.541251,30.834273,75.900342
9f8d5140-b9c8-4ab0-ac3d-93bd3bffb49d,7fe57d0ff66463b7,ATM-NOUK-2967,ATM,4948.34,2023-04-19 19:40:05.739722,22.571199,88.344692
eb2f5e9c-eba1-4f4a-bc53-6065bba1a4f3,fed6a0b55d80fbac,MIC-PEUS-8079,MICRO_ATM_CSP,4948.34,2023-04-19 19:51:34.549841,28.112088,77.066211
0a061c28-4031-4313-bd3f-e21c6e4f4354,bf87b95509821633,ATM-XGNL-5506,ATM,3298.89,2023-04-19 19:39:50.417845,19.013517,72.889648
c81410b2-8de6-4884-86bc-3f18f5e5deb1,6c5210044e8bd8d5,MIC-IDTL-9735,MICRO_ATM_CSP,3298.89,2023-04-19 20:15:41.390198,30.894246,75.917881
81d51971-3082-4f9a-8a61-2a2f8da0e840,562772d2f729f0a9,MIC-EVIK-3144,MICRO_ATM_CSP,3298.89,2023-04-19 20:07:12.242772,30.877224,75.830633
0f9ab4c4-4179-4c6f-8c7e-3231f7ac705b,73c1232d5b4b4de7,MIC-VENE-9501,MICRO_ATM_CSP,9896.68,2023-04-19 19:49:15.433536,19.052349,72.80103
c7a103fb-e275-4bdc-83f9-7bf15b784c37,5388feb4869a504b,ATM-IOIE-9418,ATM,14845.02,2023-04-19 20:38:44.202513,23.948107,86.784442
ccd8c7bd-9765-4a9a-9b8f-222959c364c8,6719077e3a6cd655,ATM-QZXC-8014,ATM,7422.51,2023-04-19 20:34:22.778212,23.981329,86.86843
8d9a1729-9709-44bb-b0c9-461eb3d9df25,1b046e221c756ad8,ATM-LNHE-0770,ATM,7422.51,2023-04-19 20:33:03.961713,28.554933,77.4515
584e76b8-6bd1-44d5-a971-21791bca8bbf,bfd8d67e331c6de1,MIC-IDGY-1527,MICRO_ATM_CSP,182826.67,2023-04-12 13:15:48.087935,30.808857,75.831385
3eaa52b0-2e02-43d8-ab25-d34d6d7e4bb0,b54aa42950315b45,ATM-BSFJ-3461,ATM,60942.22,2023-04-12 13:02:10.925396,30.883467,75.847292
21e3c365-88bf-455b-bbbb-2dc1acadeb06,0c7d0bd91be18aaf,ATM-SKWE-8553,ATM,60942.22,2023-04-12 13:07:30.118192,28.154179,77.083657
9c6da793-1fde-48bd-81c0-6799caf52c7c,2647f966c1839f83,ATM-BEGE-6552,ATM,60942.22,2023-04-12 13:07:51.826322,28.154854,77.013817
78dce60b-d3b4-47bc-91f8-698f38ed1e37,87cc051ae08428cf,ATM-QSHH-8627,ATM,17466.2,2023-07-19 09:43:00.412005,24.181289,86.274348
a2348e1b-0a19-45bb-b693-7aac63833ea1,82040f84c6d17a60,ATM-VPTA-0263,ATM,17466.2,2023-07-19 09:56:34.651767,28.637661,77.479432
f64d7dc4-d701-4e02-8a18-e57c27d27fc9,82040f84c6d17a60,ATM-UVMO-7744,ATM,34932.4,2023-07-19 09:50:18.594263,28.524292,77.402946
ad925926-bbd7-4992-9d57-88edc4e38227,308677e52b368b05,ATM-YJUQ-1026,ATM,69864.8,2023-07-19 09:50:43.116455,19.070894,72.878492
b513a644-1eca-4b19-bd0b-1fa92ec890f1,ee953cbc6fe1c738,POS-AKVB-2335,POS,17466.2,2023-07-19 09:43:13.503648,30.940431,75.813815
7b614f34-ceb4-4e22-930d-04ebe892754f,e15635324afef7f6,ATM-YTXP-7977,ATM,17466.2,2023-07-19 09:49:58.733357,28.515452,77.392841
82978369-20bd-4d87-8baf-a80e1d6909d9,82d88b69efcf73c2,MIC-QCHX-6006,MICRO_ATM_CSP,34932.4,2023-07-19 09:56:55.781985,28.069289,76.928599
d3ec5df8-173c-4b0d-927c-cee63ac96c77,9b4705a5a1cd1e5b,MIC-XXPT-0404,MICRO_ATM_CSP,73566.04,2023-01-20 23:30:35.321697,22.607998,88.33801
fe66450b-e471-4b22-9244-a99902f1ebc0,1b6df1573ac24ffc,ATM-IVUL-2802,ATM,73566.04,2023-01-20 23:35:20.939967,30.944379,75.893515
5021c646-9c39-4076-8f56-878c59e0d6fa,bcb12092e26eaceb,ATM-YEZN-6410,ATM,120603.64,2023-04-08 10:45:58.043133,18.974166,72.902816
1e07f45e-11da-449d-9fd1-3a3cb889352d,c171b589b00915b9,ATM-QKAW-0043,ATM,40460.17,2023-08-08 01:03:07.611685,30.911505,75.854632
59234c1d-2a89-4158-8e9b-7cfb16b280b0,59466547af7f83d0,ATM-VTMU-8237,ATM,20230.08,2023-08-08 02:18:39.473940,13.032848,80.318866
2c1615fb-4bc0-4032-9e3e-48173a8039d2,218c5d6d080619a2,ATM-YOCX-8284,ATM,20230.08,2023-08-08 01:53:20.605543,30.852423,75.792129
aaabb960-22d5-436c-8cdb-307850756f1a,c171b589b00915b9,ATM-FMEL-3049,ATM,40460.17,2023-08-08 00:47:12.315273,30.806382,75.770868
cfed6688-86e7-4788-868d-821de25853e8,5f314f6228b18b11,ATM-MDJP-5685,ATM,40460.17,2023-08-08 02:02:15.846178,24.186744,86.299283
56de7906-53dc-47cf-9678-98c693bc95d3,2bc3bef98dc93ad5,ATM-XYQY-3246,ATM,87434.01,2023-11-13 03:32:00.556984,24.228465,86.244737
c196e570-4857-47dc-b0e9-6ff7183cdade,ee953cbc6fe1c738,MIC-YFJB-0281,MICRO_ATM_CSP,87434.01,2023-11-13 04:11:56.749660,30.863992,76.000686
cc2f8355-3d45-498c-a6e8-2fe829c9e0d3,ee953cbc6fe1c738,ATM-OGVG-7811,ATM,58289.34,2023-11-13 04:58:23.323845,30.797038,75.852612
39c32c89-3482-4445-8c22-cfcd88f024fb,39647341f69d4904,ATM-WYXY-1297,ATM,58289.34,2023-11-13 06:49:54.302633,28.556598,77.406381
dac4f1f8-9488-431c-ba0f-8a9726bd9b7b,a40844e151329aea,ATM-ISDA-0337,ATM,58289.34,2023-11-13 03:55:09.499133,24.229009,86.331732
bd86dd19-b2b6-4fa0-83b3-7290148741e2,d197d95e274489e7,ATM-THFD-0713,ATM,397356.62,2023-04-27 05:03:52.235493,28.127325,77.010701
273ad66c-20bd-4c15-87ce-cbddfd12f955,2119af9683bba04d,MIC-DXHK-3920,MICRO_ATM_CSP,57243.22,2023-04-26 21:52:12.710910,23.974196,86.767563
44877199-14df-4729-9a2c-57dc3bd07934,1b5f2c835b89a1e3,ATM-EMZA-1529,ATM,57243.22,2023-04-26 22:24:50.599704,13.092087,80.368327
275b79f3-2e6d-4f23-aae6-7dd8346de863,f88d24bd0a63aea0,MIC-FKHP-2028,MICRO_ATM_CSP,57243.22,2023-04-26 21:36:00.253316,30.990817,75.8606
87635d73-b3f9-4533-873b-eb521b7b69ed,6877ffca8e5a30eb,ATM-VWYE-0518,ATM,171729.67,2023-04-26 21:44:05.192369,24.204509,86.306772
00cbc696-9a4a-4a50-87e7-7f7ca6fe113f,6da47df28d1aad11,MIC-PWPU-4513,MICRO_ATM_CSP,69299.86,2023-01-11 21:58:03.053624,30.808747,75.859456
9654994a-be20-488d-8364-7b7c617aa2c7,c3f72c30b76aac18,MIC-YMAT-7014,MICRO_ATM_CSP,34649.93,2023-01-11 22:24:44.677087,28.481918,77.349557
a417ccdc-a90b-4b00-83ae-060c7883d6a0,6da47df28d1aad11,ATM-MUFQ-7581,ATM,34649.93,2023-01-11 22:30:36.519179,30.935898,75.821655
7f53b810-cc66-4d0d-8cbb-b178132f8975,6da47df28d1aad11,ATM-EMAD-9650,ATM,23099.95,2023-01-11 22:03:21.082429,30.840053,75.877018
3d39b262-e214-43d5-a9a0-cc52b961387e,1e53c2e9292b4b76,MIC-GPRB-4844,MICRO_ATM_CSP,23099.95,2023-01-11 22:41:47.030575,24.227164,86.205857
9d3cdff5-d814-487f-b035-9f98745f0e40,da409597f4ad841c,ATM-NZBW-3312,ATM,23099.95,2023-01-11 21:53:37.197122,24.031023,86.785135
2f4d70c6-ccf4-4551-b4c8-ff7b4ca918ba,774f92e6569462f3,ATM-DEAR-8510,ATM,34649.93,2023-01-11 22:12:07.294006,28.50244,77.283176
c06cd03a-cbd7-4748-9ffe-b0e61a07de1c,3df284a919e148a8,ATM-FIXN-8461,ATM,34649.93,2023-01-11 22:32:41.622382,22.594901,88.30918
4bf0e2ca-56c6-408d-9ec6-d0471db49577,044beed55d80dc2b,ATM-ZTEM-5382,ATM,34649.93,2023-01-11 22:47:50.533019,24.171044,86.328513
ddeab0ea-6d3b-4eeb-92e2-b232575a5b00,044beed55d80dc2b,MIC-XBOG-3734,MICRO_ATM_CSP,51974.89,2023-01-11 21:55:08.796350,24.170917,86.27237
011deb3d-1e19-4ded-9b16-a8e5bfdec267,3d2337c8db88cc60,ATM-TDSF-6545,ATM,51974.89,2023-01-11 22:04:54.345659,28.103455,77.027174
a06bd77e-42fe-41d7-aac5-25ce67c8f7a8,5b56245ce0128a5c,POS-HRPJ-8710,POS,40315.7,2023-02-23 19:02:33.051990,30.887218,75.838569
a160ed3d-4b05-41b9-b99d-cd6764b53677,f2096f718ea48500,MIC-WEHE-4800,MICRO_ATM_CSP,20157.85,2023-02-23 19:24:01.084628,24.166481,86.39235
0b1d9d50-ce22-4f68-a789-dd1a1b02ec1f,e3af0705ba5a43fa,POS-CRJI-2535,POS,20157.85,2023-02-23 19:36:09.443139,13.047797,80.367376
16887ff4-977d-448c-a2e7-792594acde8d,c6add401e808d068,ATM-ZFTF-2912,ATM,133257.48,2023-07-27 13:51:59.982552,28.478846,77.357937
005bf7e5-a4e3-4aac-9585-f1b6ef060f4a,91b86f426cd2cf59,MIC-LXFZ-3562,MICRO_ATM_CSP,66628.74,2023-07-27 14:10:35.687463,28.552648,77.4479
01784e86-591a-4dc7-b4ac-f28a3a2c7feb,61e2d8223e4abb31,ATM-FIZX-5398,ATM,22209.58,2023-07-27 14:08:13.569153,13.115453,80.322665
0e88b5c6-6c98-4063-aeb7-fa8330de7ca0,0f402318041204af,ATM-DHSP-2006,ATM,22209.58,2023-07-27 16:31:55.106398,24.097847,86.282389
f5050fd7-e180-40a9-9cec-bef83e117430,91ff603347d3f90a,MIC-NVGO-2968,MICRO_ATM_CSP,22209.58,2023-07-27 14:08:35.503383,28.13849,77.056928
14cdc532-f761-46b5-b404-903de8ddb836,ee953cbc6fe1c738,MIC-IPEL-9874,MICRO_ATM_CSP,24985.81,2023-03-05 22:08:03.275153,30.836626,75.817088
8a0a48a5-c636-4d8a-84a1-0b32e250c182,e15635324afef7f6,ATM-ZWKQ-8429,ATM,24985.81,2023-03-05 22:31:45.747453,28.508569,77.391577
5e1ad49e-c606-4024-b6b8-2ce0e6142106,c5ed1a30cccb44f4,ATM-ZWET-1098,ATM,49971.61,2023-03-05 22:33:53.693987,24.152038,86.296104
2295baf5-d10e-44f2-880d-cc4c5fd1dc97,e15635324afef7f6,ATM-RQHC-1116,ATM,49971.62,2023-03-05 22:35:25.571901,28.492254,77.406363
647f1c01-e12e-4ee2-9ea7-a6ca6ed77c38,0bd8573ba3901c0d,POS-UFXQ-1109,POS,49971.62,2023-03-05 22:30:11.708555,30.931671,75.870828
9a74590c-a6ab-4228-a73a-cc77ea22a9bc,04cb4af66bbc9cd7,ATM-CFGZ-0021,ATM,98190.23,2023-01-07 21:56:54.384310,28.598574,77.358924
e54369dc-9070-46b2-acce-70b169e406ed,7fe57d0ff66463b7,POS-WSXM-1081,POS,98190.23,2023-01-07 22:15:23.342184,22.495501,88.358909
1807ad2a-f587-43a8-b8bf-41dc520b643a,ba7b0c09f0862541,ATM-TDLA-9933,ATM,42609.31,2023-06-10 00:54:05.470019,24.187986,86.187729
e4e329db-6cd1-4ff9-a18c-13d7852265dd,5ab65182c5db6734,POS-NWWF-0829,POS,42609.31,2023-06-10 01:15:41.078390,13.039681,80.256489
ffe2e5a9-e3ab-4417-9100-fad7e056d639,6db4b99434e0bedb,POS-YPUB-3516,POS,59355.43,2023-05-12 11:27:03.911757,22.646556,88.307483
7e24573e-7695-4e06-80f5-3306f04171a3,2647f966c1839f83,MIC-IWCE-6476,MICRO_ATM_CSP,29677.72,2023-05-12 11:31:17.914434,28.057946,76.968231
4b75fe3e-2e4e-43ef-aa47-9f1f74f541e0,ad5fe18df494f9d9,MIC-XWFZ-8512,MICRO_ATM_CSP,29677.72,2023-05-12 12:24:25.062672,13.054935,80.255676
991ac285-2055-42c5-8d79-e8a41b2c8a87,f72723c2288b7429,ATM-GBRS-8195,ATM,19785.14,2023-05-12 11:29:16.622017,24.156574,86.264078
c9d4a88f-8793-4f3d-a867-8b0de4d80696,617e20d2bab877e7,ATM-EJRI-7828,ATM,19785.14,2023-05-12 11:20:01.496826,22.474821,88.401328
fb3d7335-3f5c-46b4-a3d2-3613aba230b4,15bc62bab6812a87,MIC-OYOC-3235,MICRO_ATM_CSP,19785.14,2023-05-12 12:48:44.219974,22.544604,88.35783
7a81779d-70fa-43d2-a586-ba4c55ed56d3,f2096f718ea48500,ATM-IROY-5711,ATM,178066.3,2023-05-12 11:24:37.661803,24.258169,86.234525
3258f99d-3756-4c3e-a501-86ef10ea5489,ba703db5e0293b48,ATM-RMTY-3035,ATM,38536.93,2023-01-09 01:26:49.965683,22.571606,88.38109
e80ee6f3-6562-44d9-a4fd-bbdfb478c941,83ba5887d82ddd6a,ATM-NOXW-8029,ATM,38536.93,2023-01-08 23:57:05.950401,13.107523,80.260279
5e619f3b-e1c9-4942-8e25-37b0a440be7b,e9b823fe47bc426a,MIC-WQKM-5278,MICRO_ATM_CSP,25691.29,2023-01-08 23:35:24.734074,24.158845,86.39135
6c15e46e-4c5d-4478-a54c-b23cec603e5c,bb6efc9b42a0c6a5,ATM-GLZG-2850,ATM,25691.29,2023-01-08 23:24:51.523534,24.279381,86.352511
469b50d9-c80d-41b9-b7d6-c8d8e3d40dfc,4c33d093c4bea6f0,MIC-JASC-4909,MICRO_ATM_CSP,25691.29,2023-01-08 23:32:02.510838,22.586034,88.327725
94db92fa-be9a-4dc9-8a25-59dca4207452,f716e35638c3dd12,ATM-NFMJ-2234,ATM,25691.29,2023-01-09 00:28:22.768656,22.450011,88.437706
46e71f92-c5b0-49f0-a46f-83eab83d5d8f,83ba5887d82ddd6a,ATM-TYYW-0519,ATM,25691.29,2023-01-09 00:28:58.140034,13.11362,80.287945
39aebb35-f5a6-4160-af8a-9586c8f85cda,15bc62bab6812a87,POS-SVVN-1542,POS,25691.29,2023-01-08 23:33:53.967520,22.548823,88.497268
bfb544f2-67ab-41eb-b325-a6109390c061,4214d918811a3778,ATM-FYRX-6426,ATM,7073.57,2023-05-26 16:15:32.777009,24.162081,86.323377
7002bb18-76be-4eab-a363-d9026f5ea821,f2096f718ea48500,MIC-YCJK-3548,MICRO_ATM_CSP,7073.57,2023-05-26 16:29:40.333886,24.260156,86.293289
144f996a-77ec-46cf-881b-cdb5d4f84220,f2096f718ea48500,MIC-RKBI-7199,MICRO_ATM_CSP,4715.71,2023-05-26 16:56:31.707400,24.237179,86.227954
6c3258a9-838a-4bff-ac80-0a71bc7138dd,f79cd1fb09127f5f,ATM-KPMI-7349,ATM,4715.71,2023-05-26 16:54:20.441883,30.966083,75.862565
23a730de-fa7e-4616-a1c1-1bb29ef4d319,5b56245ce0128a5c,ATM-ECKB-3776,ATM,4715.71,2023-05-26 16:09:28.921464,30.882484,75.86508
9149d37a-bb11-4fff-82d4-78abfef2236d,f2096f718ea48500,ATM-STTO-1359,ATM,14147.13,2023-05-26 17:14:31.286830,24.178818,86.254345
b69d5f03-a9d4-4fa6-872e-12aacda447eb,cb9fa8bf15d4a4db,MIC-TAMT-9611,MICRO_ATM_CSP,140913.94,2023-02-08 08:56:16.909128,24.270021,86.336396
1ea3cdfe-6c2d-45e7-b870-59f5b8508bbb,a1b1b0b2c4e48c3b,POS-MYCH-6387,POS,108445.88,2023-04-18 12:04:11.468484,24.224867,86.326206
175e5d58-ec38-4f91-b4bd-d3ccf2f52378,dd9de6b05ff51602,MIC-VPVF-8561,MICRO_ATM_CSP,108445.88,2023-04-18 11:41:49.327844,24.171877,86.271858
3c7185eb-835d-4e1d-82c8-f38f82d83c8e,7dfe46ee8d6ea258,MIC-PMQW-4427,MICRO_ATM_CSP,108445.88,2023-04-18 12:15:12.505508,24.171394,86.299883
7a2b3459-7c74-4a6d-9140-b30f014a9e4b,fed6a0b55d80fbac,MIC-NDSW-4399,MICRO_ATM_CSP,38990.46,2023-12-12 22:56:08.600820,28.130162,77.055552
99004cf3-89dd-444f-a426-92cdf80dc5af,7fe57d0ff66463b7,ATM-UZZN-4809,ATM,38990.46,2023-12-12 22:46:38.239677,22.647084,88.358975
4e0edd30-1116-43db-8312-b8862cf5e38a,fed6a0b55d80fbac,ATM-QVSZ-1248,ATM,77980.91,2023-12-12 23:47:13.252362,28.089793,77.009814
94551fc9-2cdf-4bd3-953f-ba70a5c9b816,6719077e3a6cd655,POS-FCYB-7217,POS,155961.82,2023-12-12 23:08:28.141748,23.901915,86.842351
461d3da9-e61e-4dca-bf47-4e8ad258f952,5eb59abc9c970d06,ATM-LQYL-9882,ATM,322432.7,2023-06-01 22:06:46.871387,28.534928,77.526672
9872a4e7-1eb3-41e2-89fc-c9038b12b3e0,131a7708363db506,MIC-WMTG-9994,MICRO_ATM_CSP,25364.75,2023-08-17 15:01:11.396188,22.473407,88.406409
d89cac06-78d0-4c11-acc9-e94edaaf6d02,f067cd13d9bb540e,ATM-NDPE-4430,ATM,12682.38,2023-08-17 12:17:30.497595,23.990614,86.818335
b657f1b7-84c3-43d9-96ec-9ee700eb0d8f,9dbe3525d7d0e203,ATM-GKWF-7613,ATM,12682.38,2023-08-17 12:25:59.239215,24.168415,86.277828
87851698-a5b1-4d5d-a38b-39694e4b0bf7,82040f84c6d17a60,MIC-DEFD-9191,MICRO_ATM_CSP,25364.75,2023-08-17 12:18:32.870258,28.552225,77.380714
9511bc1c-a56d-436b-a46d-2acc876c5817,a7582a5b632b9fbb,ATM-QCBA-1445,ATM,38047.12,2023-08-17 12:12:32.238461,28.119913,77.100082
4bbe3290-e17b-4f4b-92ee-0db25633e4dc,98768ceed9627cfa,MIC-BAHC-8938,MICRO_ATM_CSP,38047.12,2023-08-17 12:38:31.939992,23.930368,86.804615
f51f0ea3-9d0e-4747-a964-75468c2bf1ba,3a7a7ffa6de3098d,MIC-PMVY-9335,MICRO_ATM_CSP,46518.13,2023-11-28 23:52:33.707667,28.095535,77.023896
514f0824-36ea-44af-9a9b-7e38373b8914,a1c22d172367ec5f,MIC-RIHK-2411,MICRO_ATM_CSP,46518.13,2023-11-28 23:15:01.397424,22.697613,88.310725
13fa28fa-a51a-437a-83c7-a3b97d22e1c8,800f97ed69d44439,ATM-BRQN-2825,ATM,46518.13,2023-11-28 22:48:51.562339,28.048133,77.015337
9a358ae6-f897-4865-8b77-883e9cda43e4,a77e1110504ea4de,ATM-YEJO-6381,ATM,46518.13,2023-11-28 22:57:48.215530,24.200654,86.320464
e4de4649-9da6-4283-92f9-1f10d8cb6445,25e15980a34119d6,MIC-TNKQ-1122,MICRO_ATM_CSP,46518.13,2023-11-28 22:46:01.166017,24.218612,86.312101
2e13adf1-2fa2-45e1-b9af-3860e8654a99,3a7a7ffa6de3098d,ATM-WQZO-1143,ATM,46518.13,2023-11-28 22:47:32.377554,28.205698,77.022245
221765bb-5c01-426e-9186-8d7c5038fc05,96c80e0c992812b9,ATM-WACS-0243,ATM,214784.36,2023-06-21 22:10:49.087120,28.046748,76.956463
d3a76729-ed5b-481e-9e6d-7fad7788ffb7,25b04eca97925f46,MIC-QAAH-2480,MICRO_ATM_CSP,214784.36,2023-06-21 22:32:01.671996,24.189556,86.348631
a1742dc9-5094-414b-b936-b48b4f512290,9a9c31abade1e5d9,MIC-SLZI-2751,MICRO_ATM_CSP,86143.43,2023-07-05 00:51:58.555477,23.979908,86.83469
6d50e991-ebf9-4419-bf44-01ba144053b6,6da47df28d1aad11,MIC-LRLR-2665,MICRO_ATM_CSP,28714.48,2023-07-05 01:19:03.943404,30.866169,75.848581
d9ca8f1e-a0db-4d06-ba7a-9f65f88b3f59,edb30e13f1a3821d,ATM-TUMX-3484,ATM,28714.48,2023-07-05 01:01:25.821050,23.964127,86.863844
fb796cff-c49c-4794-92ad-d00c355f894b,9a9c31abade1e5d9,MIC-LBPL-7630,MICRO_ATM_CSP,28714.48,2023-07-05 01:04:12.500458,23.941693,86.766323
e4ffa8e7-52fe-4a9d-b0ee-01f57c155ce7,25b04eca97925f46,MIC-KULW-9332,MICRO_ATM_CSP,86143.43,2023-07-05 01:09:19.862561,24.14309,86.402405
759bdbd3-6ded-41ff-95c1-54802b20df28,d00466dba4ffcefe,ATM-XPES-7366,ATM,86143.43,2023-07-05 01:25:20.248593,28.483656,77.432188
e8bcb5d1-12d2-4583-be41-d0bd0297f4df,91b86f426cd2cf59,ATM-KPGP-3450,ATM,144065.54,2023-06-21 06:08:59.507633,28.567525,77.431581
32ba4e65-c157-476d-a3b3-85141f455f24,e443efdf9bae5f0d,MIC-URVM-8324,MICRO_ATM_CSP,144065.54,2023-06-21 05:59:03.844946,28.13556,76.910563
73ced665-d80c-49ed-bed5-4f26e4988b2b,58332689d416f427,MIC-VXQK-9317,MICRO_ATM_CSP,21487.28,2023-09-08 16:21:09.243125,28.112468,76.921805
18d54e3a-a201-41c7-a2d9-db6222def65b,2cea95cfb3bfcf81,ATM-FLVS-2611,ATM,21487.28,2023-09-08 16:04:47.317010,22.505472,88.392753
f085c572-8c28-496d-9f3e-e3887eaf7b67,82d88b69efcf73c2,ATM-ZDSB-1411,ATM,21487.28,2023-09-08 16:44:07.367273,28.085128,77.018697
498144b9-fd3e-449a-9637-0b6de90212f3,f21c8fbd73df9e0e,POS-CIUI-1114,POS,32230.92,2023-09-08 16:20:17.635376,22.623757,88.353654
2fdbcabf-cb0d-4e33-8fc0-c5b294ba6aa7,2cea95cfb3bfcf81,ATM-ZYBH-3471,ATM,16115.46,2023-09-08 16:16:59.025951,22.628171,88.299296
8b4d35f2-3c57-45e0-a477-68ad704005be,f8f70366a172abf6,ATM-IOGK-1909,ATM,16115.46,2023-09-08 15:53:35.484617,19.130193,72.833235
25ea92b0-ccba-4835-b9be-8bb5264ab8ba,673042d418c5aa70,ATM-GNML-6608,ATM,16115.46,2023-09-08 16:08:50.466532,13.09537,80.30788
3c7a3ea8-7fae-4a5e-a5de-899b0fc343d5,4bd8066a7ff43612,POS-TWPK-8503,POS,16115.46,2023-09-08 17:11:45.110811,13.167816,80.390691
61f360a8-0289-4fbe-be57-ba33e99b00a9,2e731df693beb9f9,MIC-LAWJ-1591,MICRO_ATM_CSP,16115.46,2023-09-08 16:41:43.210132,28.052133,77.105665
ef4cd35f-b722-492e-ab1c-52379e3495fd,38fd75ab3f30c2f6,ATM-IKEN-6339,ATM,16115.46,2023-09-08 16:27:25.858683,23.977677,86.782382
35bb0f15-0191-4b32-b2e5-16bd05c830b8,ba7b0c09f0862541,ATM-BGMQ-2875,ATM,32230.92,2023-09-08 16:32:06.827962,24.262124,86.329946
6d02378e-4ea1-4746-a7f2-8e58c0baa80e,edaf410540b5230f,POS-ZUBR-9866,POS,32230.92,2023-09-08 15:55:32.026850,23.966914,86.821283
ffea3c18-1452-41c4-b40f-7eda46bf03fb,9b32e2cba3851a8d,MIC-FQPU-3426,MICRO_ATM_CSP,20206.32,2023-05-30 04:52:42.271139,24.196358,86.268375
5ccdbf8d-bf34-4b7c-9e63-6039cdb43dfa,450ed2cd4f37f2a0,ATM-DKFB-2906,ATM,20206.32,2023-05-30 04:57:49.743059,19.031584,72.864983
c01deca8-2415-4dda-9051-4e0a95d809bb,569e825e4e2fc336,ATM-QLRF-2170,ATM,20206.32,2023-05-30 05:36:41.220325,22.576021,88.355497
856a2591-1bbf-4231-a889-2814e36f631e,20d1004be5275449,MIC-EZRI-5591,MICRO_ATM_CSP,20206.32,2023-05-30 04:48:19.697362,22.59917,88.306595
da97bac0-cf16-4a12-9365-ae9c76e125a6,793bb65021361c99,ATM-KZVZ-8263,ATM,20206.32,2023-05-30 05:10:55.461050,22.564491,88.371326
f3a67970-8ee1-4836-a2cb-f8a1a5f7ac72,3bd42b5cb95fedf9,MIC-NUDP-3433,MICRO_ATM_CSP,20206.32,2023-05-30 06:08:20.936997,13.110009,80.273961
118dd075-31a3-4ad9-a24d-8f31d74d8323,f79cd1fb09127f5f,ATM-WGWQ-1921,ATM,22649.35,2023-09-08 07:06:05.679930,30.867197,75.851205
0f027690-4fc2-45eb-9d52-5324b5bf97a8,522a65badd42c641,MIC-AZTR-5281,MICRO_ATM_CSP,22649.35,2023-09-08 07:04:19.907737,24.202766,86.27763
1a20a8d7-b919-46bf-9b4e-078579df1bc2,15bc62bab6812a87,MIC-WACB-2804,MICRO_ATM_CSP,15099.57,2023-09-08 07:04:36.314866,22.483412,88.435077
d60c279b-3b45-4a41-9c85-20b76e98a0ea,ce42adff5fb0bcc0,ATM-EOBY-6254,ATM,15099.57,2023-09-08 08:16:57.648743,24.150263,86.306351
45531a91-9b9d-47f5-9d8c-a646ce86e505,e80ae379760509e4,POS-ZQZV-7551,POS,15099.57,2023-09-08 07:09:01.642317,13.100649,80.309201
1d9ccb8e-ee31-439f-b304-81316c32a59a,400a95ae23792cbd,MIC-VNHX-7419,MICRO_ATM_CSP,226424.66,2023-01-06 12:21:31.533609,28.202632,77.060055
4f68f60e-74c7-4c29-94f2-700c1c2fcda0,79a8772dff7b3fdb,MIC-PNBF-9675,MICRO_ATM_CSP,226424.66,2023-01-06 12:28:59.658965,24.181094,86.262036
6708bf53-01ea-48ee-835b-c860cfc9c1ad,3c0b67ba74cbafec,ATM-LOXP-9171,ATM,3205.6,2023-01-09 01:07:21.602298,28.536898,77.338708
0981cfd0-440f-4af1-94e9-a440f0576476,450ed2cd4f37f2a0,ATM-SDDB-1412,ATM,3205.6,2023-01-08 23:17:58.887528,19.145095,72.856198
1ead2183-b94d-470d-9a05-cd6aa2b65e45,87cc051ae08428cf,ATM-EBMN-6437,ATM,3205.6,2023-01-09 00:19:23.383790,24.257178,86.335936
dc46a84e-39e0-43bb-a922-a3813c86141b,6719077e3a6cd655,MIC-YUNV-0559,MICRO_ATM_CSP,4808.4,2023-01-08 23:46:47.383779,23.999958,86.867391
77c468fe-be98-429b-a3e6-d1122aec02da,83b82ffcea8b671a,ATM-QHEP-2480,ATM,4808.4,2023-01-08 23:37:21.188085,23.981621,86.792113
bd94292e-b486-45de-9b3e-e25f863aedcb,0cb4fa04eec264fc,ATM-DDXD-2465,ATM,9135.96,2023-01-08 23:40:03.389272,23.999749,86.761198
1ed6421a-fd3d-4692-9136-0d5830f1cf91,ba7a465e61a11230,POS-WPSQ-6139,POS,4567.98,2023-01-09 00:03:00.322665,19.132124,72.976714
0d442f93-7f4f-4fdd-a33f-1edf8956825e,450ed2cd4f37f2a0,ATM-GCZN-4207,ATM,4567.98,2023-01-08 23:26:48.865394,19.022779,72.791285
b629dadc-b009-416b-93d9-8254cc0a5ea6,fed6a0b55d80fbac,ATM-FDKK-1732,ATM,89730.06,2023-01-16 12:42:24.015882,28.165192,76.963993
b263d5b9-73a4-4e2d-ab13-fc1adfbd09eb,3ad37eb5c6e3317d,MIC-DKUX-6580,MICRO_ATM_CSP,89730.06,2023-01-16 12:27:04.200811,30.918596,75.810627
0a8273fa-df22-45ab-bc10-8a6e0511010f,7fe57d0ff66463b7,ATM-QSVD-3695,ATM,89730.06,2023-01-16 12:26:21.257025,22.512584,88.451078
c8521a66-d9f0-4b5e-ba6c-a16ab766cafe,4bda3ec42f7024ac,ATM-WZXS-1303,ATM,224924.73,2023-11-23 14:43:48.461529,23.975591,86.862002
0f0091e9-65b5-4554-ab8d-0e76f13c9105,38fd75ab3f30c2f6,MIC-TQBF-1056,MICRO_ATM_CSP,224924.73,2023-11-23 14:54:17.753708,23.96082,86.695797
beece093-c0ef-40ae-a6bf-7eb7f45f7e0b,91ff603347d3f90a,ATM-ELBT-8472,ATM,7168.58,2023-11-02 12:31:48.280529,28.068261,77.007227
2bba78ec-7eb7-462b-94e6-00cd070f0841,8cd344c9dfe0dd5c,ATM-ULUQ-3878,ATM,3584.29,2023-11-02 12:28:03.405846,23.840103,86.809424
c3736dc1-6416-415f-8365-e22c21073d9d,cb2c0cd8e1ad8e96,POS-SNYI-0969,POS,3584.29,2023-11-02 12:00:01.203026,31.036893,75.83403
307ccfa9-b02d-4da3-808b-37d08250ed92,5388feb4869a504b,ATM-PATG-1146,ATM,7168.58,2023-11-02 12:31:03.600890,23.964469,86.868821
446900f8-10b3-498e-afa3-53297b3e61ce,2a5119a5778f8fb7,MIC-TIGX-4345,MICRO_ATM_CSP,7168.58,2023-11-02 11:59:22.424845,28.528944,77.331228
e110bedf-9c8d-40ec-9708-5882f2dce79b,cb2c0cd8e1ad8e96,POS-CRUE-5012,POS,7168.58,2023-11-02 12:09:36.701327,30.999614,75.790445
178f8cb7-c2b6-4a75-9400-5da8a6fd91df,3da0d543bb6c4c0f,ATM-VLPX-7133,ATM,7168.58,2023-11-02 12:13:01.329330,28.543617,77.348088
121e3cd2-0520-44a9-872b-138bc76144cc,308677e52b368b05,MIC-TMQP-2342,MICRO_ATM_CSP,7168.58,2023-11-02 12:11:52.996541,19.079316,72.813202
36a02898-bea5-4241-a989-49606bc36274,6719077e3a6cd655,POS-DVUW-5232,POS,7168.58,2023-11-02 12:22:53.859113,23.968885,86.837528
bb446fe5-35e0-4f1b-b3ca-4f62c40aba66,801c737176bab764,MIC-PBIA-9414,MICRO_ATM_CSP,187385.92,2023-10-06 10:44:50.740808,30.865824,75.901296
35d6bb9c-042e-4b53-a472-e517220c00c6,044beed55d80dc2b,MIC-FYEZ-1806,MICRO_ATM_CSP,112778.93,2023-11-11 20:06:16.462321,24.22333,86.294071
1f35097d-c09a-4b97-bd08-a87191c958a0,99a3e1da6dbb6224,MIC-GIYN-0813,MICRO_ATM_CSP,112778.93,2023-11-11 20:02:16.048478,13.057149,80.252931
0379acd4-eae4-4c25-b3be-1c3233c75ca7,4bda3ec42f7024ac,ATM-BAWP-2169,ATM,49495.58,2023-08-08 00:22:12.941637,24.000567,86.770401
167506f4-da37-48e6-84aa-08297ddffc59,0f39aa3b13e7e3c0,ATM-KLXK-9846,ATM,49495.58,2023-08-08 00:32:11.099987,30.859675,75.910671
815be76d-32b5-4664-9460-163bf63efccf,6da47df28d1aad11,MIC-ZBTN-1047,MICRO_ATM_CSP,49495.58,2023-08-08 00:16:47.428262,30.874822,75.856765
4ae3a5ee-a9f5-4886-aff0-732654c6cab6,38a341c387bf6b0b,MIC-NFHO-5323,MICRO_ATM_CSP,25228.01,2023-01-25 20:00:17.740592,28.095279,76.984471
17ce4a39-7fd2-434c-a309-72d3b74f4c08,30e3b2726849cf25,MIC-AEBA-2096,MICRO_ATM_CSP,25228.01,2023-01-25 21:11:57.350274,28.498019,77.476766
1896959b-9ead-4f07-8a13-b9f9a9cfdabb,450ed2cd4f37f2a0,ATM-INWU-2275,ATM,16818.67,2023-01-25 20:46:27.468660,19.106335,72.994318
3e8a21ec-a4ed-486b-a589-707786f381c5,d360483171622837,ATM-HAFK-2450,ATM,16818.67,2023-01-25 20:30:51.727686,22.574756,88.346519
53dd39f0-a187-4ab1-8837-14ae02ad3cb3,5ab65182c5db6734,MIC-TXON-6347,MICRO_ATM_CSP,16818.67,2023-01-25 20:10:17.133756,13.058541,80.312435
86d083e6-a300-4279-9ee0-20921ddbc06e,578ffffe9f15f020,ATM-JODD-5373,ATM,157171.85,2023-10-28 17:48:49.463272,19.10299,72.920127
e52b0d19-96a7-429d-966e-21b223733dbd,562772d2f729f0a9,ATM-SRYO-7280,ATM,157171.85,2023-10-28 18:21:51.701740,30.879444,75.879049
24a59b19-d61f-46df-a015-ef83cbcc945a,45d630ed37506629,ATM-LHHG-4703,ATM,157171.85,2023-10-28 17:59:08.467842,22.607583,88.40336
55f8bf55-cb1f-4bb8-866d-d9bbe8173169,ba7b0c09f0862541,ATM-WLFC-4843,ATM,114078.01,2023-01-26 13:59:33.532486,24.203878,86.27617
7cf27eaa-8c46-4356-8ea6-65c27df0e90d,0bd8573ba3901c0d,ATM-AYOD-7006,ATM,102507.56,2023-07-12 18:49:34.574614,30.889132,75.879359
a5e85f2e-983c-4ac3-90c4-4402140fe33c,6877ffca8e5a30eb,ATM-JBSA-1064,ATM,102507.56,2023-07-12 19:06:32.477002,24.212634,86.297783
a362b95c-7d74-43fa-9546-5d4aa028fdc7,0b2dda7d9fab34a2,ATM-LRIS-4143,ATM,90851.59,2023-01-28 20:26:41.271891,28.588498,77.364622
f762b677-e5d2-4f57-9696-257f929d878e,87cad92e65ebcdb6,ATM-OZRO-9898,ATM,90851.59,2023-01-28 20:40:04.074134,28.546277,77.329692
4ad9de64-9335-462a-b504-b7ae24634590,ae35003a1df2f0e2,ATM-IPKZ-4108,ATM,181703.17,2023-01-28 20:35:26.721714,28.61153,77.456401
85697aec-c355-4d8b-ae79-d27c7aa4172d,15bc62bab6812a87,MIC-FVQE-7912,MICRO_ATM_CSP,72443.66,2023-06-17 16:04:29.827315,22.607665,88.3647
10223b0f-670a-4a5e-b0f3-a971511af29b,7fe57d0ff66463b7,MIC-QELX-6427,MICRO_ATM_CSP,33948.04,2023-06-22 13:27:03.758721,22.494216,88.329135
404c88d2-643a-4110-8b20-2b475b1265b4,8e9be22c03d9e1cb,ATM-XCYN-2993,ATM,33948.04,2023-06-22 13:35:58.027917,28.129996,77.019907
629059b7-d4a5-4093-a4d5-cd15ba936fab,8687a4cc583aa0ae,ATM-GFBK-2845,ATM,33948.04,2023-06-22 13:16:58.639060,24.115339,86.335889
02ca68c0-da91-4f39-8f1a-16608f539f80,8e9be22c03d9e1cb,MIC-YNZN-0358,MICRO_ATM_CSP,33948.04,2023-06-22 13:25:52.628024,28.102746,77.036571
5be2e866-5ef1-4375-a47a-e05a46b58014,8e9be22c03d9e1cb,MIC-NQDH-6523,MICRO_ATM_CSP,33948.04,2023-06-22 14:53:30.958606,28.136468,77.02437
1db168a0-9c96-4200-8151-4cbdf2f4faa5,562772d2f729f0a9,ATM-PHYD-5667,ATM,33948.04,2023-06-22 14:48:48.798715,30.853516,75.871091
8d2f05e2-5e55-4836-9dd8-f83dac31f1cf,3a84fdc33508e322,ATM-EGVW-6529,ATM,67896.07,2023-06-22 13:18:08.564470,19.097881,72.844067
84501946-c698-4e4d-a332-fd8a1bd6c3e8,8687a4cc583aa0ae,ATM-RLFS-4914,ATM,67896.07,2023-06-22 13:41:17.369080,24.222451,86.317454
a0ce4f18-b765-43f4-aca9-f8848cb8c4d7,6719077e3a6cd655,ATM-GNLM-2385,ATM,67896.07,2023-06-22 13:41:27.344711,23.945614,86.839734
f9ea5fd9-3cba-412f-814f-3f301389f4b1,d036df3044e9deab,ATM-SCVO-9937,ATM,48511.83,2023-10-09 08:32:38.109514,24.159445,86.402179
656a783c-d9bb-445d-918a-cf274e32b705,d987bbe07c445fa4,ATM-FIQP-3291,ATM,48511.83,2023-10-09 07:52:22.559145,23.995042,86.795819
00561985-2be9-400a-ab48-093ac6cb88ec,47dbc2f354f604d2,ATM-XLFR-7074,ATM,97023.65,2023-10-09 07:40:54.616387,28.149511,77.007274
4cb8bd92-a513-4a33-8258-8593a4a1a6cc,25b04eca97925f46,ATM-ZDDX-3439,ATM,34015.98,2023-12-09 14:44:24.701373,24.125957,86.3272
43a11521-d06d-4713-a6dd-cd57aa7802d5,6b58ba7092cc6adf,ATM-QWSH-6338,ATM,34015.98,2023-12-09 14:36:43.488560,22.526881,88.298436
a28ff90b-afdf-483d-88a1-014865b351d6,a1ad02ba32ffeec8,MIC-ZFAV-4217,MICRO_ATM_CSP,34015.98,2023-12-09 14:44:07.697198,24.193851,86.357208
f322ea06-9943-4657-852e-34140a21d2e8,a1c22d172367ec5f,ATM-ZLZA-1838,ATM,86130.85,2023-03-29 19:09:56.708986,22.659003,88.337443
d709419d-d8e5-42ff-ac42-091b8b21a1c4,d327db90c3ad5ef6,ATM-PXZR-0518,ATM,28710.28,2023-03-29 19:06:05.905403,30.992173,75.831281
63e3ba29-52b6-4af9-9425-85bfa181b760,7dfe46ee8d6ea258,ATM-OIWJ-4774,ATM,28710.28,2023-03-29 19:21:23.829566,24.159547,86.343984
751ad0ad-05d6-4d3d-a764-c5783131bb6a,7419f0963738d159,POS-NUGH-5782,POS,28710.28,2023-03-29 20:34:06.491204,30.957698,75.905898
88d36274-f17a-4376-93d8-52dbd96dcb44,98768ceed9627cfa,MIC-WTLZ-7724,MICRO_ATM_CSP,86130.85,2023-03-29 18:55:16.968367,24.031401,86.814314
107b2179-7156-4200-a772-37bb8bc9c9d2,e5f265e3ef332cfc,ATM-NWYM-7701,ATM,361143.83,2023-12-13 09:21:28.818306,13.109005,80.24451
1dbe48c6-eff4-4e82-bbe1-fc323063add6,4b2f70600e0981d6,MIC-SVGV-9615,MICRO_ATM_CSP,30773.87,2023-10-23 15:59:56.078008,28.541208,77.402571
fbba8e96-93c3-4466-a767-2f59c5c48e84,fd6124470dc27ee8,ATM-DKFA-2895,ATM,30773.87,2023-10-23 16:35:54.044169,28.205273,77.017314
3f2e23b4-bac4-4a81-bf64-9f5c59a46c89,6da47df28d1aad11,MIC-EYVL-5698,MICRO_ATM_CSP,30773.87,2023-10-23 16:09:40.792719,31.019757,75.867583
3624baba-8f81-4ba8-af86-8c5e3492b604,026a402f7a19d725,ATM-VZKX-6275,ATM,92321.6,2023-10-23 16:04:16.599063,24.027462,86.810483
9c1d8afd-2911-48e6-8f37-541aa25b9093,61e2d8223e4abb31,ATM-KVIL-9654,ATM,11883.7,2023-01-28 08:16:29.217066,13.181347,80.393677
d572538f-1360-4a93-9e64-ab07695f5991,577744147cf6f197,MIC-BKSB-7682,MICRO_ATM_CSP,4546.97,2023-11-27 05:55:13.687229,22.567221,88.369532
aaf84480-842f-4e58-b708-7356e657c7ed,91ff603347d3f90a,ATM-BDTJ-9039,ATM,4546.97,2023-11-27 05:37:28.854626,28.088432,76.943925
0b6c9e32-167f-4edc-bc1f-619e488231cc,040c1f611eb42ce9,MIC-QFYH-5303,MICRO_ATM_CSP,4546.97,2023-11-27 05:58:35.919162,13.141596,80.230169
00eb8b7d-1876-4f2a-bc80-b79bd70f8c1d,4d615301bf0f358a,ATM-USXV-1338,ATM,6820.46,2023-11-27 05:38:31.453944,30.97463,75.946515
a9a063ef-09c0-4964-8b0c-82b851e75226,9c39fecd110d5cad,MIC-PSBP-6745,MICRO_ATM_CSP,6820.46,2023-11-27 05:29:45.041548,13.109156,80.260675
55c093a2-ea09-48ab-9fc7-328b6af45acb,f11598245b195848,POS-PNFE-5858,POS,6820.46,2023-11-27 05:32:12.454089,22.509454,88.399071
6f10727e-87da-469c-84b3-031fd6a48d59,25b04eca97925f46,ATM-ROBZ-6020,ATM,6820.46,2023-11-27 06:11:58.946275,24.25482,86.302302
91b2face-ccf9-490b-b0da-2ff4235e3ab7,9c39fecd110d5cad,MIC-CGWJ-5628,MICRO_ATM_CSP,13640.91,2023-11-27 05:39:58.115145,13.081422,80.291568
1c12187e-71d9-4856-a274-e18fa31deaa8,45243675010d84fb,ATM-RNJJ-8573,ATM,13640.91,2023-11-27 07:06:38.295245,28.077879,76.929024
05e0f930-061b-4885-8797-af364e0da0de,c00017baec900020,ATM-DVYP-9196,ATM,13640.91,2023-11-27 05:14:14.879247,24.207536,86.228786
8b2800af-662e-4fcc-b358-0e4ac81aa4b1,a40844e151329aea,ATM-JZFG-0758,ATM,132886.25,2023-08-13 23:30:27.546143,24.232067,86.268724
656a2677-2bb8-40a5-9111-c416c97ceb8e,6719077e3a6cd655,ATM-OZSP-6947,ATM,132886.25,2023-08-13 23:35:50.797386,24.027542,86.880905
035ffa8a-fbac-460f-a87e-802aced0cc72,095c1c65e3981f27,ATM-BKET-2299,ATM,45501.52,2023-08-25 02:08:03.931660,23.976817,86.764371
df39a861-a967-4dc4-894b-7d0cc9af34d8,562772d2f729f0a9,ATM-UWQQ-2655,ATM,45501.52,2023-08-25 02:19:50.602636,30.822898,75.851271
49f12142-7db0-4d02-83b0-254645de559d,d1834d35c9ee5ba3,MIC-REMN-7618,MICRO_ATM_CSP,45501.52,2023-08-25 03:32:37.386502,28.153342,77.00362
c3a47214-0ed9-40fb-8c77-371c44070aba,b964ddc6afc6741d,MIC-BEJX-5980,MICRO_ATM_CSP,45501.52,2023-08-25 02:24:27.948689,28.108509,76.945284
2acd117f-0f30-446f-b39a-715ad320dfbb,0f39aa3b13e7e3c0,ATM-SMDQ-2750,ATM,45501.52,2023-08-25 02:33:48.695402,30.867866,75.767155
2852944f-da53-4f38-9dba-8d782d5b519c,801c737176bab764,MIC-TSXJ-1933,MICRO_ATM_CSP,45501.52,2023-08-25 02:26:27.056889,30.921029,75.867145
d8f68695-6b78-490a-959a-9c575d24fc82,c1a3db241cc61fca,MIC-RGDG-8850,MICRO_ATM_CSP,78827.99,2023-07-30 16:41:01.407061,28.188236,76.904492
f94d60c3-85e1-4986-b789-3e8e58af2036,83b82ffcea8b671a,ATM-QZUI-8962,ATM,78827.99,2023-07-30 16:21:25.283655,23.896554,86.843407
ffe214bd-8f71-440f-8405-83ddf444902c,308677e52b368b05,ATM-KDIY-2892,ATM,39413.99,2023-07-30 16:27:19.382253,19.038378,72.870076
414814aa-a115-44d9-948a-cbd4f3f9418d,6719077e3a6cd655,ATM-RTLQ-4650,ATM,39413.99,2023-07-30 16:29:20.633544,23.905482,86.798524
4070b3b1-a4cb-4d37-82f2-01e9e4cd9ed2,15bc62bab6812a87,ATM-SZKD-3597,ATM,21299.76,2023-12-02 12:25:22.763499,22.619126,88.36466
0471ed7b-3550-4294-b11f-7664ac1361d2,3fdb81fcdd99b495,ATM-EPKO-0418,ATM,21299.76,2023-12-02 12:10:08.930714,13.144186,80.296295
9a62b2d5-18d7-4f1e-9f08-04b85c5947ae,8687a4cc583aa0ae,POS-ESJW-3049,POS,42599.52,2023-12-02 12:08:34.088468,24.229392,86.281281
df531636-5b43-415d-b70e-a89f491952e3,8763dc761991d7fd,MIC-QZBB-4597,MICRO_ATM_CSP,21299.76,2023-12-02 12:14:25.938425,28.558245,77.37837
c624c8df-0472-45e5-b8a6-92fa1175af8a,7fe57d0ff66463b7,ATM-JZPF-3661,ATM,21299.76,2023-12-02 11:45:11.157890,22.587433,88.432912
2b337430-4aea-4214-a254-ed1b422f3489,7fe57d0ff66463b7,ATM-WWTN-1779,ATM,127798.56,2023-12-02 12:16:56.839281,22.601934,88.386508
1e2c67ba-a477-4162-94e3-1e2be1eecad5,d2a18138bda39826,MIC-AXBU-3792,MICRO_ATM_CSP,164392.67,2023-03-11 09:35:04.826648,23.922544,86.7859
bb306a21-6797-49f0-94de-b9ea85852898,6e8a7e20f88060bd,ATM-IJGS-6661,ATM,164392.67,2023-03-11 10:04:06.376212,22.537766,88.344134
65c6139d-2059-48e1-ac6b-fbd7e01743a2,b82c83e33c343e84,ATM-KZBE-4304,ATM,7976.41,2023-01-30 19:19:52.407823,19.181404,72.820499
726a866f-a088-4eb4-b8db-8bd4a6bc9218,96739c6dc7f02b5f,POS-MCYO-3932,POS,7976.41,2023-01-30 19:25:49.820583,30.87615,75.792506
2833ddac-af6d-4434-b3ab-b12d427d8dff,e09de44b287780d9,ATM-GSJP-9637,ATM,4456.41,2023-01-09 12:22:51.609483,30.928185,75.809479
2c45d04c-ea6f-4b85-85be-0be0cb8a38fb,735d7382bc84f337,MIC-CBSV-8975,MICRO_ATM_CSP,4456.41,2023-01-09 12:55:09.988943,19.0986,72.873827
14ad3ec9-8c33-4371-8021-5cd9156c6c41,31c96105af812635,ATM-XWGN-3605,ATM,4456.41,2023-01-09 14:14:37.716385,23.949771,86.852606
5cc67b84-8682-43d2-ab11-381303afcb4f,ee953cbc6fe1c738,ATM-QSYQ-7166,ATM,19051.15,2023-01-09 12:27:58.575466,30.979996,75.866658
796e15e0-edc9-49dc-9c7d-680f30b545b1,178450fb5c068e0f,ATM-TFNC-7852,ATM,19051.15,2023-01-09 12:43:58.604036,30.868159,75.966414
dc5e11c1-9269-4eb3-a9bc-71822bc7c420,d808e7485fc3520a,MIC-RJEK-7493,MICRO_ATM_CSP,2116.79,2023-01-09 12:54:18.604419,28.176841,76.983566
e9b0f271-3d83-4a8d-8423-6c7eaf0a70e8,99a3e1da6dbb6224,MIC-DQRY-9298,MICRO_ATM_CSP,2116.79,2023-01-09 12:54:32.737425,13.078248,80.211488
d2df3214-768e-4fbf-91ac-edc9226c4c35,febf24426daa34df,ATM-NQQP-5382,ATM,2116.79,2023-01-09 12:26:43.931290,19.051757,72.894243
3de49a6c-d3cb-41e4-bea2-0420eab382f6,ee953cbc6fe1c738,ATM-RBUZ-7658,ATM,3175.19,2023-01-09 12:40:17.498498,30.989387,75.804425
9c301bf4-b13b-4a61-a3fb-0cf905d08994,53f0e51f458f7500,ATM-UWOL-4084,ATM,3175.19,2023-01-09 12:41:46.508401,19.083144,72.799206
328a50cc-a505-46c1-8e84-987f77677fba,577744147cf6f197,MIC-CMSZ-8051,MICRO_ATM_CSP,3175.19,2023-01-09 13:04:06.838743,22.68216,88.378322
df8d6e6d-84b9-475f-9173-746742ce61c6,d808e7485fc3520a,POS-DZIZ-9676,POS,3175.19,2023-01-09 12:30:25.697333,28.108145,76.964024
ea6a9fc9-1db6-4de7-a0d5-2d89cb9ea99a,673042d418c5aa70,MIC-KRHA-4414,MICRO_ATM_CSP,19051.14,2023-01-09 12:17:37.490476,13.018961,80.261472
c097bf9d-f617-4470-9b84-36ae72f1ea46,dd3bf42a1dd6c675,MIC-VOZW-4287,MICRO_ATM_CSP,6350.38,2023-01-09 12:30:40.113403,24.173602,86.363548
e99da474-e449-4ebc-a782-2786b14503ef,febf24426daa34df,MIC-NMQF-3031,MICRO_ATM_CSP,2116.79,2023-01-09 13:16:09.477153,19.027071,72.910063
a7936bd9-4e1c-405d-9501-f818429fe196,99a3e1da6dbb6224,POS-UFYG-2981,POS,2116.79,2023-01-09 12:25:24.083181,13.10438,80.174108
093f1025-1db4-46a0-81be-6aa34920fb2c,d808e7485fc3520a,MIC-PGGN-7877,MICRO_ATM_CSP,2116.79,2023-01-09 13:09:33.934904,28.073351,77.057048
ab254a22-242e-41a1-9646-4996661e1571,044beed55d80dc2b,ATM-QFHA-8876,ATM,2116.79,2023-01-09 12:26:20.530994,24.212564,86.351459
e8816fae-e3c0-4f7f-8fcb-daf6d8666af2,a90e52c63855a5a6,ATM-ZUEM-1237,ATM,2116.79,2023-01-09 12:43:52.275816,30.821378,75.769651
1b66efa4-829c-4a52-bd41-dc853619dbde,99a3e1da6dbb6224,ATM-HBPW-5186,ATM,2116.79,2023-01-09 12:28:47.741377,13.206089,80.284715
63215308-6a92-42ec-8410-2796df1708a4,186923cec964032c,ATM-RVIX-4860,ATM,3175.19,2023-01-09 12:41:02.433088,24.204939,86.196196
83040135-86f4-4f9a-af9e-26570483aff0,99a3e1da6dbb6224,MIC-UBYU-5429,MICRO_ATM_CSP,3175.19,2023-01-09 12:52:12.334226,12.996881,80.299831
b26e2802-8669-4c52-bb55-af83b1684d7f,577744147cf6f197,POS-PBZB-8779,POS,194692.4,2023-11-04 04:55:40.835383,22.488151,88.369427
3d11a4ea-e219-4c26-b544-4fffcb1de7b5,d808e7485fc3520a,ATM-TKHV-9963,ATM,194692.4,2023-11-04 06:08:51.487854,28.136686,77.012196
0667d6ad-bb3e-4081-9c6a-e1e2b5f9320a,2c55f0286942d24d,POS-RPAU-9327,POS,32375.63,2023-04-19 09:49:20.084257,12.989481,80.315091
7617fba4-7107-4eb7-bb44-0e15bb4246cc,82952cb79d3f45d9,ATM-KOYM-6800,ATM,32375.63,2023-04-19 10:57:40.991476,24.03189,86.839198
a3f08919-ddde-4461-8a8f-3d741e085eac,65e22d42090564b9,MIC-JOUJ-4477,MICRO_ATM_CSP,32375.63,2023-04-19 10:08:16.859589,13.019852,80.26834
0c7cb3ef-3bd1-49c5-8dbb-7365f6134a96,a34fc46ca7398755,ATM-YOTN-9036,ATM,32375.63,2023-04-19 09:44:12.554864,28.070397,76.991814
f106ea3f-9900-4ad1-bb65-a5bb0994d0ed,151d8260d0e8560e,ATM-KYQN-8255,ATM,32375.63,2023-04-19 09:56:33.381242,28.48183,77.394401
0f77af01-0781-42d9-ad8b-4a07eb24f478,562772d2f729f0a9,MIC-HAAY-7961,MICRO_ATM_CSP,32375.63,2023-04-19 09:47:35.711088,30.939127,75.874395
d4ab6df4-81eb-4604-9f67-4e64768adfd9,6719077e3a6cd655,ATM-TIEZ-4424,ATM,32375.63,2023-04-19 11:53:38.438193,23.934505,86.821938
953b0161-ed20-4093-8732-8034d1a7c896,65e22d42090564b9,ATM-EHBF-8445,ATM,32375.63,2023-04-19 10:51:18.174983,13.0031,80.306656
1536759c-349c-44f4-a7ee-0f57d079554a,c44d8338f95263f6,POS-NAUB-2631,POS,32375.63,2023-04-19 10:22:17.529197,22.599084,88.37986
189f952d-020b-44ab-b330-4e4f9c02e7bd,4bda3ec42f7024ac,MIC-TBZY-5923,MICRO_ATM_CSP,433908.4,2023-04-27 13:34:47.887622,23.987281,86.778477
df83ca44-ba66-401d-972c-d1a9659f6394,d6be50cb8c586fce,ATM-ACGS-8275,ATM,421045.14,2023-11-04 06:18:38.365349,30.94311,75.811552
6c6ef7c8-bffd-4ab2-ad02-300c42af5e26,774f92e6569462f3,ATM-ZLSJ-9045,ATM,156902.71,2023-10-23 07:02:48.111577,28.550132,77.410309
9127175c-7d35-487e-a59e-26384f020754,fbdf11c16c6f1158,ATM-YMLE-8343,ATM,156902.71,2023-10-23 07:21:24.768198,28.513876,77.507333
7892b392-c6d3-42d5-a582-18155922c472,6da47df28d1aad11,ATM-FDYB-9336,ATM,35174.46,2023-10-14 17:25:13.454779,30.909189,75.770882
6c8356f8-759a-4355-b1bd-93447e270819,6719077e3a6cd655,ATM-GKNN-7773,ATM,35174.46,2023-10-14 18:12:17.004078,23.96076,86.759044
5c252513-d32e-4624-9b65-43a6180470c9,55b4926e5d4cc375,ATM-ZQLV-7319,ATM,73541.55,2023-06-02 13:09:20.566154,24.005784,86.815251
812a3502-44a5-47d8-9364-7831ee1693b6,4bda3ec42f7024ac,MIC-YJGO-4892,MICRO_ATM_CSP,36770.78,2023-06-02 13:24:43.543958,23.964179,86.786879
e2ab7b71-cf58-4505-8809-865920d4e88f,a40844e151329aea,ATM-VQMD-9652,ATM,36770.78,2023-06-02 13:36:10.159320,24.229702,86.332541
d2d2d1ec-16d1-4663-b2b8-55f0e2261719,e9b823fe47bc426a,ATM-EXNE-7357,ATM,11203.09,2023-03-16 21:52:23.015056,24.241864,86.294046
c1c00215-0143-419e-8947-3da50c23150e,25b04eca97925f46,ATM-BRNA-3296,ATM,5601.55,2023-03-16 21:52:13.825366,24.240599,86.29186
4e4de7a8-8b9c-4933-a0cf-62b8e562a1b8,0f402318041204af,MIC-ALFJ-9882,MICRO_ATM_CSP,5601.55,2023-03-16 21:48:32.238983,24.048852,86.281016
61f719ef-b633-4fd6-ba8b-5378f3920d82,6719077e3a6cd655,ATM-GMPW-9511,ATM,5601.55,2023-03-16 21:40:37.603363,23.933284,86.821628
d59bfa96-9de0-4886-aca2-1b25644e8c3e,25b04eca97925f46,MIC-BDRH-9742,MICRO_ATM_CSP,5601.55,2023-03-16 21:45:36.873413,24.227015,86.344072
3dc016ae-bb87-47e4-a26a-09b38df573b5,5234e2681fb4977e,ATM-EZCJ-8956,ATM,16804.64,2023-03-16 21:40:12.946181,24.226339,86.306451
9cdf8fa7-2708-4e24-a68f-3d635d225380,82c9eceffb3a9628,ATM-NOOF-0754,ATM,16804.64,2023-03-16 21:59:13.066624,28.628028,77.414543
6775fac1-979f-4347-94aa-a92d105e134d,c4fd7cb5b3b86b81,ATM-TMQX-3657,ATM,11203.09,2023-03-16 21:59:58.250437,28.008191,76.940625
1f1caf18-38b2-4cfc-aba3-919f2ac214e7,ce42adff5fb0bcc0,MIC-ZWVH-5496,MICRO_ATM_CSP,11203.09,2023-03-16 21:45:04.966854,24.221675,86.259586
17cc49b7-d242-4cd2-86ff-f8e2c0fd3bb2,218c5d6d080619a2,ATM-NFUD-1271,ATM,11203.09,2023-03-16 22:33:37.139093,30.861271,75.826909
d0110539-4f0f-416c-b43e-208f0a48badf,7dfe46ee8d6ea258,ATM-PXSK-8656,ATM,182848.87,2023-11-14 15:42:22.454485,24.178069,86.314562
d9ad2155-2ca2-4418-8f96-0a3dac4ba7a1,f54efba75794b357,MIC-ITPZ-3939,MICRO_ATM_CSP,182848.87,2023-11-14 15:52:14.048515,23.910522,86.749501
3608e341-211b-4020-a2e2-6a7e04e2f932,d81d1683ecaac229,MIC-HQXB-9819,MICRO_ATM_CSP,42451.35,2023-12-24 03:25:27.407132,22.592632,88.317853
4f68f360-2bb3-474f-8c8c-b7367a0c73f1,6719077e3a6cd655,ATM-ZWEV-1376,ATM,42451.35,2023-12-24 03:15:44.777508,23.976345,86.738785
72626100-c097-4678-8790-fb69eb499afa,6719077e3a6cd655,ATM-DFDA-3872,ATM,28300.9,2023-12-24 04:14:03.552021,23.982937,86.849361
e3f2a078-a2a1-4108-a3f7-d9c3bb1ce83c,f253d605f12974cd,ATM-LECA-3635,ATM,28300.9,2023-12-24 04:11:20.909141,24.295573,86.256061
04e59863-98fd-44af-b7c3-da2ce5913925,43b282632be789d4,ATM-TYUH-3433,ATM,28300.9,2023-12-24 04:07:53.596484,13.085199,80.264462
42df9976-46bf-4049-97f3-ee1d40ed4912,3a84fdc33508e322,MIC-JFWI-0440,MICRO_ATM_CSP,18867.27,2023-12-24 03:45:09.298160,19.045389,72.83385
9b1e60ac-0470-424d-bac5-b75fa5ba5e89,8687a4cc583aa0ae,ATM-AUXZ-6436,ATM,18867.27,2023-12-24 03:27:25.589649,24.186547,86.307537
f2f9ac76-64a1-4c46-8338-6304235f6734,292f6186c375903b,POS-OGKW-7500,POS,18867.27,2023-12-24 03:37:54.790810,28.087678,77.027657
3ce1a264-1139-4d57-8c2b-5a5eb5c44fca,2c66670eaef4dee4,POS-UZSA-8957,POS,56601.81,2023-12-24 03:26:27.028406,30.899305,75.809148
9d3efb57-671e-4744-ad2d-cc53a127a6e9,78412091d3702307,MIC-GRXS-0679,MICRO_ATM_CSP,18867.27,2023-12-24 03:23:01.544480,28.154195,77.047144
33e53825-9e21-4497-a9af-ed1790646808,2c66670eaef4dee4,POS-AIED-1408,POS,18867.27,2023-12-24 03:20:50.900958,30.892459,75.745035
df1348bd-7e59-42d6-ad59-d47151672bcb,91ff603347d3f90a,ATM-NLGE-1908,ATM,18867.27,2023-12-24 03:20:33.591514,28.037111,77.067438
40af905f-3f05-492e-840d-2349e9735e04,c44d8338f95263f6,MIC-XKHY-9552,MICRO_ATM_CSP,125223.01,2023-08-20 18:22:40.446053,22.592086,88.345725
41fc94f1-bb07-4d96-a08b-1f28f0e00db1,1b5f2c835b89a1e3,MIC-RMDQ-8696,MICRO_ATM_CSP,125223.01,2023-08-20 18:24:02.115399,12.988443,80.364762
c82c2d2c-7650-45c6-b678-53841f1e9a01,2c55f0286942d24d,MIC-BLDP-4225,MICRO_ATM_CSP,216975.79,2023-06-04 09:56:35.538623,13.10761,80.376419
c8582dfe-d2ff-4f10-9c59-1419defa8645,38172de70c053844,ATM-OTVH-2113,ATM,216975.79,2023-06-04 09:50:56.405465,24.140945,86.303282
564ff010-2fe0-4da3-a880-7861268fa55a,e2f19358960dc1b8,ATM-SCSY-3762,ATM,27825.69,2023-08-03 06:19:58.632875,28.55513,77.449667
d7b21548-bb64-458f-9fa1-e41268995d3d,9161da7be526b717,POS-XSDK-6541,POS,27825.69,2023-08-03 05:55:08.001656,24.260965,86.296353
e8ecc466-8ec7-422c-b831-73106d182cbc,c3f72c30b76aac18,MIC-MTJZ-7854,MICRO_ATM_CSP,18550.46,2023-08-03 06:00:13.097149,28.557697,77.390938
3a241e80-64c7-4fc8-ba71-b1d563d541d4,9161da7be526b717,MIC-DNCK-8185,MICRO_ATM_CSP,18550.46,2023-08-03 05:55:13.139167,24.21603,86.281594
072f524b-600d-422d-83ea-48b53c74c68d,6719077e3a6cd655,ATM-QGII-2349,ATM,18550.46,2023-08-03 06:24:43.918754,23.973708,86.834931
f734b659-0acb-4857-932b-d96f46cc89b8,3c0b67ba74cbafec,ATM-OQFC-7056,ATM,33127.69,2023-10-11 02:23:23.606682,28.513742,77.34368
39b20e45-1fce-4908-83a2-fce9544d0927,735d7382bc84f337,MIC-AYWM-8573,MICRO_ATM_CSP,33127.69,2023-10-11 02:29:23.177710,19.080216,72.848019
36224cc8-50d0-4bfe-8e69-3c0f140c82fb,77323791caaf34e8,ATM-EXPH-6967,ATM,224873.24,2023-06-25 21:39:08.134208,28.556266,77.34909
edc0518b-b705-4887-b8bd-6555394e712b,4a2108204892de8a,ATM-WSFP-7584,ATM,224873.24,2023-06-25 21:32:26.872792,23.939039,86.714828
88dd1b1c-694d-4baf-9d7c-c00476fdc076,2e4345eca1b5a34c,ATM-WKXC-3410,ATM,82249.27,2023-02-28 06:39:26.122210,28.511426,77.429937
281e84da-5fc2-4d82-a6b4-1fdc1af7e57c,150079c7a6c509ea,MIC-AXBE-7966,MICRO_ATM_CSP,20562.32,2023-02-28 06:45:22.895816,28.567411,77.331072
e811e270-2012-41a9-a9da-75ebf7cf2f69,1dfa14d724111f5a,MIC-VTNW-4035,MICRO_ATM_CSP,20562.32,2023-02-28 06:41:54.593476,28.507023,77.46529
04ddc618-9cbf-461b-8314-ee534d49d48d,f72723c2288b7429,POS-KMDQ-0318,POS,41124.64,2023-02-28 06:45:39.109068,24.231092,86.342277
9dd038ee-eae4-4f96-a6f4-cb0850523c3e,f72723c2288b7429,ATM-QDEF-6051,ATM,6854.11,2023-02-28 06:33:33.378906,24.298951,86.258557
6d3a4baa-f551-487c-874c-794efe70f296,bdb8bd7283b2a364,ATM-ZUTM-9064,ATM,6854.11,2023-02-28 07:14:59.239160,22.532375,88.349531
2fc1b0bd-6327-4c0e-ba4b-dc68fac19fa6,96ee3133eae53f34,ATM-LLAC-6823,ATM,6854.11,2023-02-28 06:19:01.203777,28.556102,77.509243
b90bfbc8-8762-457b-ac08-d015c8ce239d,3130a23abd9e06eb,MIC-UZLR-8398,MICRO_ATM_CSP,6854.11,2023-02-28 06:39:04.748569,28.485554,77.381903
a23d057d-d449-413a-afd0-ce8b6b07cb0e,45d630ed37506629,ATM-QGTK-2906,ATM,6854.11,2023-02-28 06:48:32.430576,22.561723,88.412399
d23cd2db-3068-4add-a44d-30d69536d7bd,bdb8bd7283b2a364,ATM-IROH-7626,ATM,6854.11,2023-02-28 06:42:59.070964,22.537219,88.361976
ef55ace3-3f99-48c1-a124-f435314fc862,bdb8bd7283b2a364,ATM-QJFE-6489,ATM,10281.16,2023-02-28 06:38:36.024414,22.647005,88.378878
3dda770f-199b-4b0b-bb0c-8fe23bb8242d,f72723c2288b7429,ATM-IKGA-7894,ATM,10281.16,2023-02-28 06:52:30.913261,24.204679,86.385435
0fcd29c9-9bcd-4b8a-b596-bd639477d2fc,f72723c2288b7429,ATM-FZRO-9004,ATM,10281.16,2023-02-28 07:22:18.252137,24.165344,86.36325
981179d9-eaff-4758-b0a9-39b4add3ddf9,55b4926e5d4cc375,ATM-MPRR-2938,ATM,10281.16,2023-02-28 07:08:23.055954,24.011079,86.793057
bc5ec58e-de3b-4b64-abd6-9f471d6e04fd,6da47df28d1aad11,MIC-CPNT-8149,MICRO_ATM_CSP,43906.26,2023-11-08 21:31:32.187585,30.978962,75.969584
7f14eb78-bb3e-4f2e-9283-b1d10ceb4405,98768ceed9627cfa,MIC-GBHV-7403,MICRO_ATM_CSP,43906.26,2023-11-08 22:16:11.112652,23.954403,86.817608
6a664efa-ada2-4383-bcef-bcfab34abcf6,2e4345eca1b5a34c,ATM-QNBD-3306,ATM,43906.26,2023-11-08 22:37:26.616861,28.527959,77.418946
e270c3fd-749a-4e9a-a6d8-a0f15e53f134,04cb4af66bbc9cd7,MIC-GIXH-4234,MICRO_ATM_CSP,43906.26,2023-11-08 21:28:40.174761,28.535921,77.429238
f452ba8b-356a-470a-8b0f-dc6f406f5cc3,577744147cf6f197,ATM-BORP-3367,ATM,29270.84,2023-11-08 22:09:53.769165,22.532519,88.361627
10cec963-5915-4d39-8480-0ec83b0cee34,673042d418c5aa70,ATM-FEIQ-6887,ATM,29270.84,2023-11-08 21:26:12.932926,13.025726,80.323516
d081adf6-7f7c-45fc-953b-bb2bb0cc1d5d,394194a39a57bcc6,ATM-SGYI-7193,ATM,19513.9,2023-11-08 22:54:18.424460,22.596825,88.292861
ea8371a4-d176-4299-ac69-dce3df24ace1,3c231657faa5d04d,ATM-RVNM-6743,ATM,19513.9,2023-11-08 21:23:01.911179,28.555445,77.383743
a8a254ec-cfc9-4195-8a74-e08d1ae45f53,f1768bad6f1e3ce2,POS-KQLO-7329,POS,19513.9,2023-11-08 22:19:20.812395,19.130352,72.925904
7db8f535-16e6-481b-aba0-5bfbdd5a231c,6da47df28d1aad11,ATM-PWWT-5760,ATM,29270.84,2023-11-08 21:40:42.124668,30.969268,75.896944
82a40465-0f14-459f-a90f-c4e6c703dc50,30bc88d810aef42b,ATM-CYAS-5393,ATM,29270.84,2023-11-08 21:40:36.700019,28.531087,77.403393
fd020666-a618-4d38-8b89-a7fc0ca9d317,07e0cebd234c62cb,MIC-GMUG-6872,MICRO_ATM_CSP,7525.05,2023-08-07 16:02:20.223724,24.122384,86.298287
3ef67488-9bbf-4cb2-80f1-e5052b8aa04b,523725b9cd46e00b,ATM-YUNG-4530,ATM,7525.05,2023-08-07 16:02:43.218257,28.089111,77.031979
f8fddc67-61d0-4d01-a1ce-ae4cddd03ac8,6877ffca8e5a30eb,ATM-QZZW-6516,ATM,7525.05,2023-08-07 16:06:45.244073,24.286502,86.309814
031fb038-c7d1-4b6b-aee2-aad4719eeb52,6877ffca8e5a30eb,ATM-HHFK-9792,ATM,7525.05,2023-08-07 16:04:09.682387,24.199863,86.262486
39b63df3-66c1-4726-850b-26b864014864,ad5fe18df494f9d9,ATM-YCYP-2117,ATM,7525.05,2023-08-07 16:35:16.193682,13.1052,80.267784
8dcde3fc-aa2f-4fbf-9d06-8724c2a197be,095c1c65e3981f27,ATM-SDRJ-2489,ATM,7525.05,2023-08-07 15:56:20.148860,23.900837,86.795355
98c78678-4742-4b92-a958-e6ba5408004f,a2be5453e6de14d6,POS-DLFY-8729,POS,5016.7,2023-08-07 16:19:24.335126,30.902479,75.847367
6779f55c-2e44-4787-972b-dc85271a3609,10391296d265566e,MIC-OGLX-7862,MICRO_ATM_CSP,5016.7,2023-08-07 15:49:00.874010,28.019194,77.068357
dda603bd-e2dc-496c-a083-62874b624fbf,ba703db5e0293b48,ATM-HETR-7351,ATM,5016.7,2023-08-07 16:01:27.209034,22.634376,88.423659
140e9979-6903-4ad1-ad1a-4f9805e27b0b,10391296d265566e,ATM-NATZ-8765,ATM,5016.7,2023-08-07 17:03:11.161238,28.067839,76.940298
70d053b6-9587-4874-a3df-38483dc2540e,8603e60ca1329f36,ATM-ITNF-0366,ATM,5016.7,2023-08-07 16:12:29.972148,30.875269,75.891778
0f2245e0-9bcc-4fa9-a4cc-a6ea7aff5f14,fbdf11c16c6f1158,ATM-XPMT-3838,ATM,5016.7,2023-08-07 15:58:29.709900,28.684833,77.37417
d248879b-262f-444e-be3c-43fce9b9ede9,3963b6f6f79dd7db,MIC-DNFD-8396,MICRO_ATM_CSP,15050.1,2023-08-07 16:30:47.792561,28.092149,76.975681
57ad1721-4cd7-4ec0-a382-88f49f54f7af,a85dc85b910de8fb,MIC-YDUU-4645,MICRO_ATM_CSP,131754.68,2023-06-27 03:36:48.432909,23.871812,86.82396
e130a7fb-bcd1-4e5f-9ff8-62528eab3ab7,a40844e151329aea,POS-DUDS-3087,POS,131754.68,2023-06-27 03:42:33.508257,24.217856,86.299078
cae55150-c0ad-4234-8b42-a3840c0b625d,a77e1110504ea4de,ATM-WFCM-2005,ATM,131754.68,2023-06-27 04:28:54.257429,24.187744,86.29771
3bbac33e-4bcf-4ab6-81f3-1e5a7b1b86fe,91ff603347d3f90a,POS-XVXO-1257,POS,72442.46,2023-06-24 03:41:48.274539,28.010585,77.007787
669874aa-5a05-46f0-863a-14b5738cc8bb,ae35003a1df2f0e2,POS-AFOQ-4943,POS,36221.23,2023-06-24 05:40:54.241943,28.496466,77.346597
02fcb806-2d5d-483d-91b8-a24011c286bc,9b4705a5a1cd1e5b,MIC-EOIH-0943,MICRO_ATM_CSP,36221.23,2023-06-24 04:26:14.758204,22.615754,88.383169
18e4eaa4-d800-45d6-a318-479ec06874be,757013409a1de55b,ATM-FIMU-0564,ATM,24147.48,2023-06-24 03:41:29.939326,19.029656,72.907656
b4327f6d-03e4-4b6e-b71c-e8b3d53a9aa4,ae35003a1df2f0e2,MIC-REEX-7648,MICRO_ATM_CSP,24147.48,2023-06-24 04:29:47.812507,28.522708,77.410961
36897b74-dcfb-4eb8-a82a-0d95374c3230,757013409a1de55b,ATM-VXNX-6447,ATM,16098.32,2023-06-24 03:26:02.160942,19.100175,72.846406
de43ecf6-1e3c-4761-a347-90c8121ba3b9,e5f265e3ef332cfc,ATM-GCIQ-6331,ATM,16098.32,2023-06-24 03:33:50.347524,13.177553,80.2409
8f4e1353-7973-464b-b6d5-8ac2d71bf70d,d9956ae44079537a,MIC-FNCW-1786,MICRO_ATM_CSP,16098.32,2023-06-24 03:09:12.086829,30.92446,75.821571
83ff5453-4bad-4917-b5cc-3289b3322905,09eb3419a9745adb,MIC-HPSR-3686,MICRO_ATM_CSP,24147.48,2023-06-24 03:13:44.528871,19.065899,72.871071
c600b7de-023d-4b4a-887d-3e9ff34a2fad,249a5fdb3aa3e639,ATM-TRMX-9441,ATM,24147.48,2023-06-24 03:16:41.913071,24.237473,86.311547
75a2db81-bab5-4345-8626-0731e26b483e,562772d2f729f0a9,ATM-VWNP-3306,ATM,14170.46,2023-01-24 19:33:17.817713,30.912216,75.877121
6aa3310c-edef-4498-b23a-a8be4f9ccdd3,a8db324facfdb708,ATM-DWKW-2126,ATM,14170.46,2023-01-24 20:30:30.135345,28.469256,77.341381
909ef89e-bf77-4935-8750-e8c99b62452a,fed6a0b55d80fbac,MIC-QFOH-1411,MICRO_ATM_CSP,14170.46,2023-01-24 19:52:19.070842,28.030287,77.023109
6e29738f-682a-415e-9753-4c0142f0dbec,6627778c0faccd9e,ATM-EXLN-6078,ATM,95820.8,2023-10-19 22:57:49.459296,24.173459,86.297123
31e9130d-ba69-4878-a323-be6496a7bed1,ad5fe18df494f9d9,ATM-SIMB-1855,ATM,95820.8,2023-10-19 22:58:02.912749,13.079203,80.365839
e75bb464-7ba8-4e5f-8031-0fc91df26760,6877ffca8e5a30eb,ATM-HRDB-5262,ATM,95820.8,2023-10-19 22:55:49.100254,24.111673,86.284236
ab29dab7-e862-4562-9375-7bc846f27598,d81d1683ecaac229,MIC-KRGZ-9308,MICRO_ATM_CSP,19768.64,2023-12-21 01:23:30.640204,22.56502,88.239289
6468ece4-27d8-4c17-a530-245ade4a9853,fbf4e2a2689a0699,MIC-EFWZ-9388,MICRO_ATM_CSP,19768.64,2023-12-21 00:19:44.911824,23.979355,86.91358
32ff7b84-cdfe-46d9-a4fe-914688e28902,3a84fdc33508e322,POS-JLDA-9722,POS,39537.29,2023-12-21 00:25:47.240951,19.11938,72.894189
c04bb5d5-29de-4053-9555-56011f94cb6b,f5ee5bb69c594618,ATM-NRSJ-6279,ATM,39537.29,2023-12-21 00:07:52.479229,24.190497,86.245787
9f64fa96-5b6f-4426-aba0-fda15e5ca1ca,c527c012113fa811,ATM-YSMZ-6991,ATM,39537.29,2023-12-21 00:49:30.633831,24.215796,86.26073
f696ed5c-31db-48b5-bfa6-125ba7287e88,6719077e3a6cd655,ATM-PEEK-5340,ATM,8786.07,2023-12-21 01:13:33.688944,24.072443,86.786616
161c1a1f-2bad-4691-b228-757fd807e89f,fbf4e2a2689a0699,MIC-RCSD-6375,MICRO_ATM_CSP,8786.07,2023-12-20 23:51:10.653640,23.946927,86.82613
19bc021b-d62d-4371-a071-80b39e8d1fd8,3a84fdc33508e322,ATM-WAVR-4217,ATM,8786.07,2023-12-21 00:23:11.405085,19.081653,72.846436
f1d98fa8-4ee3-40d2-a10f-792789dddb68,150079c7a6c509ea,ATM-UEDV-8356,ATM,8786.07,2023-12-21 00:04:56.098408,28.536024,77.480011
7172aaf2-4923-4688-8626-c0f7ffd6dea9,25b04eca97925f46,ATM-CEDP-6819,ATM,8786.07,2023-12-20 23:55:44.024373,24.101959,86.324864
1844ee4f-512f-4749-90f5-de4c0ce4b930,e7dabff5801a84c0,POS-MSMX-1965,POS,8786.07,2023-12-21 00:26:25.881167,22.584664,88.273195
5e949001-70dd-43fe-a166-c4bf8d14e423,c3f72c30b76aac18,ATM-XJJE-3929,ATM,8786.07,2023-12-21 00:38:23.779043,28.554044,77.479006
eb77c140-43ce-4e05-9230-db1d18e8a961,3a84fdc33508e322,ATM-ODJE-8425,ATM,8786.07,2023-12-21 00:18:29.963501,19.021595,72.876059
e1122815-b8f0-4dac-93a5-c3b2e7020df2,f6b2ba68fde1e997,ATM-GPFV-2949,ATM,8786.07,2023-12-21 02:04:44.037887,22.566901,88.445104
cdd696ba-858f-4574-be62-7a77809da87a,a2fa3041d552b090,ATM-AQTL-0260,ATM,4481.32,2023-02-03 15:30:15.548297,28.54146,77.460495
89c47a7f-fd2a-49a5-8155-1eec90a24a71,774f92e6569462f3,POS-FJVL-3322,POS,4481.32,2023-02-03 15:35:42.725626,28.55471,77.370453
7e255e94-9e42-4d48-807d-253e545da05f,67b29c8559f11dce,MIC-XBME-5797,MICRO_ATM_CSP,4481.32,2023-02-03 15:08:29.745356,23.959356,86.802325
decf82fa-135d-4cab-8064-c5a4dfcf07ae,1b31c8b8b88df13f,ATM-DONN-5747,ATM,6721.98,2023-02-03 16:12:03.083533,28.574921,77.330709
d9c5e820-9bba-4d9b-9bb2-adf86387245e,f9a34baab7be9f34,ATM-COGI-4353,ATM,6721.98,2023-02-03 15:13:52.120732,13.083175,80.203476
78d64f3f-883b-4269-8bab-46ac9ffc27d1,774f92e6569462f3,ATM-VJLC-3044,ATM,6721.98,2023-02-03 15:26:43.348354,28.555305,77.43736
6a8fc05b-ad63-4a82-8b92-bc18f5032196,800f97ed69d44439,MIC-JJHL-5307,MICRO_ATM_CSP,6721.98,2023-02-03 15:05:13.221322,28.097747,77.007689
91915347-e0ab-461a-8420-aa9013bb1fb8,e15635324afef7f6,ATM-EXJJ-4457,ATM,20165.93,2023-02-03 15:13:22.446974,28.564661,77.363954
ee5d5e3e-a93f-4ceb-986d-67ec42489952,ee953cbc6fe1c738,MIC-MSUX-2879,MICRO_ATM_CSP,20165.93,2023-02-03 16:43:44.799211,30.887742,75.743737
780c333a-cc91-49b5-9b14-793a83f48461,87cc051ae08428cf,ATM-JXCA-3477,ATM,30497.02,2023-07-11 06:28:20.351465,24.193228,86.372401
5053cfb0-5fab-4d4d-8932-a0d5e508a43c,25b04eca97925f46,ATM-HNYK-8578,ATM,15248.51,2023-07-11 05:53:18.614639,24.264111,86.280243
a3ecf7be-b02e-4e4c-ab87-225f145cb4df,91ff603347d3f90a,ATM-VXIB-2343,ATM,15248.51,2023-07-11 05:47:50.072428,28.088747,76.967043
9a68718d-f882-409e-8342-4ac2d3c75521,1b6df1573ac24ffc,ATM-NZBU-0157,ATM,10165.67,2023-07-11 05:49:39.013460,30.969451,75.917988
a5cfae8a-044f-4578-b730-6603202459fc,3df284a919e148a8,MIC-HVYN-7127,MICRO_ATM_CSP,10165.67,2023-07-11 06:18:16.752110,22.487627,88.420352
0a6a9320-a582-4851-a85c-f36d5efbdbfe,91b86f426cd2cf59,ATM-CVUT-4777,ATM,10165.67,2023-07-11 05:25:47.556045,28.513043,77.458512
95d555f0-c97c-43b1-b4b5-fe67b7057498,25b04eca97925f46,ATM-YXOW-6114,ATM,91491.07,2023-07-11 06:07:20.174227,24.082872,86.313668
a34e2558-f950-47a5-b0b7-45f12542f98e,a34fc46ca7398755,ATM-BTFS-6012,ATM,64391.69,2023-09-02 22:16:50.131354,28.161734,77.034387
ab8ba3c5-987d-478b-bf60-2c405a5d52c8,6942d07ea440a530,ATM-OUJO-8247,ATM,64391.69,2023-09-02 22:45:28.032443,23.93175,86.773171
4c15f5cc-6563-4f6b-b416-47f37488ca8d,562772d2f729f0a9,ATM-ISOH-6645,ATM,64391.69,2023-09-02 21:48:21.045207,30.82857,75.85723
ec00e86e-bd6d-4122-a027-a33cdd4ec63a,151d8260d0e8560e,MIC-TGVS-8855,MICRO_ATM_CSP,64391.69,2023-09-02 22:16:27.961757,28.650176,77.37162
a55389ac-a1ba-4801-ab4b-ae25532dbe50,3c3f2e8c9b7b4708,ATM-VWOW-6739,ATM,64391.69,2023-09-02 21:46:31.902880,30.927149,75.857109
611cd46c-b308-4735-8b98-6be8d6b4c115,83ba5887d82ddd6a,MIC-CERC-8041,MICRO_ATM_CSP,64391.69,2023-09-02 22:43:02.765859,13.03782,80.329783
dbb05e94-e995-49af-9372-bf8c0b34a62c,8e5fcc4d4d7f23bb,MIC-HAAZ-8389,MICRO_ATM_CSP,382994.13,2023-09-30 16:18:19.143303,24.191502,86.226434
25686cec-2618-4139-b6fb-42856951f6f6,801c737176bab764,ATM-OPDG-7463,ATM,16557.66,2023-05-28 15:55:44.560848,30.752793,75.834347
7d5160e0-f5ce-466c-987e-1312bd9ab6b4,bbe623c9da0b733d,MIC-HRGE-7043,MICRO_ATM_CSP,16557.66,2023-05-28 16:27:45.254049,24.187182,86.408703
ff214c33-f6aa-41e2-b799-d5825ca96388,43e2188fe6ee0e8f,MIC-PBAG-0006,MICRO_ATM_CSP,16557.66,2023-05-28 17:00:36.522049,22.590489,88.380055
4cbd8488-6fde-4eb3-9baf-1a69a9878079,85325f4fb0095b84,ATM-OWEI-6105,ATM,49672.98,2023-05-28 15:56:43.298192,28.54227,77.316967
fc715e29-fda2-4ee1-8f82-5c901abae84b,6d15ef43c18a5e44,ATM-ESSQ-3800,ATM,118001.03,2023-07-04 01:25:27.432684,19.007326,72.937594
cf716772-90ad-4dc4-8f40-e8d58c01d436,f8f70366a172abf6,MIC-XOJO-6258,MICRO_ATM_CSP,118001.03,2023-07-04 01:34:00.561892,19.070981,72.798283
7b7f05ef-88ec-44eb-81cc-e73a791287c0,ce42adff5fb0bcc0,ATM-DVTU-5362,ATM,118001.03,2023-07-04 01:53:18.369060,24.211823,86.275904
205c3e17-84c7-405f-8f38-6ac36591ba76,6719077e3a6cd655,ATM-CTQC-2289,ATM,21046.66,2023-09-08 14:38:51.662432,23.990192,86.776816
feb6f1d7-c00b-4bae-a4b2-38f62016affb,3fdb81fcdd99b495,ATM-MNQI-1121,ATM,10523.33,2023-09-08 14:01:44.486795,13.062527,80.277095
a868ed8f-b3f7-48a1-9eda-6e695c6d165b,a2bbd14a2f29203e,ATM-DSWD-8708,ATM,10523.33,2023-09-08 13:55:06.248680,23.878731,86.719732
68884307-ef3f-4398-92af-310d1a9e0322,2c44e83fabfdabca,MIC-BYAQ-2596,MICRO_ATM_CSP,21046.66,2023-09-08 13:43:32.814431,23.976664,86.80282
26659c50-b78e-45ae-94c1-e17261628faa,09eb3419a9745adb,ATM-ZKWX-4947,ATM,21046.66,2023-09-08 16:07:30.682733,19.057824,72.800612
f3f19666-2ad6-4d2a-a8c9-a4a04b05a908,d987bbe07c445fa4,ATM-VISS-8700,ATM,7015.55,2023-09-08 13:47:03.338197,23.972531,86.805988
3191e743-0160-4cdf-ab87-326d939184d8,3ad37eb5c6e3317d,ATM-DQOU-6012,ATM,7015.55,2023-09-08 14:29:05.844726,30.965244,75.868043
84468025-a69e-4900-a56c-2e6f3f5780d0,ce42adff5fb0bcc0,MIC-OODV-7350,MICRO_ATM_CSP,7015.55,2023-09-08 14:12:38.218150,24.163794,86.28564
d003610a-48cc-4741-a9f8-50a20d117277,18d4b8c5d301d3fc,MIC-XRTQ-0177,MICRO_ATM_CSP,10523.33,2023-09-08 14:01:16.004364,23.975075,86.86909
c84c1658-f8bd-47ec-90a0-64a185c7e78c,131a7708363db506,MIC-OWID-7661,MICRO_ATM_CSP,10523.33,2023-09-08 14:17:22.858919,22.535236,88.413162
7b782ee1-aba0-4a41-a56d-b73359193d10,7fe57d0ff66463b7,ATM-FVKR-9679,ATM,7015.55,2023-09-08 13:48:20.555284,22.609018,88.480192
b46200f2-4223-482b-ac43-7cd1e8d4842b,0c7d0bd91be18aaf,MIC-EFPZ-0400,MICRO_ATM_CSP,7015.55,2023-09-08 14:25:06.225401,28.085731,77.01805
6e96bd26-4521-4d53-908c-bdb68994b092,8595d99a4d487472,POS-PPGB-6938,POS,7015.55,2023-09-08 13:49:09.912244,28.530707,77.461383
f4b65b8d-93f9-4a4c-a187-dcc10c2868bd,e443efdf9bae5f0d,MIC-EOXK-0203,MICRO_ATM_CSP,21046.65,2023-09-08 14:05:25.330465,28.047918,77.080139
4dad1e06-9f92-4639-92c1-801fd2875a04,8595d99a4d487472,MIC-MIWE-3133,MICRO_ATM_CSP,21046.65,2023-09-08 13:58:04.749497,28.492283,77.421917
22b06327-6a71-4f6d-a686-84a89f00a565,392ff47fb759eb21,MIC-EUIQ-9975,MICRO_ATM_CSP,7015.55,2023-09-08 14:10:43.481874,28.577762,77.360966
edf94bab-628e-4926-96cd-8c1e2f493c52,2647f966c1839f83,MIC-QTSE-9128,MICRO_ATM_CSP,7015.55,2023-09-08 14:35:11.423184,28.066834,76.9585
267087d1-6289-4d17-bc36-1de4ed9a4387,25b04eca97925f46,ATM-PSHY-4872,ATM,7015.55,2023-09-08 13:58:27.039763,24.141195,86.348339
6365e1c3-8fcf-4680-ba7e-6a12a7b3a5be,8edda279ba9e9ed1,ATM-EMFD-6517,ATM,21046.65,2023-09-08 14:09:58.190715,23.932792,86.756308
3b15f5cd-fb2f-46ea-a6a5-567e0b36febc,a2bbd14a2f29203e,ATM-TJIC-1070,ATM,21046.65,2023-09-08 15:19:55.087106,24.001377,86.791718
b86848bf-7f22-469b-9618-f3c198d92c85,a2bbd14a2f29203e,ATM-ETAU-4000,ATM,10523.33,2023-09-08 14:06:13.051238,23.988625,86.766515
4497a3e1-bb1d-4f0c-abcd-23eee211c96a,6719077e3a6cd655,POS-FFYC-6461,POS,10523.33,2023-09-08 14:04:38.661072,23.945054,86.76908
a95553f4-b5ea-4b39-961d-984cfb3ead73,a2bbd14a2f29203e,ATM-SWFH-5544,ATM,21046.65,2023-09-08 14:58:47.267228,23.922208,86.811634
f6a63a70-4154-4c95-a80c-3de00baa3c61,4c0944feeeafc246,POS-QKCG-5293,POS,21046.65,2023-09-08 14:16:58.753399,22.633402,88.424981
d0da29c9-70fc-400f-903d-3ce15c2821b7,9f2c367e9ecb304a,ATM-THNU-4253,ATM,7015.55,2023-09-08 14:09:09.300986,23.939205,86.829456
89978d32-108e-41ed-8f8b-7a9c960fea55,0f8ee466d63c1e84,MIC-TPLE-5157,MICRO_ATM_CSP,7015.55,2023-09-08 14:32:10.113139,28.069205,77.039812
46831834-1e1e-4be6-8291-9fcc0c17801f,6719077e3a6cd655,MIC-XPMH-9727,MICRO_ATM_CSP,7015.55,2023-09-08 14:42:11.133409,24.020481,86.762151
268809c5-f3ef-443a-ae9c-f71edced0c2e,040c1f611eb42ce9,MIC-HGHI-8558,MICRO_ATM_CSP,7015.55,2023-09-08 14:15:58.084631,13.090002,80.159338
fee4d5ad-95bc-4993-b802-5a048237c011,25b04eca97925f46,ATM-JGRS-0549,ATM,7015.55,2023-09-08 14:15:50.264555,24.236956,86.234626
2b9f309e-bf6b-4d2c-bcd3-fdb78127c009,1e53c2e9292b4b76,ATM-PGQD-5836,ATM,7015.55,2023-09-08 15:15:44.858388,24.143876,86.274085
25a85c72-341d-44fc-a58f-cd6fc16f0527,f253d605f12974cd,ATM-ALMS-1786,ATM,7015.55,2023-09-08 16:21:41.825339,24.133863,86.271304
328f5300-e301-4095-9ab9-e48c4728c9ec,0f402318041204af,ATM-GDCI-3480,ATM,7015.55,2023-09-08 14:27:14.985427,24.224356,86.234729
591e5b11-a683-48ca-ac0f-9699831023cb,6719077e3a6cd655,ATM-KNDY-9119,ATM,7015.55,2023-09-08 14:36:29.699241,23.99174,86.69848
03113f5c-3fb6-4a7b-9557-51b9e8fa8019,04e45c79972ecbeb,MIC-GYYP-6148,MICRO_ATM_CSP,134801.65,2023-01-01 23:06:58.476589,19.043994,72.851635
3e0a184d-7ec9-47e8-ba09-8c46a3b14edd,c7f66b5e1cfdc547,ATM-VVOP-8209,ATM,134801.65,2023-01-01 23:48:11.998152,19.118521,73.012703
7afc9ef9-206f-4bd4-b7a5-863f7f36c421,d81d1683ecaac229,ATM-ODUX-4025,ATM,19929.16,2023-04-15 23:39:38.420115,22.648256,88.314022
ccbfaa48-99c9-4269-9a00-b26138dde015,8608ca6e1438fc4b,ATM-HFHH-1167,ATM,19929.16,2023-04-15 22:52:24.461186,23.994296,86.928157
cdfffd62-15fa-47eb-8d1c-1e995a42307b,dcf5a7c428ffc3d2,ATM-CLKS-5714,ATM,19929.16,2023-04-15 22:47:43.293234,24.19664,86.30153
263b3c12-4058-4d2e-a680-a145e8caef3c,81db70f41785c665,ATM-YKSH-3412,ATM,31437.12,2023-03-28 18:45:39.077347,22.586223,88.419075
7a0a05b2-944c-404b-9caa-a95eeb93a050,3595b10f9139f7f5,ATM-JLTI-4154,ATM,15718.56,2023-03-28 18:52:33.474666,28.515747,77.424653
78c63254-c44d-44c9-9b54-4f5c87973299,51cba92f234ec17c,MIC-OSHW-3841,MICRO_ATM_CSP,15718.56,2023-03-28 17:57:55.266272,23.92257,86.807362
9bef9e12-320f-4bde-97f5-d64410757f4e,735d7382bc84f337,ATM-WUKN-8431,ATM,15718.56,2023-03-28 19:27:05.198191,19.120509,72.918576
32a1b8cc-d434-4966-b674-0383bb095046,6da47df28d1aad11,ATM-VMAK-3180,ATM,15718.56,2023-03-28 18:22:18.642771,30.974119,75.822443
a897b840-9b6b-4107-a423-2e74bf621638,6da47df28d1aad11,ATM-NXZA-2851,ATM,15718.56,2023-03-28 18:12:28.678048,30.828736,75.908893
a6591e63-17c7-43d1-8488-8d2388eefc9d,f8f70366a172abf6,ATM-JLBA-2640,ATM,15718.56,2023-03-28 18:07:09.413297,19.168711,72.816226
f4bf390e-788f-4c87-841a-65b4e6936137,4c33d093c4bea6f0,ATM-LUWC-7232,ATM,10479.04,2023-03-28 18:08:53.356812,22.590902,88.257892
bbf00212-6768-450f-a2a3-cbfe542eb006,6db21f4c4eca72d8,MIC-LCDJ-8671,MICRO_ATM_CSP,10479.04,2023-03-28 18:13:05.262150,28.144013,77.076501
6e704ef9-d4c2-4d3d-8a13-675b7d40c59c,3bebc51f1ef19765,ATM-DFWG-0545,ATM,10479.04,2023-03-28 18:01:55.191866,24.143284,86.30237
dae0f767-a12a-4c14-9efb-c3bd764eaefa,8c8e8c2707466b4c,MIC-MQKD-9959,MICRO_ATM_CSP,15718.56,2023-03-28 18:45:24.792570,24.163521,86.276906
8f5af40c-f7dd-4f11-9aa5-b5ecaf5cb1e2,ed25b3310f976d9c,MIC-AYLC-3955,MICRO_ATM_CSP,15718.56,2023-03-28 19:08:57.850326,24.172414,86.313971
2c71b7ed-8b05-4c7d-a5a1-e4459032f636,76e37cd876827e1a,ATM-ANVR-9901,ATM,29861.94,2023-08-17 11:37:26.474255,28.115345,77.024696
7863326a-cc86-4911-ae3c-40db060707de,4efff10329ca6699,POS-SLND-7144,POS,29861.94,2023-08-17 11:13:43.151116,18.983445,72.807815
83e503e1-8dd9-4061-af68-7d927393cda3,25b04eca97925f46,ATM-JCAM-4729,ATM,9953.98,2023-08-17 11:47:12.932157,24.147266,86.236938
8435c083-be1c-4117-b633-40feae2d2591,82952cb79d3f45d9,POS-YFRW-8852,POS,9953.98,2023-08-17 11:29:15.152070,23.905146,86.82041
b8cbead8-cb6a-447c-9a04-a78ca2c56f3e,8b4c144bb4ae4afc,ATM-ZSVA-8985,ATM,9953.98,2023-08-17 10:54:40.632507,19.044579,72.902083
b4bba33c-57ae-4723-9e43-d741fcff17eb,8edda279ba9e9ed1,ATM-ELSE-3130,ATM,14930.97,2023-08-17 11:34:29.179755,24.02797,86.744059
4c894a63-5099-47c6-9af7-05b0f7eadbb8,7dfe46ee8d6ea258,MIC-MWKT-2563,MICRO_ATM_CSP,14930.97,2023-08-17 11:01:29.565744,24.270415,86.334622
a7005920-5527-461b-a519-2fcfc4bc2ca0,6719077e3a6cd655,ATM-LVUN-0872,ATM,59723.88,2023-08-17 11:07:37.949317,23.97497,86.805967
a4c68a91-eb16-4837-a85d-1b71c6e5b192,febf24426daa34df,ATM-TQZD-4368,ATM,14930.97,2023-08-17 10:51:26.433879,19.075278,72.823454
618bbe98-9741-487e-9d47-987f53ec9dd0,d00466dba4ffcefe,ATM-QNVC-6744,ATM,14930.97,2023-08-17 11:42:28.933659,28.531871,77.442753
a0b9d210-8536-48aa-8be8-2bdd4d3e4df2,3fdb81fcdd99b495,MIC-VABE-9786,MICRO_ATM_CSP,14930.97,2023-08-17 11:03:41.974570,13.03114,80.292348
52368fc7-3c08-45bf-b96c-a19739166a9a,8b4c144bb4ae4afc,ATM-VUHW-4870,ATM,14930.97,2023-08-17 10:55:32.522834,19.117966,72.836207
68bd1b90-3273-4c87-95c6-3b58f6a59798,25b04eca97925f46,ATM-UITZ-5559,ATM,29861.94,2023-08-17 10:46:31.086415,24.205482,86.32584
218ade01-41d0-4429-92c6-a901a6c3aabb,cafd7e8e5e09f087,ATM-PUTH-3385,ATM,14930.97,2023-08-17 10:55:31.169205,24.274566,86.354794
4b02cee3-a9be-482b-bf31-8d4d9906fd97,f35940835bdb022f,ATM-AJIQ-7392,ATM,14930.97,2023-08-17 12:03:57.097138,24.301442,86.353591
5f74e2a8-5ab5-499d-a293-a3552d5c0320,6da47df28d1aad11,POS-AEHU-0038,POS,14930.97,2023-08-17 11:18:43.432397,30.877958,75.876869
f62f8be3-35b4-4ced-8e68-d9aa3fec5820,cafd7e8e5e09f087,MIC-VNWG-5540,MICRO_ATM_CSP,14930.97,2023-08-17 11:27:00.278203,24.185966,86.228415
7468a04d-1e35-4c64-9048-8275254f0ecb,a27b932eb377baae,POS-VGJJ-5886,POS,9953.98,2023-08-17 11:33:43.821241,23.909372,86.809658
f89c75fa-cf6c-48ed-be85-cb0f1df97bf0,cafd7e8e5e09f087,ATM-LCYP-0652,ATM,9953.98,2023-08-17 11:17:36.970777,24.180813,86.376457
7813cc1d-d1a4-489e-bfc3-0dc66dda3953,d9956ae44079537a,ATM-WEQC-7264,ATM,9953.98,2023-08-17 11:12:45.624775,30.900548,75.898496
449b1da4-9142-4c83-9694-63c687b804c3,ea1049248384ef38,ATM-ESIC-3804,ATM,234444.53,2023-07-01 19:16:05.041409,22.573618,88.369136
f2b2eda8-ba9b-41f3-a61c-ab0903ab6d2c,dbb971a3623d9970,ATM-WEXP-0528,ATM,37170.47,2023-09-20 08:01:28.833118,28.557999,77.325535
6695454b-2be3-408e-9c89-0b345c9320c7,40b46b1908cf6f3c,ATM-VIPP-4001,ATM,18585.23,2023-09-20 07:25:40.704964,24.186994,86.35033
b83f6bf8-bee7-4ea6-98dc-96fa37f100cf,2cea95cfb3bfcf81,ATM-GZEB-1352,ATM,18585.23,2023-09-20 07:21:10.612187,22.551745,88.356716
d6706b79-e491-4dea-a3f1-ff6b7ecfbe19,82040f84c6d17a60,ATM-ULQD-5187,ATM,24780.32,2023-09-20 07:43:57.483383,28.572266,77.374915
bdfa491c-4a7a-4711-9988-a7051a7599a8,e15635324afef7f6,MIC-ONNM-9971,MICRO_ATM_CSP,24780.32,2023-09-20 07:41:33.710564,28.532002,77.300782
934fafd0-39ed-490f-b440-efda64fa4cbc,2cea95cfb3bfcf81,MIC-OAMY-4383,MICRO_ATM_CSP,24780.32,2023-09-20 08:42:17.867518,22.492774,88.436291
6518c8b9-8401-4b29-8d1a-2a127894b0f7,82040f84c6d17a60,POS-YJEL-5876,POS,37170.47,2023-09-20 07:38:59.054787,28.509183,77.430277
846f36a2-e623-4c3b-8d3f-9f5c35e80d21,8595d99a4d487472,MIC-JOZI-4146,MICRO_ATM_CSP,18585.23,2023-09-20 07:21:01.487262,28.511868,77.382847
5d8af0dd-7051-4a05-b8c2-2798c4c66fa6,e15635324afef7f6,ATM-ZMCA-4230,ATM,18585.23,2023-09-20 07:46:00.389434,28.549019,77.399597
294af71c-b3c7-452d-9093-4d9711c25037,249a5fdb3aa3e639,ATM-CHKX-3453,ATM,153137.88,2023-02-21 18:06:15.302434,24.209608,86.319694
3d176ca7-66bf-4650-bbd9-81fd6462f531,c05a5b6ef117bd25,POS-FFXJ-5797,POS,62496.11,2023-07-03 18:25:52.996434,28.056631,77.006526
93e7663a-0270-4d02-a421-46dbac4e0d50,384f87a17f6c5ecd,MIC-CXSN-0822,MICRO_ATM_CSP,62496.11,2023-07-03 19:17:32.590566,13.018218,80.310582
d7baea5a-b406-404a-a9e2-9d0e6756f33e,384f87a17f6c5ecd,ATM-ZQOB-2453,ATM,124992.22,2023-07-03 18:32:44.682907,13.108099,80.27694
2f6fba25-b7e7-46c0-ac0b-1ea09d9d0489,2a7ffeb933dabef3,MIC-EYRV-3273,MICRO_ATM_CSP,41664.07,2023-07-03 18:52:29.523458,24.002435,86.726637
787963d4-9ae9-4fe4-beec-4c8b4d6e84aa,384f87a17f6c5ecd,ATM-LROU-3011,ATM,41664.07,2023-07-03 19:17:22.537516,13.099411,80.223906
b82945ed-c5b1-4c60-8de9-d754c9fef3b7,3fdb81fcdd99b495,MIC-PLSA-1516,MICRO_ATM_CSP,41664.07,2023-07-03 18:45:00.844742,13.07772,80.185917
a593faa6-c4d1-4e23-9546-855ca64e4bb9,cab96474e727e59c,ATM-JLXR-8277,ATM,48303.17,2023-11-24 02:58:42.423705,22.520783,88.38306
c0300abd-6167-469e-94b1-c7e40b8caafc,55b4926e5d4cc375,MIC-CRMZ-6381,MICRO_ATM_CSP,48303.17,2023-11-24 01:00:47.611900,23.967732,86.820915
440e516a-2b2c-4b93-9146-808d87abdf05,d327db90c3ad5ef6,ATM-KBWQ-0586,ATM,147099.43,2023-11-12 04:03:27.612921,30.891764,75.90156
9f7e7a8b-38b9-4e22-a2ba-ade032572834,fb68a7d30e7700c4,MIC-EHFB-5354,MICRO_ATM_CSP,147099.43,2023-11-12 05:04:12.147843,24.150005,86.308233
3c1e7f35-5a26-4c35-aa8e-420ff60bdcaa,25b04eca97925f46,MIC-NOWE-3258,MICRO_ATM_CSP,147099.43,2023-11-12 02:39:10.219668,24.223498,86.283581
d4ac34dc-2fce-4a18-947c-d57577dbad30,7a10f6d97500d049,ATM-UKUB-1060,ATM,9214.16,2023-02-11 02:04:13.060215,23.958276,86.735243
b9b38ee3-712e-4027-a2f4-0da8a98baf47,7fe57d0ff66463b7,POS-TKZU-8341,POS,9214.16,2023-02-11 01:17:37.569635,22.55223,88.322651
b69cc424-10bb-4e69-8dc6-aa804ee8a5d0,fbdf11c16c6f1158,MIC-TRHG-9242,MICRO_ATM_CSP,9214.16,2023-02-11 01:56:30.093325,28.495724,77.343642
7f6b729e-9d2e-416b-b70b-9e629065b79f,6719077e3a6cd655,ATM-SMYP-7520,ATM,9214.16,2023-02-11 01:48:39.695402,23.997343,86.816141
f73db503-e8e0-4f1c-899f-6779cb64f559,b54aa42950315b45,ATM-UVHD-3124,ATM,6142.77,2023-02-11 02:12:35.176709,30.874421,75.798963
c9b5d69f-b6bc-407f-9f71-0f31973afa5a,400a95ae23792cbd,ATM-JYWG-9910,ATM,6142.77,2023-02-11 01:30:08.927272,28.107339,77.050778
9023a1fb-405a-4cfd-a4e4-cf571451005a,294d95c2e507b44d,ATM-CLCB-7434,ATM,6142.77,2023-02-11 01:27:06.066488,30.909866,75.926733
828c17a4-82c8-4714-8002-f78b7f85aff6,7fe57d0ff66463b7,ATM-EAXK-3929,ATM,9214.16,2023-02-11 02:45:11.324393,22.521231,88.366213
b7e11e66-5083-4215-8612-52fff80f75b1,6877ffca8e5a30eb,MIC-EYVV-9746,MICRO_ATM_CSP,9214.16,2023-02-11 02:09:44.237165,24.207903,86.357587
cb0fa098-481f-491d-9ce7-db7e12969006,0c3bb40dc19d9219,ATM-FWSF-4294,ATM,23061.15,2023-10-05 03:58:39.639140,28.111729,76.963678
94e7d17d-5eba-4b16-9b9b-675edcde4088,cb9fa8bf15d4a4db,MIC-CFFQ-1176,MICRO_ATM_CSP,23061.15,2023-10-05 03:32:29.635903,24.158126,86.302833
50fffeff-cf6b-47ac-958c-8dcacaad4bb8,55b4926e5d4cc375,MIC-KWEL-7282,MICRO_ATM_CSP,15374.1,2023-10-05 03:49:15.524911,24.015967,86.850543
bd40d522-230a-4910-a064-41ee30d4176d,87cc051ae08428cf,ATM-JIDB-2778,ATM,15374.1,2023-10-05 03:33:17.844206,24.2304,86.31654
c7272d6d-3285-4296-a5d8-0e95bcc9d84a,6c95e9c4a0ba9faa,MIC-AKIB-1505,MICRO_ATM_CSP,15374.1,2023-10-05 03:55:48.853191,24.085478,86.786189
feda0318-dce6-4122-bfad-386c24e6001e,e5f265e3ef332cfc,ATM-HXNS-2298,ATM,23061.15,2023-10-05 03:33:28.055942,13.077075,80.211873
b5fe0db2-3cd3-41df-a7c9-b129ceb49f6d,cb9fa8bf15d4a4db,ATM-ZGVU-6477,ATM,23061.15,2023-10-05 03:36:43.236001,24.234453,86.277472
c3f29edf-b2e9-402c-a1f2-6d5d11be3914,45d630ed37506629,ATM-TNRT-4093,ATM,32456.01,2023-10-18 18:22:35.975962,22.571441,88.247154
11f6c1b2-e792-4d0a-96c7-4419b2c8f4fd,578ffffe9f15f020,MIC-HQQT-1958,MICRO_ATM_CSP,32456.01,2023-10-18 17:30:51.142317,19.05644,72.918065
0732bc9f-eed3-4c00-8219-ec2967c69f64,6e54222dc745323c,MIC-SHUR-4693,MICRO_ATM_CSP,32456.01,2023-10-18 17:51:57.446532,22.556702,88.351155
3626fb60-2f27-4811-9de3-14b13b7fc71e,0f1ad65543378e63,ATM-WSFL-1648,ATM,48684.02,2023-10-18 17:53:23.368498,22.537551,88.41384
1889d45b-c715-4552-9ace-dfd00e5086c8,10d88bee675e95d1,MIC-NLWF-4445,MICRO_ATM_CSP,48684.02,2023-10-18 17:30:22.115298,24.214868,86.301619
c5fcf7fe-5d59-4084-8651-c9fd6bc85248,308677e52b368b05,POS-XPIK-5522,POS,48684.01,2023-10-18 17:55:33.191422,19.147901,72.830695
dd7faee7-bc13-438d-b933-8f5d9bfda38f,76e37cd876827e1a,ATM-RYCG-8733,ATM,48684.01,2023-10-18 17:24:22.244496,28.130688,77.024288
da52d410-8b03-4415-b9f0-615b243ca5ae,a40844e151329aea,ATM-RKYV-6173,ATM,97368.03,2023-10-18 17:56:22.017290,24.1124,86.32779
48f2702f-df0f-46a7-87f3-82ebe9a4eabb,fc8676e6a3807581,MIC-GQBW-9491,MICRO_ATM_CSP,2479.19,2023-01-16 12:34:03.794551,19.089964,72.940608
9c46fd5b-847f-43b4-bddc-e504b0873ad1,87cc051ae08428cf,ATM-OTAU-7397,ATM,2479.19,2023-01-16 13:41:45.238934,24.178026,86.33173
a4b92009-69e0-45f0-9404-25410d5a8a91,5740c30c9a2b3355,POS-XHHQ-6605,POS,2479.19,2023-01-16 12:44:45.057687,13.035432,80.149223
a1addc99-7311-405e-8e1a-0ee412cabf9f,087d1b274c895998,ATM-ZMFP-2929,ATM,3532.84,2023-01-16 12:52:01.665838,22.47936,88.363114
86414372-c834-4f5c-8936-f8fc861eb3b7,15bc62bab6812a87,ATM-SGEA-9194,ATM,3532.84,2023-01-16 13:56:30.689884,22.585794,88.368726
45b7b883-ff9b-4e12-ae15-2ecfcec175cc,6da47df28d1aad11,MIC-HTDK-9526,MICRO_ATM_CSP,62934.72,2023-04-10 10:18:05.804229,30.820297,75.863069
a1496d4b-661b-4180-9d6e-d1b5dbccdf04,3c231657faa5d04d,ATM-DYBF-4955,ATM,62934.72,2023-04-10 10:11:55.724248,28.455171,77.344956
dfc8e10e-3c6c-4ac7-b580-80fcc8c1b29c,30bc88d810aef42b,MIC-NGPW-1174,MICRO_ATM_CSP,62934.72,2023-04-10 10:10:35.714343,28.396421,77.396932
741e0dd7-7c78-4d46-9518-76da2d695abe,a1c22d172367ec5f,MIC-CMQW-0566,MICRO_ATM_CSP,94402.08,2023-04-10 10:06:21.324165,22.623508,88.416202
aa4d925a-7be1-4d7e-b07a-fdced9c72d17,6da47df28d1aad11,ATM-DJGQ-7842,ATM,94402.08,2023-04-10 12:21:04.682267,30.896021,75.84041
a616aba4-90a8-41c1-b980-7bc109b81808,b40cfec92900ce51,ATM-MEWJ-6600,ATM,23668.93,2023-07-25 13:45:15.228355,24.252211,86.218952
2c310eaa-4d73-4f89-bf46-a589513f3c28,05e58b535004d596,MIC-WFOF-8118,MICRO_ATM_CSP,23668.93,2023-07-25 13:47:20.967076,13.060113,80.282098
88257dc6-9149-4de2-a110-07bdcfcba9da,3fdb81fcdd99b495,MIC-YOIQ-2771,MICRO_ATM_CSP,23668.93,2023-07-25 13:54:02.247541,13.018115,80.284806
11135dac-2b90-4360-a2b9-c40a2c06b49a,b92b6e9f899d8fd9,ATM-LFDH-9505,ATM,23668.93,2023-07-25 14:13:18.892130,22.534911,88.402155
82e3e4d0-b4f2-42a7-8c6e-c85b5aa6d5ee,b2e3e791ec389fae,ATM-GQLJ-7227,ATM,23668.93,2023-07-25 13:29:55.040166,24.008503,86.774205
b24fa152-b3e8-4504-b980-961426856f6c,c05a5b6ef117bd25,ATM-GPBL-5533,ATM,23668.93,2023-07-25 14:16:45.740637,28.138438,77.084614
73b9e750-d4b6-4194-8de7-98a5b2ac98e4,90ccc2d3d41485de,ATM-VZDR-0283,ATM,17751.7,2023-07-25 14:58:51.647661,28.07942,77.145625
223839d4-d732-4a08-8ec9-d5e0144d9f5e,e41466061105f4e8,MIC-YZAB-8701,MICRO_ATM_CSP,17751.7,2023-07-25 13:56:37.243866,30.861449,75.873106
8fd6512b-4637-4d1d-9604-8d400480c8e6,96739c6dc7f02b5f,MIC-SFMD-4271,MICRO_ATM_CSP,11834.47,2023-07-25 14:09:47.107121,31.007301,75.859579
cd74d5fd-1311-4a2a-a4ca-6ebf72844517,b2e3e791ec389fae,MIC-FYXV-3655,MICRO_ATM_CSP,11834.47,2023-07-25 13:45:00.041236,23.951506,86.858001
1b659763-f657-4ac2-b235-1d404a9a3140,8687a4cc583aa0ae,MIC-ASUJ-1352,MICRO_ATM_CSP,11834.47,2023-07-25 13:55:47.220496,24.231272,86.281944
144228fd-061b-4643-a906-2f29287ce4cf,73c1232d5b4b4de7,ATM-TGBX-8601,ATM,7889.65,2023-07-25 14:07:37.402102,18.983981,72.87314
fd8b62cd-4b74-45fa-9253-754ceb491ab9,1b753779d07e2b97,ATM-TBEK-0180,ATM,7889.65,2023-07-25 13:51:53.854866,28.542188,77.433811
f47736c4-9a60-4757-8d3a-89b6322abc07,ee953cbc6fe1c738,MIC-CITG-8486,MICRO_ATM_CSP,7889.65,2023-07-25 14:11:16.323287,30.921595,75.841023
5c8821bf-c84e-4950-9f5c-01bc6e560345,2cea95cfb3bfcf81,ATM-TNWG-6019,ATM,23668.94,2023-07-25 14:28:58.114692,22.584004,88.28459
b9fef7a0-e915-41c7-8767-f049523bbad6,e09de44b287780d9,ATM-KCGY-8509,ATM,11834.47,2023-07-25 14:16:05.254516,30.908592,75.873274
cd6d3aef-7284-4f93-a618-2131b90a567b,76b7a36222fb4dbf,ATM-WNWR-3924,ATM,11834.47,2023-07-25 14:02:44.962600,28.096727,77.037692
84610536-1d80-4170-a61f-12d5edc6fa06,4ea91a930097779c,ATM-HRVF-6535,ATM,100793.5,2023-05-05 16:54:43.309911,24.224094,86.334692
3a1b9d56-40a9-400f-9cce-d342807e5a63,c3f72c30b76aac18,ATM-QEAP-5932,ATM,100793.5,2023-05-05 16:44:56.179935,28.511399,77.462602
8c591580-d4db-4c9a-ba84-4dd139511afd,f6b2ba68fde1e997,ATM-HHYU-2924,ATM,100793.5,2023-05-05 16:45:22.895290,22.570798,88.351653
ec9ceab1-5bc7-4cd4-b364-f5eaa0e5add8,2a17b5795aadef18,ATM-FMPP-0006,ATM,95946.17,2023-02-27 05:54:24.696356,23.942853,86.849072
93da09ac-6eb2-4594-a29f-3ff4011253d3,a069a748d2be8bed,POS-UTTD-5154,POS,95946.17,2023-02-27 05:25:05.094169,22.508785,88.339688
796355d2-9699-4a50-a726-865ed62d8932,2647f966c1839f83,POS-KPSR-4262,POS,4769.38,2023-01-23 12:26:47.308856,28.090659,77.015294
e2555480-cb91-4900-bac1-d7a9880a028e,2cea95cfb3bfcf81,ATM-UPEK-1559,ATM,4769.38,2023-01-23 12:22:18.414491,22.534126,88.521835
ae20bc31-40f4-4c69-aafd-aa4bdd476bed,0f3e1c23ab2acd64,ATM-EPHM-7249,ATM,4769.38,2023-01-23 13:06:38.692310,19.142397,72.96094
778ee780-725b-44b1-b4bc-eb1155b97c46,a40844e151329aea,ATM-VNLZ-9936,ATM,4769.38,2023-01-23 12:31:11.790832,24.201241,86.355114
cc508da4-0064-487e-bda1-5b5e7be68bf3,6da47df28d1aad11,ATM-RIIN-4616,ATM,4769.38,2023-01-23 12:56:25.168021,30.861206,75.827782
ccafa329-63b0-451d-b80b-5ed4ef643d2d,b54aa42950315b45,ATM-EADO-7859,ATM,4769.38,2023-01-23 12:50:06.063681,30.837893,75.860174
dc96e3cf-c8b1-46bb-85f5-26d0cdfe17c5,b54aa42950315b45,POS-YEPH-1056,POS,14308.15,2023-01-23 12:32:32.768103,30.869772,75.911202
cb0e3b94-29df-4909-a3e0-a1f20ceac93d,8595d99a4d487472,POS-ONUS-2795,POS,7154.07,2023-01-23 12:54:34.369693,28.581152,77.385837
48022649-8f0c-4a5f-9f56-d6f8bea14f37,0c7d0bd91be18aaf,MIC-ISWJ-4192,MICRO_ATM_CSP,7154.07,2023-01-23 12:29:26.461871,28.136369,76.995786
f431e9a4-3ccc-44ca-b025-a6bfb4ebe5f9,c00017baec900020,ATM-OTCI-6463,ATM,8789.52,2023-11-13 02:15:55.485389,24.23281,86.403069
91b97b8e-6361-4514-b300-09527eea0a41,9c39fecd110d5cad,MIC-YZJD-6563,MICRO_ATM_CSP,8789.52,2023-11-13 02:11:50.969524,13.13832,80.327927
d5d9394b-2bb6-4074-a6e1-962bec48d18b,c05a5b6ef117bd25,ATM-VBTZ-7728,ATM,8789.52,2023-11-13 02:07:54.810005,28.086742,76.965108
9376a355-0e70-46e2-a61e-cd15c9fec486,6da47df28d1aad11,ATM-PTEG-0172,ATM,26368.56,2023-11-13 02:55:55.580400,30.897188,75.869585
a1a1414d-f9d1-4cbf-97de-627e03b8e658,6da47df28d1aad11,ATM-FDIX-3254,ATM,17579.05,2023-11-13 02:50:38.990240,30.862822,75.935464
f085f467-12a2-4b0b-a095-eb251592d9a8,c6add401e808d068,ATM-KHGT-5409,ATM,5859.68,2023-11-13 02:25:00.788087,28.531472,77.498876
ce49808d-4719-4fb4-9459-eae504c655b0,83537c7c9fe41c3e,MIC-OVSV-7820,MICRO_ATM_CSP,5859.68,2023-11-13 02:09:03.277115,23.945983,86.82644
d4f4c42d-6bf2-4d3e-85f0-4ea52a19d687,6da47df28d1aad11,ATM-HVXA-0427,ATM,5859.68,2023-11-13 02:30:25.921154,30.856083,75.902601
8ffc87e3-307d-4438-b3fb-d94c56c24d30,55a08fadaa1a3e1a,POS-CIDJ-5465,POS,8789.52,2023-11-13 02:43:11.665784,28.148569,76.96572
88e6c1c2-6416-4966-b191-8c8da71ca250,faa390f0cabf520b,MIC-ZOVI-9045,MICRO_ATM_CSP,8789.52,2023-11-13 02:42:17.537974,28.547416,77.414407
efc3f7b3-8ee2-4806-b8f5-4ef91ff94a1a,8c8e8c2707466b4c,ATM-VAYP-4993,ATM,11719.36,2023-11-13 02:46:20.204556,24.228068,86.389318
710b1785-d74c-46b7-a7bf-832ad3b04b3c,a51df696101acc29,ATM-BMNJ-7139,ATM,11719.36,2023-11-13 03:27:37.988128,13.19851,80.282241
ec29b9f5-821b-481f-bc71-82725e35e0bf,131a7708363db506,ATM-EFLI-0422,ATM,11719.36,2023-11-13 02:47:24.945711,22.62599,88.336479
0996cebc-c7ed-4255-9d40-59a0d2588e66,5f314f6228b18b11,ATM-LALM-4153,ATM,17579.04,2023-11-13 02:40:25.788516,24.290058,86.291043
725058b4-3960-41d2-9172-7266c7571a1d,c00017baec900020,ATM-JNFI-8063,ATM,17579.04,2023-11-13 02:10:00.127338,24.221855,86.30077
219ecf91-c101-4e9e-814c-394cad6aa137,0004a1a3a12705a4,MIC-MZSM-9621,MICRO_ATM_CSP,35158.08,2023-11-13 02:09:58.209110,19.138959,72.795302
085db284-7d46-4e8a-acc0-61aebeb9db9e,0bd8573ba3901c0d,ATM-ROWI-7957,ATM,14493.64,2023-04-29 15:40:49.914002,30.883433,75.959866
08ed75fa-c13d-40ac-ae1f-7b322781cb7f,6877ffca8e5a30eb,ATM-PIOH-8983,ATM,14493.64,2023-04-29 15:55:43.833312,24.237739,86.288545
dfd86f5d-4550-43e1-a56a-338660937be2,0f8ee466d63c1e84,MIC-WIYY-5108,MICRO_ATM_CSP,28987.28,2023-04-29 16:05:14.613733,28.070333,76.989737
aa27a868-7af8-41ac-8920-ef38ab9121e6,07e0cebd234c62cb,MIC-GYQC-4086,MICRO_ATM_CSP,9662.43,2023-04-29 15:38:07.800408,24.276121,86.385124
63851d3e-b6f8-47ae-a55a-553d2cb23e86,523725b9cd46e00b,POS-EJEZ-4943,POS,9662.43,2023-04-29 15:30:24.199327,28.102426,77.086981
d69a8cb1-ee16-457b-90f4-06666ce3d530,6877ffca8e5a30eb,ATM-MAOM-5716,ATM,9662.43,2023-04-29 16:16:41.516685,24.155684,86.325866
30e1cb13-1d1d-436e-a85d-02fa6d923aed,670cc11c904cb688,MIC-EHJT-6492,MICRO_ATM_CSP,86961.84,2023-04-29 15:53:28.956708,24.155234,86.319397
c674051f-625f-46c4-9c88-996c7edf93ff,5590915cce31e2d6,ATM-VFYN-3481,ATM,14493.64,2023-04-29 15:26:47.715801,23.981601,86.829865
9532d949-c0c0-4638-9dbd-e04ed498790f,cab96474e727e59c,ATM-NMDC-6337,ATM,14493.64,2023-04-29 16:04:10.441447,22.639472,88.345274
10ff3126-ea17-4026-9d77-bf11efd10d63,10391296d265566e,MIC-VJQN-9369,MICRO_ATM_CSP,28987.28,2023-04-29 15:42:07.815951,28.135904,77.058755
1131890a-772c-4360-b574-8c702bb6cf42,3963b6f6f79dd7db,ATM-NTRX-0046,ATM,14493.64,2023-04-29 15:38:52.749618,28.071072,77.016061
7998c1ef-ad93-4020-97d3-a19e2df72f5d,9fb71d78ccc4f2b1,POS-ODIT-2128,POS,14493.64,2023-04-29 15:41:14.901540,28.532574,77.48111
f7ddeff6-7a49-4f40-ad6b-3e9540804363,69ba46e56681a663,MIC-YYPE-3694,MICRO_ATM_CSP,28148.73,2023-06-18 10:02:15.003294,23.986388,86.766081
134cec31-c1a7-477f-bc81-87fa745b8aec,9fd752d9d0ccdbb9,POS-LAHC-4173,POS,28148.73,2023-06-18 09:17:01.772861,24.044995,86.845771
75b8f5ae-d6fc-4174-b799-e97efcab4569,15bc62bab6812a87,ATM-SYUX-5489,ATM,56297.46,2023-06-18 09:05:39.330772,22.518397,88.328933
611fd47a-5d57-4089-b2df-c9d1317b55dd,8e9be22c03d9e1cb,ATM-UENO-8509,ATM,18765.82,2023-06-18 09:11:14.120397,28.135325,77.083131
2ea06042-8a0c-4985-8929-80f34e684adc,8e9be22c03d9e1cb,ATM-WQHN-7421,ATM,9382.91,2023-06-18 08:44:34.182154,28.077649,76.963376
75569253-24e8-4825-99d8-50dcf6827d33,7fe57d0ff66463b7,ATM-GTJW-0187,ATM,9382.91,2023-06-18 08:42:29.327731,22.62011,88.414379
017463e0-4f9b-4079-b9cd-a6c1ad4099e3,e80ae379760509e4,ATM-HPMF-8188,ATM,18765.82,2023-06-18 08:55:07.911291,13.073229,80.226588
135a0293-6369-40ec-9771-0f4516eb90b1,91b86f426cd2cf59,MIC-GSMH-2927,MICRO_ATM_CSP,56297.46,2023-06-18 09:07:17.638851,28.510543,77.487065
7bfcd4ef-4e07-4ee2-96e3-7f957a92e50b,2647f966c1839f83,MIC-DRDZ-7290,MICRO_ATM_CSP,56297.46,2023-06-18 08:44:59.455524,28.220223,77.056104
e635bccd-7aa1-46e2-b5cd-949aee998d53,e80ae379760509e4,POS-DGPL-5294,POS,56297.46,2023-06-18 08:35:02.300868,13.112324,80.262179
a87728c1-1767-4065-b121-9d238f3a0611,044beed55d80dc2b,MIC-KEIH-5735,MICRO_ATM_CSP,12517.56,2023-02-12 08:13:07.174278,24.124971,86.301457
1b75dc75-735e-40a7-b533-7eac88ee66c8,6719077e3a6cd655,MIC-NSUC-3152,MICRO_ATM_CSP,4172.52,2023-02-12 07:03:43.515276,24.050337,86.755583
38732a0f-863b-4fec-8173-388778f6eeb5,0c3bb40dc19d9219,MIC-TJNP-3021,MICRO_ATM_CSP,4172.52,2023-02-12 07:38:41.715443,28.14572,77.023292
f76efc4d-ab17-447a-bb89-53263c3ee5de,fbdf11c16c6f1158,ATM-CBTD-0164,ATM,4172.52,2023-02-12 07:26:59.395051,28.506304,77.393457
12d7ce2c-6508-476b-a6fb-906d4b7ff4ec,3d2337c8db88cc60,MIC-MYAX-1266,MICRO_ATM_CSP,12517.56,2023-02-12 07:07:53.643191,28.115361,76.913968
8e178cf5-890f-4a8c-9e7b-b10a1e3d3a3b,3130a23abd9e06eb,ATM-LQWQ-2708,ATM,9388.17,2023-02-12 07:35:55.961564,28.493379,77.368842
eb038342-dfcb-4cc3-a56b-7e45f4adb400,f716e35638c3dd12,MIC-PWMX-8249,MICRO_ATM_CSP,9388.17,2023-02-12 07:27:06.925819,22.643839,88.475445
71e3c73d-6acb-4a95-9606-f2a297660500,a624ff50d385a48f,ATM-YKVW-9975,ATM,9388.17,2023-02-12 07:54:48.996725,28.465416,77.431105
09441db8-0d43-4e2f-9484-b2a7f34e91c5,6719077e3a6cd655,ATM-NLBB-9151,ATM,9388.17,2023-02-12 07:30:44.588536,23.88389,86.911318
b18e5ad8-ddd9-42f1-b69a-1d603cf64165,6719077e3a6cd655,ATM-LBAY-9941,ATM,4172.52,2023-02-12 07:28:37.197823,23.977509,86.803899
6fc7437f-e4a9-42a0-af3c-2b9f4f540615,800f97ed69d44439,ATM-UITQ-0434,ATM,4172.52,2023-02-12 09:35:03.969363,28.090439,77.008435
a1460e25-de65-4bcb-a0c7-65b3af0bbed0,d95d8cbc786fbe44,ATM-TKLS-7213,ATM,8345.04,2023-02-12 06:47:04.951705,30.864544,75.840794
aedce7f0-6637-4cc9-90c4-78045c2ecd05,9161da7be526b717,ATM-SLJP-3547,ATM,4172.52,2023-02-12 07:12:43.689236,24.136885,86.328149
c63e4559-ae89-4d79-b966-2e053710505f,6719077e3a6cd655,POS-LYKC-6643,POS,4172.52,2023-02-12 07:32:55.452700,23.937256,86.819855
aab52f52-8a33-4f29-a100-8d039395c0b6,38a341c387bf6b0b,ATM-SROG-6543,ATM,4172.52,2023-02-12 07:00:09.180903,28.176331,77.042746
fb7b2af3-4c2a-4892-9cc9-229758941c10,2cea95cfb3bfcf81,MIC-PLEP-9855,MICRO_ATM_CSP,4172.52,2023-02-12 06:50:20.450081,22.528573,88.391495
8af7454d-4a20-43b4-8c92-8eaf0ae4407a,c05a5b6ef117bd25,MIC-YBIS-0222,MICRO_ATM_CSP,4172.52,2023-02-12 06:55:12.090586,28.121774,76.912186
0f703509-5288-423d-a88b-cd247358c780,151d8260d0e8560e,ATM-BSOC-9353,ATM,12517.56,2023-02-12 07:21:41.342348,28.564255,77.392421
508dc803-22b6-4826-98fc-540f2ac0c9ea,ce42adff5fb0bcc0,ATM-XQRK-9253,ATM,6258.78,2023-02-12 07:27:32.846861,24.169719,86.33656
59b4aac4-307d-449f-912a-0ce76a48c345,1b6df1573ac24ffc,MIC-JZGK-7904,MICRO_ATM_CSP,6258.78,2023-02-12 07:11:41.380842,30.863038,75.886615
2413adbe-53bf-4326-bc06-ac56f7800329,a624ff50d385a48f,ATM-WJXZ-4553,ATM,4172.52,2023-02-12 07:07:22.658738,28.601374,77.33835
36ed5866-0c02-44c4-aea5-90853f2182bc,f716e35638c3dd12,ATM-XKCP-4993,ATM,4172.52,2023-02-12 07:01:40.759692,22.59917,88.238955
9cb37127-c946-4732-880b-c7fdfeef1917,bda9d41fa5c88946,MIC-UOQE-8565,MICRO_ATM_CSP,4172.52,2023-02-12 07:14:49.412899,24.18756,86.312713
e5b63c74-de44-4bb6-bc9e-414a1593a465,bcb12092e26eaceb,ATM-BQEK-4010,ATM,84554.54,2023-03-31 02:02:31.210221,19.025554,72.919732
abf1c159-01b8-4ad3-a4a7-d1e444cfeb38,178450fb5c068e0f,ATM-XVON-2893,ATM,84554.54,2023-03-31 01:46:21.329715,30.828001,75.876406
3712835e-7f91-41da-9eb5-3893111ee211,25b04eca97925f46,ATM-RWLU-2774,ATM,144620.06,2023-04-07 10:50:31.743403,24.129448,86.402821
506a4852-835b-490e-906f-30afd820a7cd,a8db324facfdb708,MIC-RMAZ-0884,MICRO_ATM_CSP,144620.06,2023-04-07 09:56:42.683756,28.581097,77.292855
90ece244-edc6-4595-96bb-318be47a2149,110ff49da0eee279,ATM-RPMI-8947,ATM,15740.86,2023-02-01 15:16:02.884271,28.063507,77.134148
078baf78-27b8-4757-98f9-f392bfe679ca,6da47df28d1aad11,ATM-UHUF-3829,ATM,15740.86,2023-02-01 15:41:08.209885,30.782548,75.896038
0b98e1dc-bcc5-4238-a3fc-79a28ec4571f,91ff603347d3f90a,ATM-PONO-0776,ATM,15740.86,2023-02-01 15:06:55.496975,28.209682,76.953316
7da6858d-cb40-4dff-8f09-7fa577dc77cd,577744147cf6f197,ATM-ALWK-9381,ATM,47222.59,2023-02-01 15:12:20.439831,22.629257,88.367091
d2ec6e54-33f4-4af7-b613-e5f173142fd1,9ee7cac59a162040,MIC-IPAN-1521,MICRO_ATM_CSP,10649.89,2023-05-10 04:12:39.600244,23.96732,86.847674
25276a1b-88bb-4ef6-9cfc-248aa4358eab,095c1c65e3981f27,ATM-GJSF-5306,ATM,10649.89,2023-05-10 04:31:54.217223,24.028767,86.88791
affcea7c-bcfa-45f4-b07f-c14ee6531176,99a3e1da6dbb6224,ATM-VIPX-8093,ATM,57757.24,2023-07-22 09:47:21.004312,13.088143,80.298171
85c5e65a-0c43-45a3-b3f7-1b6afa8c29a7,a277552d9784086a,ATM-WIHW-5955,ATM,57757.24,2023-07-22 10:29:39.663040,24.0572,86.79303
41628155-12c0-4117-b682-f51d91d5ff31,5388feb4869a504b,ATM-EEOH-4420,ATM,65204.06,2023-02-10 13:05:24.252861,23.930487,86.816616
e6ff730c-9323-495b-9a20-9db19459954f,f8e2a6843d0b843b,MIC-ADGL-5830,MICRO_ATM_CSP,65204.06,2023-02-10 13:00:12.369652,30.810064,75.848701
7f853d26-5876-4f3e-857a-b73d1186dc44,f72723c2288b7429,ATM-OBAJ-4801,ATM,65204.06,2023-02-10 12:41:40.532689,24.158441,86.315728
922eec79-358d-4857-bc61-662195aaab24,bdb8bd7283b2a364,ATM-XBER-5659,ATM,65204.06,2023-02-10 14:26:05.395644,22.579915,88.353967
9e1e3ec8-8b26-4f04-97dd-6e7e10d48fc5,96ee3133eae53f34,ATM-SJPM-6003,ATM,65204.06,2023-02-10 12:54:03.326938,28.591848,77.308856
e0610a1a-ddf9-461d-9b86-6466a14c6e11,7a10f6d97500d049,ATM-AJKF-5083,ATM,65204.06,2023-02-10 12:47:19.167264,23.903063,86.802079
25834d9e-d4fa-4af3-8597-d9efb6ac0485,ae35003a1df2f0e2,ATM-TPRH-2205,ATM,30698.76,2023-12-18 23:27:43.965580,28.483795,77.417805
a701cbc4-fcf5-4273-b487-a2e2e82f86e3,757013409a1de55b,ATM-LKIS-5298,ATM,30698.76,2023-12-18 23:16:33.861201,19.093834,72.909946
2e36a0ac-c9ca-4683-b108-563eb060d3e9,e3af0705ba5a43fa,ATM-QKQV-6457,ATM,30164.24,2023-04-04 08:20:55.246072,12.972139,80.280114
77e3a63f-6df0-4602-b5f1-9d73438633a6,fad5cbcf2a4d463c,ATM-ZASP-1788,ATM,30164.24,2023-04-04 08:28:18.690992,30.842023,75.892533
5bcbd940-b278-4646-86f7-b9a9345d69b1,07e0cebd234c62cb,ATM-OSIX-2522,ATM,60328.49,2023-04-04 08:19:08.744047,24.259729,86.350828
7e084a95-8ce1-4aed-9111-36666bdaa16d,15bc62bab6812a87,ATM-DPBF-9056,ATM,13406.33,2023-04-04 09:46:42.027282,22.497595,88.341845
1c0fcc0a-772d-45c4-b8e5-b09f7aed3193,6da47df28d1aad11,ATM-XCKA-5170,ATM,13406.33,2023-04-04 08:12:27.422635,30.824224,75.878922
7cdc323f-f08f-44eb-8c50-d9c7c9af398a,d3e3dc428f4f7211,MIC-FUIU-9888,MICRO_ATM_CSP,13406.33,2023-04-04 08:23:57.017511,23.965701,86.863163
9cad863b-19d9-4463-b5bb-69f9792f4b0e,e5f265e3ef332cfc,MIC-AWUV-9429,MICRO_ATM_CSP,20109.5,2023-04-04 08:34:01.746788,13.091694,80.251197
c6f869e0-8c7a-4c4f-8200-fa9689f52e1a,fad5cbcf2a4d463c,MIC-IGVD-8040,MICRO_ATM_CSP,20109.5,2023-04-04 08:32:05.302433,30.834888,75.813294
da5b4d06-1d60-4ef2-99d2-9133f0477e19,e5f265e3ef332cfc,ATM-KOZK-7438,ATM,20109.5,2023-04-04 09:15:56.076373,13.130982,80.203765
fee086cb-ef5f-4d6d-a174-7277989d15d4,cb9fa8bf15d4a4db,MIC-VDXT-0490,MICRO_ATM_CSP,20109.5,2023-04-04 08:04:53.884273,24.191653,86.292749
e8252422-02f5-40c5-900e-2db46fbe9d38,25b04eca97925f46,MIC-MBEL-2748,MICRO_ATM_CSP,65094.65,2023-10-01 09:53:04.617245,24.222614,86.225582
8febeba0-ccad-4530-802b-325dd1f504dd,82952cb79d3f45d9,ATM-YRUH-2508,ATM,65094.65,2023-10-01 10:09:23.552021,23.967435,86.810184
57106a39-50eb-49cd-889b-f94900d875f2,ad5fe18df494f9d9,ATM-JUDQ-3419,ATM,65094.65,2023-10-01 11:03:04.852303,13.025699,80.231016
f6087762-08fd-49ca-a03a-b1957dc13462,2647f966c1839f83,MIC-GQUW-4391,MICRO_ATM_CSP,65094.65,2023-10-01 10:02:15.707253,28.114406,77.024452
6ba0cc87-23ba-4b7a-a9c2-353fe7e694ab,0f39aa3b13e7e3c0,ATM-DRBT-7459,ATM,15737.48,2023-03-14 14:24:48.932872,30.95139,75.905265
d366719e-79a6-4683-a4ea-d53f346acbf8,d327db90c3ad5ef6,ATM-WMUF-5697,ATM,15737.48,2023-03-14 14:23:57.809743,30.960125,75.913095
79e5faf6-c043-40db-99bd-79debfcc6aa3,186923cec964032c,ATM-MMBJ-9555,ATM,196426.74,2023-09-04 18:56:12.155447,24.142319,86.309699
f7e99812-1528-40a0-9634-316a6956876b,25b04eca97925f46,ATM-RLKK-4888,ATM,120565.65,2023-06-23 16:30:28.803274,24.232048,86.248976
fd31cd9f-22f4-496c-84c3-299b97f3f1e4,a27b932eb377baae,ATM-TJIQ-1083,ATM,60282.83,2023-06-23 16:42:41.106273,23.964956,86.789895
78752470-13b9-4273-977c-12c31988c6b2,488c8c92e7abac83,ATM-LXMF-4020,ATM,20094.28,2023-06-23 16:40:30.293133,28.587523,77.448952
45d83ed8-bf12-4a4c-a14b-822c28aeae47,9ad82182ead0fba7,ATM-WKQA-3671,ATM,20094.28,2023-06-23 17:06:35.006173,28.476197,77.35862
4b460824-ca63-4040-896e-41fa3cc686f6,7dfe46ee8d6ea258,MIC-ERLP-0093,MICRO_ATM_CSP,20094.28,2023-06-23 17:06:50.813484,24.195144,86.358011
aea5302d-3ffa-4085-83d7-93c0b11cb97d,2a5119a5778f8fb7,ATM-VIOI-8221,ATM,5034.33,2023-03-17 17:48:46.876636,28.524204,77.401619
9c3ee102-4369-4890-83e7-be3a9591bca0,38a341c387bf6b0b,ATM-SCBA-8036,ATM,5034.33,2023-03-17 18:05:46.194384,28.101312,76.941019
0751276f-ecc9-4e26-91fd-2d19b9ed10e7,ea1049248384ef38,MIC-OJQH-5856,MICRO_ATM_CSP,5034.33,2023-03-17 17:15:28.539448,22.564125,88.29045
9c3eb82a-65da-4d0d-856f-409f41f43309,9dbe3525d7d0e203,ATM-QAJL-1684,ATM,5034.33,2023-03-17 17:20:53.968458,24.180917,86.350813
44cf6b19-ca0b-4c23-b264-d504b28c727c,f8f70366a172abf6,ATM-OCGA-2595,ATM,5034.33,2023-03-17 17:14:12.148181,19.089001,72.829681
f7c41f59-9f7c-4b89-9b03-03be80d3da47,2cea95cfb3bfcf81,MIC-AWTP-9558,MICRO_ATM_CSP,5034.33,2023-03-17 17:17:15.665980,22.589548,88.329457
e2ab6964-8d69-4bdc-b1c3-29ef03322d10,c05a5b6ef117bd25,ATM-BFSG-3766,ATM,7551.5,2023-03-17 17:31:52.666721,28.095934,77.096828
2a8fad5b-2158-4b7b-b2a1-532b7dfcb728,25b04eca97925f46,ATM-HQBH-8662,ATM,7551.5,2023-03-17 17:15:56.607577,24.184366,86.323973
89301d10-18e7-49c3-8291-065f3b896754,6da47df28d1aad11,ATM-JAUZ-7691,ATM,15103.0,2023-03-17 17:14:15.440041,30.920715,75.80129
c598ad78-6bf8-4d1d-a078-ae1512095ca9,25b04eca97925f46,MIC-LGBZ-7338,MICRO_ATM_CSP,30205.99,2023-03-17 17:23:49.948840,24.171536,86.329443
d71f0b37-892d-4d31-b44a-cdd29d49e0c3,a40844e151329aea,ATM-DWQF-8632,ATM,15103.0,2023-03-17 17:31:02.777106,24.177801,86.20871
ba44c025-714c-4afc-9df8-a4cb0dc99782,6719077e3a6cd655,MIC-TDEI-7755,MICRO_ATM_CSP,15103.0,2023-03-17 18:01:13.106765,23.985533,86.766625
49c4f6a2-c776-4dd3-ac1c-249986b9b9dc,6719077e3a6cd655,ATM-WLBJ-4650,ATM,10068.66,2023-03-17 20:23:58.891480,23.993964,86.827919
ffe31f62-82b8-477e-96fe-1fb0dd126f56,3595b10f9139f7f5,ATM-FXDZ-6136,ATM,10068.66,2023-03-17 17:51:52.394959,28.499814,77.377494
7b71b577-2eae-49f6-9082-c6345111b3f5,3409e9d07e07a0ea,MIC-DAHD-3118,MICRO_ATM_CSP,10068.66,2023-03-17 18:31:10.540760,19.072419,72.8483
2af6851f-98e4-45e8-be7b-c37cce8fe366,6719077e3a6cd655,MIC-WECO-3611,MICRO_ATM_CSP,7551.5,2023-03-17 17:43:02.146459,23.935262,86.808834
c1043d8c-ecf3-4364-a0fd-132c57aee5a7,3409e9d07e07a0ea,ATM-OIKY-5816,ATM,7551.5,2023-03-17 17:57:41.296279,19.070429,72.919229
fd5a4e2f-1bed-4b40-8d2a-436820c54ccf,98768ceed9627cfa,MIC-OHJH-3883,MICRO_ATM_CSP,7551.5,2023-03-17 17:45:24.033205,23.925503,86.813659
27d86b19-68e7-4917-8d1d-a76ab869f2cf,38a341c387bf6b0b,MIC-RNPR-8861,MICRO_ATM_CSP,7551.5,2023-03-17 18:04:23.566275,28.094161,77.008525
c2df0dfd-b13c-4c9a-add5-c59ec402ce1d,3130a23abd9e06eb,ATM-PHRG-3236,ATM,172703.6,2023-06-03 02:32:06.590983,28.598224,77.467679
ceba6faf-45d1-4488-9197-8903b85473b3,bdb8bd7283b2a364,ATM-TRVD-4648,ATM,172703.6,2023-06-03 02:24:40.108051,22.510108,88.4446
f4211247-3e88-4905-8551-79d1471da1b2,7fe57d0ff66463b7,POS-GBDD-4310,POS,49443.04,2023-02-18 11:43:50.615417,22.582648,88.366365
90cbb99d-5d08-44e4-8bc7-d43bcddad4c6,249a5fdb3aa3e639,ATM-ICXA-1997,ATM,49443.04,2023-02-18 10:33:34.854222,24.217513,86.288345
92e435d4-e905-4ff9-9b31-9c83f721bad4,fed6a0b55d80fbac,ATM-CFPT-1461,ATM,32962.03,2023-02-18 10:29:31.837707,28.133684,77.075126
16163098-131d-4f05-9cd8-2755d0ea6904,73c1232d5b4b4de7,ATM-AGMU-1935,ATM,16481.01,2023-02-18 10:32:06.739240,19.042323,72.906512
2d97156e-4d52-4fe5-a54b-506dce60cd07,fed6a0b55d80fbac,MIC-LBZR-5430,MICRO_ATM_CSP,16481.01,2023-02-18 11:13:28.715600,28.111124,77.020348
e98af15c-0969-4c31-8a37-9eb2ca47e86b,3bebc51f1ef19765,ATM-NFYE-1443,ATM,16481.01,2023-02-18 10:20:52.242956,24.232874,86.317606
cf9bb5f4-ddba-4089-aae2-4cd0cb52c2a7,fed6a0b55d80fbac,POS-DUSK-9302,POS,16481.01,2023-02-18 11:17:13.701244,28.177527,77.066043
f227c7e3-cc19-4a2a-aa4f-fe9514907aa0,98768ceed9627cfa,ATM-NLPI-1387,ATM,9330.12,2023-12-14 05:51:39.905792,23.986822,86.827675
75718e68-6530-4493-90d5-91816356b477,a7582a5b632b9fbb,POS-JFJH-5127,POS,9330.12,2023-12-14 06:09:16.190562,28.093802,77.004472
eca2e63d-5734-4e77-93da-f042c86d43ae,9f1975758d203f92,ATM-CTVW-1728,ATM,9330.12,2023-12-14 05:36:36.688049,23.960071,86.869594
6bedca59-540c-4212-bcf8-37e3961df2b2,4a2108204892de8a,MIC-MQDG-5738,MICRO_ATM_CSP,9330.12,2023-12-14 05:44:03.035342,24.019159,86.83405
1db87d14-f212-49cc-8161-e80a06f223fc,69ba46e56681a663,ATM-TMLT-9814,ATM,6220.08,2023-12-14 06:43:05.676953,23.960401,86.791021
51f84c33-d362-4e6f-8ed7-c07777d969ec,087d1b274c895998,POS-FUAY-1452,POS,6220.08,2023-12-14 05:54:47.940512,22.666662,88.392081
b69b138a-7aa4-4912-aecc-3eda3ce29db9,9fd752d9d0ccdbb9,ATM-TNKW-9205,ATM,6220.08,2023-12-14 05:28:32.032348,23.922637,86.786779
e01fdbe2-9ecf-484f-8d89-e1fb4f759fdb,ba7b0c09f0862541,MIC-YPXE-5287,MICRO_ATM_CSP,109194.13,2023-06-10 14:01:20.960765,24.21389,86.34806
d4b35692-4481-4848-becb-24b1cebe3456,5740c30c9a2b3355,ATM-PPKZ-9733,ATM,109194.13,2023-06-10 13:02:50.664874,13.026598,80.303776
608a222f-f503-4552-8af6-2bf00a96b62e,c7f66b5e1cfdc547,ATM-JILQ-4396,ATM,72796.08,2023-06-10 12:57:52.555280,19.061078,72.911394
1d7c7099-9fd3-4801-82b7-ed42b10bc66f,43b282632be789d4,MIC-SLLU-7639,MICRO_ATM_CSP,72796.08,2023-06-10 12:43:46.747475,13.045256,80.30599
005d6a54-e4e2-4d17-a771-47165d5213c6,6719077e3a6cd655,MIC-JMJY-5403,MICRO_ATM_CSP,72796.08,2023-06-10 12:39:12.469547,23.907568,86.812994
c3fce618-a8ea-4866-b6ad-7edda97c0f29,4f0d8ce1b58bf64c,ATM-JHPM-0542,ATM,48404.3,2023-01-02 14:12:32.473697,19.105733,72.791118
1a89ebd9-f979-4bd9-b1c2-e5ef1b613e71,0f1ad65543378e63,MIC-GPXC-8237,MICRO_ATM_CSP,48404.3,2023-01-02 14:37:47.130015,22.656746,88.395221
49d559a1-fa84-4a20-953b-ef02ce5b4043,540d6d34de564912,MIC-NUYE-2136,MICRO_ATM_CSP,48404.3,2023-01-02 16:15:11.825399,30.896825,75.906064
c9a4ba3d-0037-4d3f-962d-caf27f5aadf9,0f402318041204af,MIC-RHDS-3218,MICRO_ATM_CSP,18151.61,2023-01-02 14:05:36.636327,24.193285,86.361698
0f98c57b-5da1-43b1-a8de-0f3e68198547,25b04eca97925f46,MIC-XKYV-8631,MICRO_ATM_CSP,18151.61,2023-01-02 15:22:12.202405,24.171822,86.388609
37f244d1-694a-464d-819c-6785f3d90af9,0f402318041204af,ATM-NXHI-4700,ATM,18151.61,2023-01-02 14:43:55.995399,24.209874,86.387948
ab3a5508-960e-49a3-ad00-857b2dac01cc,5eb59abc9c970d06,POS-UIII-1504,POS,18151.61,2023-01-02 15:26:42.249271,28.643893,77.374633
377f3fbf-acec-469d-8579-c0b47531a6b9,36743817547696c9,MIC-TJKR-1541,MICRO_ATM_CSP,18151.61,2023-01-02 14:21:41.331617,23.841441,86.687523
18003641-6c0e-485a-9b65-20e03d45e999,8c19faaa8bd5ac32,MIC-GBDU-5145,MICRO_ATM_CSP,18151.61,2023-01-02 14:00:30.653130,28.059777,76.949848
f4c24272-6970-4e99-b101-20e88e9dca04,f253d605f12974cd,MIC-BCVA-5068,MICRO_ATM_CSP,36303.22,2023-01-02 14:22:14.698499,24.177862,86.360009
cdcc4060-0597-44d7-aff0-7ea13222acd0,6da47df28d1aad11,MIC-BUPT-5983,MICRO_ATM_CSP,66211.76,2023-04-08 11:47:12.959698,30.890126,75.953498
0648022a-9bfe-41b3-8a8d-6f98a3c36601,0004a1a3a12705a4,ATM-SBZE-5166,ATM,33105.88,2023-04-08 11:36:45.708338,19.10846,72.831689
611a203d-4005-47e0-9de2-e25f294bd4cd,022fec248c97806e,ATM-DKVV-3946,ATM,33105.88,2023-04-08 11:54:48.323122,24.249346,86.230001
364aec3d-0f0c-4c48-9a77-26404f336748,0004a1a3a12705a4,ATM-GWUJ-1763,ATM,66211.76,2023-04-08 12:10:22.621159,19.097188,72.834021
2e3a0ff5-bcdf-4604-8df8-fe10bccf0ada,a540604a12e6c5bc,POS-YXAE-9975,POS,17553.72,2023-03-07 09:25:54.128250,24.209126,86.334157
3512fdc1-91db-4e85-9051-acb271fd16aa,2cea95cfb3bfcf81,POS-KDBY-7865,POS,17553.72,2023-03-07 09:24:28.396147,22.522684,88.34077
449d476c-b257-4cc5-bfe7-ea035c0d04dc,90c719afbb7ddcc0,ATM-DDSU-8117,ATM,35107.44,2023-03-07 10:48:44.964115,18.982171,72.95731
df9d7bd0-d5cc-490c-99c0-ec094270ada8,82040f84c6d17a60,ATM-MQBE-1522,ATM,8527.12,2023-03-25 21:39:34.814947,28.504941,77.454295
ee7e345d-c680-4deb-b422-d9fe3aab194a,d0d470cfc4fc7e7d,ATM-TGUF-1900,ATM,8527.12,2023-03-25 20:46:14.278448,13.028168,80.218572
ab69b068-6019-47b9-9cab-dc405c837e19,15bc62bab6812a87,MIC-VENZ-9258,MICRO_ATM_CSP,17054.24,2023-03-25 20:16:08.532967,22.506754,88.335792
e0efd43f-f191-4c76-af1d-70b3a5b4359f,488c8c92e7abac83,MIC-PKBO-2990,MICRO_ATM_CSP,5684.74,2023-03-25 20:13:41.488327,28.525242,77.413389
bc1f1817-cdf0-4023-b21a-c1134f35622b,cfaa503a4b7ef3b4,POS-KCPI-3678,POS,5684.74,2023-03-25 20:25:46.827370,13.179222,80.277526
4dc4ebec-ac6a-486b-acc8-95f9e5f70826,15bc62bab6812a87,MIC-HCZV-9737,MICRO_ATM_CSP,11369.49,2023-03-25 20:33:19.550891,22.565093,88.437214
c9cce97e-b0ab-4ad5-afe3-8fcc10a0beb7,9f39a0685c6ab47e,ATM-GHTH-6095,ATM,11369.49,2023-03-25 20:51:12.161771,23.965718,86.846195
dfc1c664-30d0-4ba6-9b39-e52be34fddd9,a7582a5b632b9fbb,ATM-AKPF-7006,ATM,11369.49,2023-03-25 20:54:48.735213,28.073397,77.054694
7e5ea425-13f7-4724-8dd6-161ff8cd8270,028202be514e6b30,ATM-OSPL-9449,ATM,11369.49,2023-03-25 20:16:48.929312,28.041708,76.96866
bfd97286-21cb-4489-9a5f-45643b6a1fc3,7f8ba2c0a09c55cf,ATM-IZDA-2724,ATM,22738.98,2023-03-25 20:20:02.673117,13.089741,80.264116
2795427c-cd3b-4bf4-ad99-cece14fa3db8,5308e86f6edbf7ed,MIC-XQST-7119,MICRO_ATM_CSP,11369.49,2023-03-25 20:52:24.259453,28.078105,76.9265
96d2c661-c606-4e58-a9e0-29ebdc82da9a,4b2f70600e0981d6,MIC-EKSE-6657,MICRO_ATM_CSP,11369.49,2023-03-25 20:47:31.042377,28.496692,77.375669
b6cd2c1b-b44c-4656-93d3-059bf6264784,f11598245b195848,POS-FWUZ-0737,POS,22738.98,2023-03-25 21:48:25.809165,22.621087,88.419229
6e051682-9313-4050-928b-9b846141f4ec,6da47df28d1aad11,ATM-QRKY-8804,ATM,11369.49,2023-03-25 22:03:49.106356,30.876658,75.86832
ce89b633-4ef6-44d1-b6e4-44116e941be5,a2be5453e6de14d6,ATM-YASW-1484,ATM,11369.49,2023-03-25 21:59:53.871381,30.905229,75.89038
788623aa-81b2-45b2-8e12-c2349eaa0196,218c5d6d080619a2,ATM-BRPP-0398,ATM,22738.98,2023-03-25 20:54:06.611515,30.893778,75.922511
38b382fc-3db5-4fb1-97d0-f71f6f39a9a7,450ed2cd4f37f2a0,MIC-RVVS-1134,MICRO_ATM_CSP,39291.19,2023-11-18 04:27:29.626813,19.042911,72.861924
d84ae7e1-b2bb-4cbc-bd73-370d9038616e,6719077e3a6cd655,ATM-NGHS-8105,ATM,140305.02,2023-10-05 18:35:46.042155,23.983002,86.938753
6c96898d-4a19-4cb7-b2b0-ea63e048f9e7,83b82ffcea8b671a,ATM-XSLQ-4930,ATM,140305.02,2023-10-05 17:26:53.432123,23.900798,86.82354
688d5a65-4ae3-4de3-8d68-a8a51b4d8360,25b04eca97925f46,MIC-AYKC-9129,MICRO_ATM_CSP,192768.96,2023-02-20 08:29:06.343268,24.177745,86.370786
9e3c8e4f-4bed-485f-ac36-83ed9deddcb9,b6061c939aa88bd7,POS-LIDF-8618,POS,192768.96,2023-02-20 07:18:52.379896,24.131316,86.309173
11967619-43aa-4920-99f5-959abf8af91f,394194a39a57bcc6,ATM-CKWC-0184,ATM,65123.94,2023-10-31 07:16:04.307956,22.496591,88.407133
747e10a4-9901-4656-b551-e0ad1454ded0,10d88bee675e95d1,MIC-ZZXV-9729,MICRO_ATM_CSP,21707.98,2023-10-31 07:17:55.372905,24.22012,86.208591
0a550337-14b0-4e3a-b52a-ba071bf6de62,c08d00055da1c6f6,MIC-KLCE-3230,MICRO_ATM_CSP,21707.98,2023-10-31 07:55:39.698287,28.175894,76.97177
323b90d7-9d2d-474a-a677-55914bcff2c0,d3e3dc428f4f7211,POS-NKOJ-5495,POS,21707.98,2023-10-31 07:47:58.552382,23.995116,86.834676
6129d481-eb0e-4075-a7d3-a32cf2d55e79,02ae516d1d2fd9f9,ATM-IHCS-9175,ATM,54033.85,2023-03-10 23:11:35.053506,30.885112,75.880893
2452f3bb-ffd6-4e92-ae3e-9d2d1592da4f,d9bcc83f674275e1,ATM-UDZO-2246,ATM,54033.85,2023-03-10 23:23:03.278144,19.043532,72.729967
f059d781-b100-4de8-af83-012d05b34fae,a1c22d172367ec5f,ATM-XVGG-5517,ATM,408868.7,2023-11-24 21:37:25.362491,22.584529,88.413689
b6851689-00e5-4c06-844f-1129b1563463,3c231657faa5d04d,ATM-KKLJ-4612,ATM,3762.36,2023-02-04 22:37:43.948056,28.561659,77.408416
2d9ab3e3-ff2e-4191-a2cc-ec91e00fc508,577744147cf6f197,POS-EQCS-2782,POS,3762.36,2023-02-04 23:08:24.367915,22.691616,88.370595
03ba63cf-7366-4510-820b-df4b8022bee1,673042d418c5aa70,ATM-QUNH-0991,ATM,3762.36,2023-02-04 23:02:47.168834,13.133657,80.318909
dd3f8b5b-a565-4ab3-9821-60a0df7a0505,6da47df28d1aad11,ATM-IZIT-6888,ATM,5643.53,2023-02-04 23:06:29.055974,30.858684,75.872444
dd89588d-8c5e-44b4-8deb-0c7ecba29c35,673042d418c5aa70,MIC-ASJQ-7588,MICRO_ATM_CSP,1881.18,2023-02-04 23:08:21.408404,13.03893,80.334016
3087b540-9ea2-4ebd-9e87-cb5b4c5d20ad,6da47df28d1aad11,POS-NTHF-9427,POS,1881.18,2023-02-04 22:58:19.108049,30.916384,75.86333
dea705ec-8338-400f-ae82-487127d7ba17,bf37d8c9ea7f02f5,POS-WPFO-2691,POS,1881.18,2023-02-04 23:08:05.325812,24.292933,86.201231
0553ad1b-6e8a-4ab2-b968-1d5037750a3f,3c231657faa5d04d,ATM-AZFU-1123,ATM,2821.77,2023-02-04 22:35:51.968571,28.5625,77.393198
68513030-7971-47ee-b2fe-6e5f5f675a83,4bd8066a7ff43612,ATM-TDUZ-3071,ATM,2821.77,2023-02-04 23:39:00.644859,13.073745,80.152536
cf26e24f-9109-49b9-a288-c3612304f2e0,a34eda124c7becc8,ATM-YVWY-4777,ATM,2821.77,2023-02-05 00:09:32.817208,19.034279,72.879824
d0fd0f0b-0a96-4154-8cc5-d610034967fa,2e731df693beb9f9,ATM-RFVP-2861,ATM,2821.77,2023-02-04 23:00:02.716250,28.117409,77.039204
c0d26625-ace0-4920-bb23-a90378b5cf6d,4bd8066a7ff43612,MIC-MDLZ-7484,MICRO_ATM_CSP,3762.36,2023-02-04 22:37:38.995925,13.088006,80.322975
3d37a662-4777-4762-9fdf-fa27b530633d,577744147cf6f197,POS-SAKY-2701,POS,3762.36,2023-02-04 22:51:07.810871,22.556932,88.462166
5ba83e2e-1023-4208-b424-0e2617f46a91,82d88b69efcf73c2,ATM-AFJK-1297,ATM,3762.36,2023-02-04 22:50:21.771303,28.107975,76.973799
9f44ca73-3c70-420e-b157-cc795a74b2df,7cc7eb9a9438c1e2,MIC-XGYF-7965,MICRO_ATM_CSP,189062.71,2023-06-18 10:07:48.866723,24.162223,86.290931
2c731c57-98e6-4639-a38e-9807638bd5b3,6877ffca8e5a30eb,ATM-TFVR-7253,ATM,189062.71,2023-06-18 10:14:23.544387,24.212907,86.371917
e7c3979c-3053-4e29-bd9b-718467d3efbc,bb6efc9b42a0c6a5,MIC-URAP-5446,MICRO_ATM_CSP,22322.13,2023-09-14 11:56:39.984326,24.189951,86.288018
707fa907-13c2-403f-b6e6-6fbc5dbd8914,2cea95cfb3bfcf81,MIC-ZRRP-2397,MICRO_ATM_CSP,22322.13,2023-09-14 11:59:31.878787,22.504405,88.403903
767b33c6-fbe2-457f-89f7-b6c9f9df3d4d,98768ceed9627cfa,MIC-ETDJ-8214,MICRO_ATM_CSP,44644.25,2023-09-14 12:04:42.618934,23.942534,86.790191
6735e6d3-3018-4860-ad54-40b1ddbd4581,3bebc51f1ef19765,ATM-OXMR-6750,ATM,22322.13,2023-09-14 12:00:16.466803,24.225361,86.299986
dda00f4e-6713-4a3b-bf3c-3c90687beebb,89d7b75cd9122aad,MIC-ZFQC-5478,MICRO_ATM_CSP,22322.13,2023-09-14 12:54:43.544811,30.902475,75.875848
97b8e43b-7315-48d4-ad29-4995d8f4bd6a,e8c8577ea9141637,ATM-DJZF-3448,ATM,14881.42,2023-09-14 13:06:54.531428,28.595317,77.423835
b41166c9-1345-4709-997f-55bf96c98a39,b8fbafa1b8d2fdba,MIC-CVYZ-0507,MICRO_ATM_CSP,14881.42,2023-09-14 12:36:09.426761,23.900666,86.942785
94638321-64d1-4189-ac8f-8c99da2fefad,1b046e221c756ad8,MIC-YUOS-0292,MICRO_ATM_CSP,14881.42,2023-09-14 12:38:33.238119,28.534065,77.276122
6373a868-4907-4e51-83f9-17da23931d03,bb6efc9b42a0c6a5,MIC-WVFD-9058,MICRO_ATM_CSP,89288.51,2023-09-14 11:55:33.353744,24.153858,86.260522
a8173981-5643-48db-96e2-85c281cc71b6,218c5d6d080619a2,MIC-BFIZ-3236,MICRO_ATM_CSP,182154.86,2023-12-04 04:43:05.007935,30.84828,75.878287
a1f77303-3605-4fa9-86fd-d73194391442,2d7f04c671c24245,ATM-LJJG-2309,ATM,182154.86,2023-12-04 04:54:30.596548,19.071834,72.804171
1d804407-21b0-41f2-845c-9f4e28a9c256,8b2f80b612ad4abe,ATM-DAJT-6282,ATM,22491.72,2023-09-19 08:12:22.806674,30.910068,75.902535
23bf823f-7e6b-4e7b-a69e-29f9f739c6c9,7fe57d0ff66463b7,ATM-XXSZ-8887,ATM,22491.72,2023-09-19 08:18:13.910730,22.610588,88.29635
6b13b0e3-3d73-492b-9877-8dcc861e081e,8b2f80b612ad4abe,MIC-DRWS-9395,MICRO_ATM_CSP,22491.72,2023-09-19 08:02:33.299004,30.896706,75.900837
018b4bd7-720c-4b42-8d41-d067fffd1278,0f108ded4e10a78b,ATM-RZSR-8851,ATM,22491.72,2023-09-19 08:05:36.222282,24.179418,86.350951
e1d313fb-7283-45f3-900f-f8de4f81e557,4b2f70600e0981d6,ATM-LLUU-8832,ATM,44983.45,2023-09-19 09:36:08.117383,28.601798,77.448243
9ddb896a-3453-4ae8-9af4-769789d5dc67,02faf74a5df7342a,ATM-SGPK-2564,ATM,44983.45,2023-09-19 08:31:23.944952,24.234162,86.291982
679a2bfa-b01a-4849-b0a8-a551f5c17c8d,1e8b570b4f4e8db8,MIC-GGFJ-6593,MICRO_ATM_CSP,82374.16,2023-05-19 20:50:31.335887,22.646643,88.225498
ec8ef956-0cbb-4b3f-8c77-7c75a7b7f167,a77e1110504ea4de,MIC-DPQM-1837,MICRO_ATM_CSP,27458.05,2023-05-19 21:06:10.137020,24.180661,86.354706
3fe0dab3-8bd7-4a63-b6ef-ebbf99026463,c05a5b6ef117bd25,ATM-FPJD-4412,ATM,27458.05,2023-05-19 20:44:55.846673,28.117049,77.025846
7c1171dd-7cb5-4445-8bc0-895ecee1720d,384f87a17f6c5ecd,ATM-CDPD-1924,ATM,27458.05,2023-05-19 21:57:01.848358,13.040427,80.299408
78ae1249-db9b-4a40-b66f-ae9e18125104,0f3e1c23ab2acd64,ATM-FJMH-5280,ATM,82374.16,2023-05-19 22:52:34.079463,19.055796,72.991577
8f941a19-bc61-453f-a15c-a8618d1cadb6,25b04eca97925f46,POS-PMYE-1379,POS,41187.08,2023-05-19 21:14:33.119935,24.241225,86.362574
002dd3c4-58cf-4a7e-9bec-d4ceab35b7ff,2cea95cfb3bfcf81,MIC-YLTB-4133,MICRO_ATM_CSP,41187.08,2023-05-19 21:31:13.696781,22.56784,88.403544
62ff6054-e9bd-4c69-8e25-fdf01653427d,91b86f426cd2cf59,ATM-TKHE-4994,ATM,128093.97,2023-10-19 09:24:07.669735,28.441482,77.461534
ce1e6d17-323d-4e4d-bb66-6f9224cd626c,3130a23abd9e06eb,ATM-ZFOT-2323,ATM,128093.97,2023-10-19 09:18:20.799599,28.530935,77.338478
48d95bf7-39df-4a7c-9a23-95f849ad77be,a7957ee71b9f947e,MIC-IJED-7635,MICRO_ATM_CSP,128093.97,2023-10-19 10:54:59.413571,28.489481,77.34594
41765af1-ecb8-46d5-a28d-f7eb6d0d334e,c3f72c30b76aac18,MIC-ZVFT-6762,MICRO_ATM_CSP,20506.69,2023-06-16 20:01:20.746170,28.57217,77.396082
22d02135-25d0-4936-a005-932801348f00,6719077e3a6cd655,ATM-FGZT-5305,ATM,20506.69,2023-06-16 20:39:11.452123,23.884593,86.806621
937a8576-b5c3-4f60-a21e-688a38ec7fdb,9161da7be526b717,MIC-CNVB-7647,MICRO_ATM_CSP,20506.69,2023-06-16 20:20:03.136324,24.199645,86.257035
52f09f5b-5a0d-4a95-b908-862fcfecae03,a458a9d0fa6b945c,MIC-LMCR-5668,MICRO_ATM_CSP,15380.02,2023-06-16 19:50:02.056511,24.023516,86.79631
3ff3bbc2-b582-45c8-a794-787be8b825be,cafd7e8e5e09f087,MIC-HYLB-6400,MICRO_ATM_CSP,15380.02,2023-06-16 20:24:44.561106,24.198464,86.20497
540f7d55-f893-4537-b2c7-ceb5ee15b962,98768ceed9627cfa,MIC-VHKE-3099,MICRO_ATM_CSP,7690.01,2023-06-16 19:43:25.118059,24.036979,86.848116
a9937bb9-e423-4042-87a9-e8c06aa2dd02,095c1c65e3981f27,MIC-TNMD-6953,MICRO_ATM_CSP,7690.01,2023-06-16 19:42:13.085808,23.982617,86.714766
1737bbcb-5dc3-482d-a16a-a32566a30ecf,095c1c65e3981f27,MIC-UKUE-3463,MICRO_ATM_CSP,7690.01,2023-06-16 20:31:30.977123,23.986785,86.827694
e2cd042f-83f6-4d20-aaea-4dbd849cb758,001cc7c523c48f43,MIC-ZOKE-8656,MICRO_ATM_CSP,7690.01,2023-06-16 20:17:13.877233,24.192362,86.320938
8057a143-4191-4c40-a9df-cd1dd94c9de6,2cea95cfb3bfcf81,MIC-QIJE-3153,MICRO_ATM_CSP,13982.68,2023-10-21 22:31:50.899530,22.591222,88.34866
fa88e1bb-8066-4516-9683-b3d386f232c7,bb6efc9b42a0c6a5,MIC-VTFT-6173,MICRO_ATM_CSP,13982.68,2023-10-21 23:26:32.014672,24.215284,86.357574
f282a729-d1ad-4ed6-aaea-6098d8f44884,ba703db5e0293b48,ATM-XKFE-1848,ATM,161333.95,2023-08-30 05:41:45.382341,22.61589,88.342314
a0f3a47b-d38c-4661-9aaa-d2c8fa9f18c0,83ba5887d82ddd6a,MIC-CMZO-6530,MICRO_ATM_CSP,161333.95,2023-08-30 06:00:56.873928,13.072093,80.339447
16ab81cf-e626-47a2-87cd-2a67d6b13e7a,4d615301bf0f358a,ATM-YMZS-9241,ATM,186993.3,2023-09-05 05:41:42.365419,30.902479,75.918439
c8214600-338f-4142-bbd5-6f9eb4746c85,6719077e3a6cd655,ATM-IPPD-3175,ATM,186993.3,2023-09-05 07:49:15.149554,23.961811,86.850291
9808e7df-386f-40da-8a03-423a885cadbe,6da47df28d1aad11,POS-ESVU-7023,POS,55029.32,2023-09-01 12:14:29.869214,30.896051,75.859933
fde37210-d2bb-474a-ab8d-a0236be0d4fe,9a60683f9a45ddf7,ATM-VGYB-8869,ATM,55029.32,2023-09-01 12:07:49.511395,23.964423,86.783537
2296da70-7106-4d4a-95dd-518fc7ea600b,ba7b0c09f0862541,POS-MNKT-8233,POS,88794.24,2023-06-29 10:04:36.082428,24.154979,86.273335
108702f6-4be3-45e7-9929-a9cd66656dab,9f1975758d203f92,MIC-NIZD-5888,MICRO_ATM_CSP,29598.08,2023-06-29 10:14:38.258313,23.997631,86.765835
8b6a0e07-a1af-45f4-ace0-0cd8613298aa,5ab65182c5db6734,MIC-LQBE-9675,MICRO_ATM_CSP,29598.08,2023-06-29 09:49:10.262764,13.144916,80.400447
14b63885-4082-4932-9a0d-9cb0ec122842,a0f75e9cadde49b3,ATM-IEFP-6088,ATM,29598.08,2023-06-29 09:58:50.514836,19.024271,72.868106
edf40814-7834-4c66-97a9-7f743cf7df5a,91ff603347d3f90a,ATM-YJJM-1534,ATM,9023.12,2023-12-09 07:02:36.798301,28.136492,76.986951
3d43a3dc-a82e-48c2-a024-4f87bb9a18c5,9f1975758d203f92,ATM-NNMW-2266,ATM,9023.12,2023-12-09 07:00:14.066685,23.94742,86.763319
ab768a7c-9d42-485d-a493-6de65418c8a6,48446ecf394d530e,ATM-FPVM-5869,ATM,2005.14,2023-12-09 07:09:29.841423,28.542045,77.4009
caa8d29e-4d17-4e11-838f-9c91bc3c2fed,91ff603347d3f90a,ATM-STLG-5086,ATM,2005.14,2023-12-09 07:14:03.410003,28.050898,77.059644
e8ec87d5-e166-4248-b896-633f19fb8497,6da47df28d1aad11,ATM-SEYV-5584,ATM,2005.14,2023-12-09 07:25:25.847379,30.772552,75.885613
17be7af0-fe20-4691-902b-264bec061d53,91ff603347d3f90a,ATM-CVNK-7560,ATM,3007.7,2023-12-09 07:39:07.796151,28.156987,77.063775
b8cfa288-8148-46c6-a350-06bd90eb232e,095c1c65e3981f27,ATM-VGIT-5657,ATM,3007.7,2023-12-09 07:41:19.226991,23.962055,86.823295
f08c7caa-40b9-4e5e-a6d0-b85fb66b885b,25b04eca97925f46,ATM-KUBE-8691,ATM,3007.7,2023-12-09 07:51:18.254086,24.242093,86.315729
b3c7e553-4e3e-4b4c-b663-ec9b6b693ba2,91ff603347d3f90a,MIC-DRXL-8859,MICRO_ATM_CSP,3007.7,2023-12-09 07:44:37.086686,28.080219,77.023654
f3c879f5-398a-41c1-bc6a-50be00893c62,a0f75e9cadde49b3,ATM-CKNL-7834,ATM,36092.48,2023-12-09 06:49:59.723349,19.163404,72.856518
a2c12de6-16df-4e4a-83a5-bf1e238a90e6,095c1c65e3981f27,ATM-ZNWF-6406,ATM,18046.24,2023-12-09 06:50:41.882737,23.927749,86.804961
bed807b3-8b5b-4625-b900-ee6abd1676dd,6719077e3a6cd655,MIC-JHFA-0291,MICRO_ATM_CSP,6015.41,2023-12-09 07:36:33.394490,23.976311,86.774351
20435b05-bded-4500-a3d0-761deaa12ef0,c05a5b6ef117bd25,MIC-NILO-3063,MICRO_ATM_CSP,3007.7,2023-12-09 07:02:45.286384,28.037139,77.023132
9a646cc1-5718-49fc-b704-e093b72066e9,90ccc2d3d41485de,POS-ZEPG-2840,POS,3007.7,2023-12-09 06:55:09.244098,28.119757,76.935138
838aea9a-b7d6-4578-b6f9-9ec17b70298b,8687a4cc583aa0ae,ATM-KYQW-5192,ATM,6015.41,2023-12-09 07:32:13.624637,24.135936,86.304635
17d8119f-a64c-4237-a768-7d02fdcffd1b,f79cd1fb09127f5f,ATM-HYUS-3174,ATM,23469.87,2023-08-17 02:08:31.308542,30.916053,75.873666
ca0893fe-0c76-40d9-8dcd-2239b57c186a,f2096f718ea48500,MIC-HKCB-6338,MICRO_ATM_CSP,23469.87,2023-08-17 01:42:26.632276,24.115977,86.255755
84687dd2-b2f4-4123-9824-7e72bef02fb6,cb9fa8bf15d4a4db,ATM-QGER-0509,ATM,23469.87,2023-08-17 03:14:15.585971,24.199071,86.293346
b457f071-d349-4cd0-8495-1ea19f1eb3ba,314ff6665437dae9,MIC-DRZD-9880,MICRO_ATM_CSP,35204.81,2023-08-17 02:15:25.515813,23.997875,86.820483
33739002-d9fc-4899-bd50-3754963d1773,562772d2f729f0a9,ATM-TILI-9420,ATM,11734.94,2023-08-17 01:33:29.923354,30.848058,75.837061
87151301-133a-4da6-9482-f36bd7f4a969,0f402318041204af,MIC-JVWN-7201,MICRO_ATM_CSP,11734.94,2023-08-17 01:39:53.821642,24.142653,86.353968
da381259-8583-4976-af12-1a00fc3ea918,65e22d42090564b9,ATM-GLBM-1169,ATM,11734.94,2023-08-17 01:34:15.859714,13.069213,80.260376
1277b809-5719-4f3a-b043-6e288688af58,87cad92e65ebcdb6,ATM-FZCG-0809,ATM,58005.48,2023-03-13 12:27:24.562737,28.521425,77.349174
33eb43ad-6558-48a4-b329-a5dd26e7e711,068cb231d039902c,ATM-XOWV-9924,ATM,58005.48,2023-03-13 12:13:05.822418,13.047354,80.282538
b4a847b8-49ea-4955-a9a0-ae84ff0f3515,9f39a0685c6ab47e,ATM-ICQQ-0318,ATM,58005.48,2023-03-13 12:50:30.297742,23.963606,86.851852
7769df4c-c54e-4199-95eb-b9d8d424acad,8763dc761991d7fd,ATM-VQYR-3151,ATM,174016.44,2023-03-13 12:35:50.320358,28.506505,77.419291
4c12489b-1693-448c-81bb-4ff7242552e0,78412091d3702307,ATM-RCTA-9406,ATM,10828.77,2023-07-05 04:04:19.483622,28.22492,76.93949
518421fb-38a5-477c-9ce1-c36486e935e1,001cc7c523c48f43,ATM-VHHQ-1658,ATM,10828.77,2023-07-05 04:10:58.440108,24.083722,86.296029
3eeb8159-7fe3-492b-bea2-111bbe1d71a0,095c1c65e3981f27,ATM-NFYE-7373,ATM,10828.77,2023-07-05 04:09:48.787119,23.990797,86.791401
0d4ca784-f906-4912-9339-89f4d6f8562b,91ff603347d3f90a,MIC-JYHJ-6910,MICRO_ATM_CSP,32486.32,2023-07-05 03:58:59.747018,28.094856,77.095111
ea95b68c-0e24-4ac0-9178-4fdd72e24388,f8f70366a172abf6,MIC-SQAQ-7770,MICRO_ATM_CSP,64972.66,2023-07-05 04:04:04.248867,19.0723,72.876354
836e0d9a-8593-4683-8d8a-9bba73973228,47dbc2f354f604d2,ATM-FLNV-9343,ATM,21657.56,2023-07-05 04:57:49.385795,28.156534,76.994636
f0fc6a6f-10f5-4753-8eed-668e0a0831c4,10e4948592a3bbc6,POS-VMZO-5717,POS,21657.56,2023-07-05 03:55:50.917317,23.928767,86.838874
13e39459-04c2-4548-ae61-b780ebe53383,a277552d9784086a,ATM-WOIV-7002,ATM,10828.78,2023-07-05 04:37:47.794199,23.92624,86.762093
f7f0207a-b6e4-4b21-ac3e-3addf712b07d,2119af9683bba04d,ATM-FYTL-1559,ATM,10828.78,2023-07-05 04:28:59.188910,23.893926,86.739414
68a1da85-9bad-4a05-94ee-6b3fdd840007,b0c598b744054043,ATM-AEJF-4461,ATM,10828.78,2023-07-05 05:52:18.144057,23.989806,86.930798
f6c52f39-2277-4ac1-8c57-13435ca98ac8,7dfe46ee8d6ea258,ATM-YKYI-8880,ATM,10828.78,2023-07-05 04:11:06.180367,24.112983,86.284202
a682a5a0-2aca-49bb-a510-05f87a467342,e3af0705ba5a43fa,ATM-ICNH-4658,ATM,7219.18,2023-07-05 03:50:11.058895,13.108388,80.283962
c42e71b4-dbf5-443b-9369-98c5a8b79f92,fad5cbcf2a4d463c,ATM-UDYK-3485,ATM,7219.18,2023-07-05 04:07:15.594022,30.922945,75.869777
28d0172b-0596-4988-8580-154a9cce8b1b,a458a9d0fa6b945c,ATM-JWUB-3062,ATM,7219.18,2023-07-05 05:04:12.937147,23.963341,86.879281
4f5ecc89-07e4-4ac0-a44f-80608eea42b3,4b2f70600e0981d6,ATM-PHXS-2010,ATM,7219.18,2023-07-05 04:24:32.661508,28.495248,77.327237
044e8ccc-dacc-4c13-afd4-6b8b591f777e,fad5cbcf2a4d463c,ATM-SPZA-5668,ATM,7219.18,2023-07-05 04:04:23.230573,30.930409,75.809868
9207c0e5-7f89-4bc3-9ec0-cdd2e3f9c51c,e5f265e3ef332cfc,POS-RLDQ-3663,POS,7219.18,2023-07-05 03:49:47.285330,12.993316,80.378232
65f94e18-1dcc-4335-81a7-37c3744862dc,04cb4af66bbc9cd7,ATM-YHLL-3131,ATM,140732.99,2023-12-16 19:20:55.480167,28.670267,77.335462
ba198de0-d0c7-4b9b-bec0-b783e62f9669,095c1c65e3981f27,POS-MQQX-2106,POS,92980.93,2023-05-21 00:14:31.487279,24.004617,86.802279
db4329f8-04b9-491e-9347-8994cbc90f45,3df284a919e148a8,ATM-AVZM-2188,ATM,92980.93,2023-05-21 00:16:10.214821,22.580951,88.307126
d6deebac-6a25-48fe-8153-95b3c6e98a7a,d81d1683ecaac229,ATM-XRXB-2297,ATM,92980.93,2023-05-21 00:17:29.668007,22.562152,88.363057
50343b3c-47e5-4096-ab1e-7737abc428c7,3fdb81fcdd99b495,MIC-MLLL-0640,MICRO_ATM_CSP,35634.58,2023-01-13 19:19:39.262072,13.1085,80.22512
66c74b6f-c68d-49e0-86c3-ab932de5f38f,25b04eca97925f46,ATM-YQSU-6594,ATM,17817.29,2023-01-13 18:49:39.576898,24.19666,86.295775
ec5d26e3-d567-4db7-8156-52c910dddefe,05e58b535004d596,MIC-DMYY-2279,MICRO_ATM_CSP,8908.64,2023-01-13 19:37:23.444461,13.106383,80.287234
112174e4-2dd3-432d-9142-8472b1d921d0,c05a5b6ef117bd25,ATM-NPWM-6298,ATM,8908.64,2023-01-13 18:59:58.375818,28.106358,76.977377
ebe6877a-f2e3-4d3f-b37c-e43a80ca30a6,a0f75e9cadde49b3,ATM-JSGR-7666,ATM,3959.4,2023-01-13 19:31:44.439370,19.133982,72.909865
7c657ce2-5889-4c90-bcfa-257fdcda824b,07e0cebd234c62cb,ATM-DJCH-9741,ATM,3959.4,2023-01-13 19:09:31.047758,24.231753,86.244797
0cd2de48-0dea-45b0-897b-b5fc4e5359ca,b82c83e33c343e84,ATM-AWEB-2311,ATM,3959.4,2023-01-13 18:50:26.101378,19.081519,72.900258
94401c93-3cb8-4b2b-83fc-e4488239bb65,c00017baec900020,MIC-BLWG-1441,MICRO_ATM_CSP,3959.4,2023-01-13 18:58:40.538565,24.162071,86.187224
60ec825e-c1b6-45ae-9d9d-4957b98f853f,6719077e3a6cd655,ATM-GBRG-9104,ATM,2639.6,2023-01-13 19:39:59.822246,23.969244,86.800291
a4ca7c22-0282-4515-bd89-9e2d3ac6b75d,b40cfec92900ce51,POS-KDJO-6354,POS,2639.6,2023-01-13 19:08:30.462358,24.183442,86.241093
4160011b-31ff-4a70-9346-edb372dcaf1d,a0f75e9cadde49b3,ATM-ASYT-2644,ATM,2639.6,2023-01-13 18:48:40.952325,19.046427,72.9485
772e747f-3999-4df3-81af-ec453f8db502,4d615301bf0f358a,ATM-QBJZ-7576,ATM,11878.2,2023-01-13 18:40:38.226241,30.922829,75.915415
4f4aef48-2b63-4308-910a-c3b258b5fee3,6719077e3a6cd655,MIC-APCG-0057,MICRO_ATM_CSP,11878.2,2023-01-13 18:47:59.327950,24.006647,86.73739
612f6192-fe18-4e9b-8826-9caacd277be7,51cba92f234ec17c,MIC-UZSV-6418,MICRO_ATM_CSP,11878.19,2023-01-13 18:43:04.685249,23.973045,86.824051
b3059bff-0e23-4dd0-8ee0-f557b18025a2,d197d95e274489e7,ATM-CRKB-3558,ATM,5939.1,2023-01-13 18:58:52.767201,28.215057,77.018747
440caae7-fc74-43c6-9dd3-a027ff9aa017,6da47df28d1aad11,MIC-ZSTI-6561,MICRO_ATM_CSP,5939.1,2023-01-13 19:31:18.400912,30.903501,75.806531
32179cb6-d15c-48a7-83dd-ec5fb4f69a3a,095c1c65e3981f27,ATM-LVEB-6665,ATM,23756.39,2023-01-13 20:16:41.848801,23.966492,86.827887
fcd3a3c2-6d73-4c11-b268-c38a1ed72c7d,400a95ae23792cbd,MIC-WGYG-8106,MICRO_ATM_CSP,23756.39,2023-01-13 19:24:22.555278,28.067665,77.04536
fe3a9322-7459-402e-970e-7719a0a8d461,91ff603347d3f90a,MIC-AZYV-6619,MICRO_ATM_CSP,11878.2,2023-01-13 19:50:37.128621,28.143206,77.082351
c37145e0-a51e-413b-a7bb-6bcc0fd9f140,095c1c65e3981f27,ATM-SBRL-7702,ATM,11878.2,2023-01-13 19:12:03.486520,23.931375,86.804728
771c33fc-24f9-45a7-9c87-de5eeab62e31,4a2108204892de8a,MIC-UQZT-8023,MICRO_ATM_CSP,327489.7,2023-09-07 11:13:18.134240,23.924052,86.877325
657e9eb6-cf23-4b00-a1a3-66267ac1be71,bbe623c9da0b733d,MIC-IMTW-9889,MICRO_ATM_CSP,33994.6,2023-03-29 12:52:45.034996,24.179161,86.229298
201433d3-6ec6-454f-b1b5-0e440f910bf6,d9956ae44079537a,ATM-ECHB-7828,ATM,11331.53,2023-03-29 12:13:24.801684,30.929672,75.856439
2d2e61d2-fb10-4cd3-b4fa-b72ac8fdeab7,0c5b61c0cc49dd4e,ATM-EBYJ-3106,ATM,11331.53,2023-03-29 13:13:11.288310,24.169783,86.261356
42e80695-3391-43a3-981f-cd6c7d56ce21,a27b932eb377baae,MIC-TLSK-5496,MICRO_ATM_CSP,11331.53,2023-03-29 12:06:37.461507,23.93966,86.760378
3e661f5c-bcfb-4ac3-bf67-940c97e50e4b,15611fa4233e5e09,ATM-PUCD-3180,ATM,33994.6,2023-03-29 13:09:39.431620,30.914636,75.816069
9a9d30cb-c099-4954-8e06-edff5ce1443a,d9956ae44079537a,ATM-CLNH-5610,ATM,5665.77,2023-03-29 11:39:29.215292,30.799489,75.896191
49ac4da1-b047-4760-afc1-21878c871bf6,f11598245b195848,ATM-EMEV-4989,ATM,5665.77,2023-03-29 11:42:43.889294,22.593946,88.352568
6fe590de-1f0e-4024-b8ea-7160d13b9167,25b04eca97925f46,POS-MRDG-2730,POS,5665.77,2023-03-29 12:28:28.059427,24.136581,86.377385
e6bb20e8-ff01-452e-a775-924221fea9bd,d9956ae44079537a,ATM-CASU-5643,ATM,5665.77,2023-03-29 11:46:15.346318,30.94463,75.784228
12924941-6cdd-4bcc-b83c-6c5af8445f6d,15611fa4233e5e09,ATM-TLUJ-3623,ATM,5665.77,2023-03-29 12:26:09.697015,30.91505,75.828749
6db59f20-20cd-4ed0-9c05-bdcf84be9f48,0c5b61c0cc49dd4e,ATM-SLQH-3779,ATM,5665.77,2023-03-29 11:42:21.756809,24.151139,86.362483
55259b09-1bd4-4a61-b156-bdd37be9a420,562772d2f729f0a9,MIC-UZKC-0834,MICRO_ATM_CSP,33994.59,2023-03-29 11:36:42.654616,30.95116,75.813141
bef2543f-3439-4c8d-a26f-700c6513237f,cafd7e8e5e09f087,ATM-LWJF-3869,ATM,16997.3,2023-03-29 11:57:23.774019,24.186324,86.279168
5ef0cedb-92f5-4740-8593-0726e0afd56a,f35940835bdb022f,POS-IIIL-3135,POS,16997.3,2023-03-29 11:40:36.834943,24.160228,86.309989
d35fa70c-8a21-4d93-95f4-4c56bc11aeee,b2e3e791ec389fae,MIC-PKFT-8101,MICRO_ATM_CSP,25495.94,2023-03-29 11:45:20.987683,23.904223,86.750846
c4ad7474-671b-465c-b399-8c2c323ccfec,5fb01e701e601441,ATM-NXMQ-2722,ATM,25495.94,2023-03-29 12:55:52.407166,22.559985,88.345175
972ae5dd-4033-41b6-8d74-4da18683dd6e,0c5b61c0cc49dd4e,MIC-UNYS-5913,MICRO_ATM_CSP,16997.3,2023-03-29 13:07:07.005832,24.113632,86.351428
c1b01939-2683-406a-9177-8d0da2586315,a27b932eb377baae,MIC-NBTV-2838,MICRO_ATM_CSP,16997.3,2023-03-29 11:35:30.815877,24.068408,86.878522
7c985db5-dc11-4431-a709-9817e461251e,15611fa4233e5e09,ATM-DWDY-9103,ATM,16997.3,2023-03-29 11:54:44.186752,30.833083,75.915302
9ff717a8-f2c4-4415-a15b-d73db15ebb4d,001cc7c523c48f43,ATM-EZPX-2641,ATM,67953.37,2023-02-01 15:05:40.818157,24.221113,86.250531
cdf010d1-5c3c-461c-b225-2d7f3108c18a,93a252f15bde845b,MIC-SCGK-3660,MICRO_ATM_CSP,67953.37,2023-02-01 15:41:26.374722,28.495178,77.386781
2b6b0c2c-9ff0-4786-b94b-4e7d9aaf1b00,6da47df28d1aad11,MIC-VWOZ-1435,MICRO_ATM_CSP,36447.59,2023-05-23 10:41:41.590103,30.891556,75.933727
c6ec97e8-bc52-4878-a22b-c5cd37daef71,e2008e1b14bdb6c8,ATM-CNKM-9731,ATM,36447.59,2023-05-23 10:31:01.894261,28.433936,77.408052
7dd84ca7-9e9a-4edd-8632-9caf03d123ad,2340f46458879cfc,ATM-CMQU-9545,ATM,36447.59,2023-05-23 10:39:37.064211,28.557334,77.50043
7f4902c9-a226-41b6-aad6-ca977f067ca2,9b4705a5a1cd1e5b,ATM-SSHG-7967,ATM,109342.76,2023-05-23 10:38:17.167322,22.537563,88.304567
46c6de48-1e02-473f-af7a-88ba9f9eae43,4d615301bf0f358a,ATM-WNAQ-7644,ATM,54671.38,2023-05-23 11:01:20.081382,30.894032,75.836757
d9a923f6-7891-4cf1-971b-e7cefd792893,e2008e1b14bdb6c8,ATM-VCVS-8304,ATM,54671.38,2023-05-23 10:29:12.954788,28.569782,77.434513
0f253938-e2ff-443e-86ce-d64a5500c1c1,0c5b61c0cc49dd4e,ATM-YDAR-7571,ATM,15880.13,2023-09-12 16:06:08.458193,24.135213,86.29671
26063ee4-0bb3-4709-b219-cc222f10c41f,8cb14c1df286e985,MIC-YNYA-7242,MICRO_ATM_CSP,7940.07,2023-09-12 15:36:14.697439,30.843941,75.815152
94da4c01-d8ca-4d84-adba-d65a36fb8405,6c5210044e8bd8d5,MIC-SDIY-4409,MICRO_ATM_CSP,7940.07,2023-09-12 15:34:48.335646,30.915194,75.801702
7ee87362-8e7e-4eb7-8099-867d79d4845a,d95d8cbc786fbe44,ATM-OZNY-3873,ATM,15880.13,2023-09-12 15:05:05.232450,30.846378,75.863942
ae9e7bb8-7f02-4ea6-a029-a305a0016bae,294291ddc1b5dcaf,ATM-KZPJ-8927,ATM,23820.21,2023-09-12 16:38:56.181180,13.028646,80.325771
ac9553b9-40f4-416c-80f2-87f3fc224c26,e3ca269f60d6d65f,MIC-CKOS-5838,MICRO_ATM_CSP,7940.07,2023-09-12 15:17:00.232942,12.993942,80.330758
bc5cf3fe-676c-486f-87f5-17301e668d37,1a5374909c292cdd,MIC-UOGZ-0539,MICRO_ATM_CSP,7940.07,2023-09-12 15:21:44.126049,28.143637,76.938763
183e686b-3b8f-4725-a6fa-dbbedbbd294c,d95d8cbc786fbe44,MIC-VZHS-3687,MICRO_ATM_CSP,7940.07,2023-09-12 15:33:12.437777,30.871004,75.940116
18d21e0c-c40b-4d94-ac26-0e6c8590110a,d95d8cbc786fbe44,MIC-SHFW-6965,MICRO_ATM_CSP,11910.1,2023-09-12 15:28:18.554490,30.908874,75.851001
95384285-24b6-4220-96b5-613483f183bb,b8fbafa1b8d2fdba,MIC-OCUJ-9909,MICRO_ATM_CSP,11910.1,2023-09-12 16:35:54.686915,24.050158,86.85027
f4fa21de-fb15-4f13-b107-a04a60174a11,d95d8cbc786fbe44,MIC-SBMG-8861,MICRO_ATM_CSP,11910.1,2023-09-12 14:59:49.171921,30.889134,75.878394
240a1732-634d-4831-b069-aa17a965dabe,7138f04a79804589,ATM-KMTA-9054,ATM,11910.1,2023-09-12 15:06:32.069808,28.084758,77.015594
55a0f25b-7021-4b79-a000-14b386048a1d,dbb971a3623d9970,ATM-IZKF-4330,ATM,71460.61,2023-09-12 15:36:30.961452,28.595281,77.382907
c5996656-1b2b-448e-abcb-7ded11fa4572,e41466061105f4e8,ATM-EMIT-2867,ATM,71460.61,2023-09-12 15:22:08.359978,30.904581,75.816822
59b93839-57b6-4392-8539-590e0b4c75d5,a2bbd14a2f29203e,ATM-AGDF-3315,ATM,107818.54,2023-05-31 20:55:38.176836,23.923934,86.77357
baa2d1b6-0781-4c93-aaf0-8331a029bb8b,6719077e3a6cd655,ATM-GGRP-3127,ATM,107818.54,2023-05-31 21:16:56.128561,23.877558,86.846211
c16967f1-f595-4173-add3-079117bcb75f,0bd8573ba3901c0d,ATM-BTCY-9102,ATM,3052.63,2023-05-31 15:38:41.356935,30.843882,75.781478
1bf491f6-37c1-4fd4-90f0-2232532ed5ff,4efff10329ca6699,ATM-XDPO-6803,ATM,3052.63,2023-05-31 15:48:52.140335,19.144421,72.899435
56a6bb27-054e-4aa0-a9b9-9a0cf5e91ef1,aefb9520732cf5fc,ATM-MFPW-0636,ATM,3052.63,2023-05-31 16:24:43.950653,22.587717,88.465447
e9443eaf-5d21-43bc-9267-e54466582c96,45243675010d84fb,ATM-KWHM-6277,ATM,9157.89,2023-05-31 16:43:19.634330,28.028328,76.944533
0ce1ce33-fbc5-46fb-b33e-3259c5a129c8,1fbd0c1ad65a3618,MIC-RFAM-7909,MICRO_ATM_CSP,190237.39,2023-10-27 13:21:59.624364,23.93123,86.801602
cdfd41a3-f95e-474a-82d1-45f682299718,1fbd0c1ad65a3618,ATM-QPBX-1391,ATM,95118.69,2023-10-27 11:46:21.953249,23.99477,86.822837
7a8823bc-6760-4fd6-82cb-0933cfa79164,1fbd0c1ad65a3618,MIC-UZDM-6593,MICRO_ATM_CSP,47559.35,2023-10-27 12:07:34.465843,23.917085,86.769712
8d74854c-8184-44b9-884a-3cc767a2297d,2c55f0286942d24d,ATM-CXVX-6860,ATM,47559.35,2023-10-27 12:40:37.649923,13.073494,80.405922
feb3072c-3328-49eb-a19a-dff9b697000b,095c1c65e3981f27,ATM-XEKS-6820,ATM,139670.14,2023-01-12 05:21:06.283591,23.950528,86.916919
ad9ce00e-78df-42b6-bcab-43ce3448d60f,bf37d8c9ea7f02f5,ATM-XUER-8842,ATM,46556.71,2023-01-12 05:22:59.806120,24.184912,86.360338
0b9a323a-65ba-433f-8dd8-b1ad9ad92745,c293589cea3b5636,ATM-VKPO-8327,ATM,46556.71,2023-01-12 05:06:36.133584,24.060243,86.746548
ce1a062d-9907-4817-8553-5577b59d22d8,d3e3dc428f4f7211,MIC-JQHF-5606,MICRO_ATM_CSP,46556.71,2023-01-12 07:02:55.193032,23.960468,86.832189
619adc3b-18f3-42b8-8457-52ab82216885,6942d07ea440a530,ATM-ZNNW-4676,ATM,69835.07,2023-01-12 05:12:54.708863,24.008598,86.805501
039a358d-6130-4021-a3a5-70a26b32f8ad,095c1c65e3981f27,ATM-FBSF-2864,ATM,69835.07,2023-01-12 05:24:37.026126,23.893115,86.861438
a3fbe540-b3fc-4644-a22c-123c56f4e13c,d808e7485fc3520a,MIC-GXYG-1015,MICRO_ATM_CSP,61430.28,2023-11-29 07:59:40.444411,28.036837,77.053687
f40ef29e-4c72-4706-83f5-704b4543c8fa,1b753779d07e2b97,MIC-MPPH-6093,MICRO_ATM_CSP,61430.28,2023-11-29 07:00:06.140479,28.553151,77.453682
8b8d2516-6f0c-4b60-a902-6238e7851422,dd3bf42a1dd6c675,ATM-UIPY-3003,ATM,61430.28,2023-11-29 07:43:46.034360,24.1722,86.329559
e8240de9-f43b-4111-a01d-94648a59997c,523725b9cd46e00b,MIC-VIOF-6318,MICRO_ATM_CSP,92145.43,2023-11-29 06:50:42.767708,28.12494,77.086837
eeaef928-4f8d-4a52-a6ce-945d93a3589c,4d3d6e8a9d6c2263,MIC-GMGH-2286,MICRO_ATM_CSP,92145.43,2023-11-29 07:50:10.319988,13.092109,80.274543
2cb8d8bd-a130-4e26-8253-41be65ff05e2,96c80e0c992812b9,POS-GJCY-8923,POS,427644.84,2023-11-20 21:28:50.333386,28.183615,76.882312
e70540eb-ab8e-405e-a3c1-3629b658a937,c3f72c30b76aac18,ATM-QUZU-3320,ATM,9038.27,2023-05-23 05:52:22.974296,28.513745,77.398954
403114e2-acbe-4ced-979c-72f4d839dde7,026a402f7a19d725,MIC-DDXE-4558,MICRO_ATM_CSP,9038.27,2023-05-23 05:32:54.242574,23.929404,86.83026
b35c6b85-c289-44d7-b101-f7439c364814,7a25be9714d338c3,MIC-DUHE-1712,MICRO_ATM_CSP,9038.27,2023-05-23 05:47:39.464425,28.553793,77.339675
82c42e19-ad64-4c89-9946-0bd60a334d66,6719077e3a6cd655,MIC-LLCR-6835,MICRO_ATM_CSP,4519.14,2023-05-23 05:55:49.388618,24.005804,86.823835
7f1aaf7f-7d16-449c-bb32-5cf2f3a2562c,a34fc46ca7398755,MIC-FDCX-2900,MICRO_ATM_CSP,4519.14,2023-05-23 06:49:27.019893,28.049204,77.02047
9845ab18-730a-49c5-a181-f3d044fea61d,4b2f70600e0981d6,ATM-FKMA-7370,ATM,4519.14,2023-05-23 05:52:03.317730,28.521324,77.287035
389c8abe-6155-4c83-95a5-d65f869bd476,026a402f7a19d725,ATM-XFWU-0888,ATM,6778.71,2023-05-23 05:53:43.673403,24.000159,86.711615
f78ae939-6798-4fd3-a0c1-0388e74f21ed,7a25be9714d338c3,ATM-SQXD-2781,ATM,6778.71,2023-05-23 05:54:22.877841,28.551106,77.3907
531e2e0d-1bd1-4042-a009-d9737fa84c84,c3f72c30b76aac18,ATM-JMVR-7397,ATM,13557.41,2023-05-23 06:07:59.054393,28.447482,77.348922
a94adb3e-7bd4-4a4f-b161-8812505172a4,6719077e3a6cd655,POS-ANHM-4504,POS,13557.41,2023-05-23 06:35:30.196211,23.86881,86.859298
79555c98-692f-4ddd-a63c-32393ffc017a,7a25be9714d338c3,ATM-ZFMT-1740,ATM,20336.12,2023-05-23 05:34:47.216687,28.589173,77.391534
3e1d0e4f-a752-498f-a4b0-ef441badf48c,7a25be9714d338c3,MIC-FCAW-2880,MICRO_ATM_CSP,20336.12,2023-05-23 06:11:45.417782,28.457636,77.403481
42a73e2b-2e5c-4c0d-9aad-311dda60f53b,6719077e3a6cd655,ATM-CXAE-8536,ATM,20336.12,2023-05-23 06:12:04.316927,23.977068,86.941265
e9a7a1dd-5ba5-4370-9bea-4ce4d6a11c30,9f2c367e9ecb304a,ATM-ACKO-3547,ATM,20336.12,2023-05-23 06:11:06.464624,23.982847,86.851887
fa62a8c5-9e1e-4129-8237-a7e2b024d57d,c4fd7cb5b3b86b81,MIC-TWCR-8129,MICRO_ATM_CSP,414267.92,2023-01-10 12:24:27.221402,28.174294,77.058284
7dd0939d-a6f9-425b-a035-cd5303e581b6,6719077e3a6cd655,MIC-JSDY-1998,MICRO_ATM_CSP,91576.68,2023-03-04 22:57:41.589766,23.979125,86.824948
14e8c337-a97f-4072-ae9a-ba7176a9f32b,4c33d093c4bea6f0,ATM-TQUT-0300,ATM,30525.56,2023-03-04 23:44:59.989690,22.542062,88.330867
250dfa30-707e-4e1a-9d3d-78ad2d26ed79,6da47df28d1aad11,MIC-WEGG-8283,MICRO_ATM_CSP,30525.56,2023-03-04 22:37:42.416220,30.827934,75.84567
6eb6aa3d-9879-4bb1-b768-16aff83cf764,ed25b3310f976d9c,ATM-OCYC-0128,ATM,30525.56,2023-03-04 23:26:15.474462,24.190039,86.275914
ed11e513-3fbd-4426-a1f9-cfa517a0e8ba,db4060301879ed71,MIC-ZANM-8247,MICRO_ATM_CSP,70830.63,2023-09-12 13:41:41.865775,22.6613,88.34866
697feb5b-a879-4674-99da-55317059f090,e8c8577ea9141637,ATM-MXOM-5303,ATM,35415.32,2023-09-12 13:49:45.549172,28.478369,77.460556
61ef83c4-df17-4a89-8b66-8c7e942315db,b6061c939aa88bd7,ATM-EMWC-9567,ATM,35415.32,2023-09-12 13:09:51.811444,24.145785,86.305154
351b1630-df68-4652-862d-cd0f2098c5d8,79a8772dff7b3fdb,ATM-IZTJ-0869,ATM,55927.17,2023-01-01 07:20:23.435693,24.262846,86.368121
f26277d5-043f-4ca6-aafa-6d67e3983f2e,8595d99a4d487472,ATM-OZMG-2873,ATM,55927.17,2023-01-01 06:59:21.125631,28.623719,77.385867
665088e3-9517-4c2b-9371-5edca180ff3a,40a7839d77ce9523,MIC-YIWP-8029,MICRO_ATM_CSP,27963.59,2023-01-01 07:18:17.948491,30.901064,75.844588
a02560a9-0368-472e-9712-b23d07807b95,a1c22d172367ec5f,ATM-QBQX-2383,ATM,27963.59,2023-01-01 07:40:33.718511,22.576099,88.484686
69cd3134-3298-44b8-961b-9ab78c0f346c,7b68689a915b1865,ATM-NBHB-6885,ATM,32410.88,2023-06-23 09:57:57.531531,28.528383,77.440087
0faf4265-6fec-478d-bfb5-47edffdeed94,6db21f4c4eca72d8,POS-XEGA-0738,POS,32410.88,2023-06-23 10:07:28.989029,28.04836,77.015898
1895eec8-d142-4ae8-a7da-2f5e311b0308,6da47df28d1aad11,ATM-HUJB-3704,ATM,32410.88,2023-06-23 10:04:49.726639,30.846146,75.811336
97546805-208f-477f-8ffc-7f92079855de,94d6f63ab19d86b2,ATM-CSYY-5348,ATM,48616.32,2023-06-23 11:48:39.182647,23.958108,86.785919
92236c82-5d68-4a15-8f8f-b10adb645955,89d7b75cd9122aad,MIC-FWXR-7880,MICRO_ATM_CSP,48616.32,2023-06-23 10:33:04.695683,30.941138,75.896448
8c15df8a-7491-49dc-8dea-7aa867dd1cda,15bc62bab6812a87,ATM-OWDB-0774,ATM,4092.23,2023-02-28 08:34:20.613495,22.670534,88.393863
488cbe6f-0b22-4130-8e17-6d98aef783f4,82c9eceffb3a9628,ATM-OLSJ-1070,ATM,4092.23,2023-02-28 08:56:23.530792,28.527032,77.405566
b65e9758-5714-4edc-abec-6484cb518e33,2ac4a8b096d7bd21,ATM-XYAD-7742,ATM,4092.23,2023-02-28 08:51:03.571001,28.549086,77.310095
f8d4d761-6e2f-4b71-ac57-5fe8b93a962e,4b2f70600e0981d6,ATM-ZZUG-3789,ATM,8322.88,2023-08-20 23:19:25.226086,28.601643,77.449188
7b75cbd4-49da-4e42-bd3f-f869ae0a3e03,fbdf11c16c6f1158,MIC-EHJV-9866,MICRO_ATM_CSP,8322.88,2023-08-20 22:52:42.942904,28.602208,77.415445
9455003d-fcad-41a9-84f6-4f3ce618a4a5,78a973ba4ad6b938,ATM-NTCG-7584,ATM,8322.88,2023-08-20 23:54:19.491434,28.063606,77.014646
13e6a955-5feb-45b0-8a5a-0239d8eb38a1,ed25b3310f976d9c,ATM-GRZK-2625,ATM,12484.33,2023-08-20 23:14:25.069384,24.146542,86.231045
287483b8-99bf-4e39-a3dd-d050ab72be91,6da47df28d1aad11,MIC-YTBW-9519,MICRO_ATM_CSP,12484.33,2023-08-20 23:10:20.281946,30.799459,75.867611
c36ac561-09e9-4d23-b7ca-68f0228f90f2,30bc88d810aef42b,MIC-XRZW-5403,MICRO_ATM_CSP,12484.33,2023-08-20 23:01:56.595636,28.546392,77.433756
e2f3858d-d954-4f0c-ab81-96ba0fcc9b37,6da47df28d1aad11,ATM-GEJD-6658,ATM,12484.33,2023-08-20 23:38:55.383713,30.810786,75.851256
04f05546-af61-4d68-8519-28e6e12b7dc3,7a25be9714d338c3,ATM-NMSF-4991,ATM,37452.98,2023-08-20 23:06:06.741715,28.441101,77.321879
56ec5ac2-9575-4c21-b012-efe9e5109238,5234e2681fb4977e,ATM-MAVE-5653,ATM,18726.49,2023-08-20 23:16:27.283833,24.335327,86.373685
ccd0460c-ad61-4e3b-840e-c5e0108d9d0d,6da47df28d1aad11,ATM-BOPZ-0445,ATM,18726.49,2023-08-20 23:16:19.317023,30.971215,75.832024
229d618a-c97d-403f-97c4-1a699a0c1dbf,5234e2681fb4977e,ATM-WQKQ-1619,ATM,37452.98,2023-08-20 22:57:58.820555,24.217651,86.26219
94280de5-bb86-4031-9ec8-312b323ef48c,15bc62bab6812a87,ATM-YANQ-8300,ATM,37452.98,2023-08-20 22:48:11.243058,22.562375,88.401227
86e4d719-c72c-4e66-9821-6c2f7add0011,249a5fdb3aa3e639,ATM-STMO-1244,ATM,9255.38,2023-08-04 17:56:48.048321,24.190288,86.41024
50549f15-ac9a-4bc5-8b02-06d064cd35fb,4033db100a1cc8ba,MIC-TVVU-4362,MICRO_ATM_CSP,9255.38,2023-08-04 17:25:54.837339,19.06029,72.875964
df766449-9eae-4738-8d2d-be07eac53214,e3d62aedfb9d3703,POS-UESY-8466,POS,9255.38,2023-08-04 17:18:47.631643,13.081974,80.222304
dfa82187-f733-490a-bbec-dfc89d4d7be9,e2008e1b14bdb6c8,ATM-HNEB-6857,ATM,13883.06,2023-08-04 17:43:28.231169,28.520466,77.405753
c14b2886-b5a6-4c28-81d6-752b0499de7a,4d615301bf0f358a,MIC-VUWC-1318,MICRO_ATM_CSP,13883.06,2023-08-04 17:15:37.745728,30.92979,75.883749
385ce58c-9982-4936-a68b-79dbbe448d12,4d615301bf0f358a,ATM-TILS-9841,ATM,18510.75,2023-08-04 17:13:08.777414,30.907954,75.819662
5915f5f4-63b0-4509-8cf0-36439e8a149d,25b04eca97925f46,POS-ARIN-2719,POS,18510.75,2023-08-04 17:34:57.857760,24.167904,86.334225
4a4ecbe9-6369-46eb-97aa-7faeb1b70167,a1ad02ba32ffeec8,ATM-ARLT-2300,ATM,18510.75,2023-08-04 17:29:13.909283,24.261052,86.277893
6260bbc2-bb8b-4115-804b-b0bd195f1340,6b58ba7092cc6adf,ATM-TRWV-2587,ATM,9255.38,2023-08-04 17:24:37.708603,22.58492,88.38064
c3ed72c6-2ddf-4318-91df-11784244bbd1,91ff603347d3f90a,MIC-JVDH-2822,MICRO_ATM_CSP,9255.38,2023-08-04 17:19:25.957153,28.110876,76.937666
3ffb4f7a-b714-49ac-8de4-c1cc942f6e62,800f97ed69d44439,ATM-NIYC-1816,ATM,9255.38,2023-08-04 17:25:14.245046,28.096937,76.965975
e28fbb0e-7d7b-4790-b13a-32a8065d83b7,4d615301bf0f358a,ATM-XRZE-6262,ATM,13883.06,2023-08-04 17:13:54.096676,30.894773,75.851146
e7f83944-8118-4918-9450-19963996f29e,a1ad02ba32ffeec8,MIC-NPMT-0032,MICRO_ATM_CSP,13883.06,2023-08-04 17:34:06.213568,24.169481,86.338567
b4abae39-4b02-4641-b56a-ea8da182d3ee,04cb4af66bbc9cd7,ATM-VUDJ-5625,ATM,9255.38,2023-08-04 18:10:34.094748,28.450565,77.370009
de7b8560-a3a8-4956-b140-fc4b06149a1c,7fe57d0ff66463b7,ATM-UZKE-8905,ATM,9255.38,2023-08-04 17:37:27.360076,22.547158,88.367768
d2e1acf0-2c11-4e45-846d-87c0b13506cc,7878fbab6ddda2f9,ATM-RXCR-7454,ATM,9255.38,2023-08-04 17:38:59.347274,23.897577,86.821726
e9a0c213-06c0-43fd-a91e-c945b3c31c65,f0cab7fa2fa3bdf5,ATM-VMDI-6081,ATM,27766.12,2023-08-04 17:46:08.409644,23.956894,86.824504
96042b59-6d42-4f14-87b0-fb94981e8f62,be8983f366c5d07c,MIC-WBNC-6510,MICRO_ATM_CSP,14553.22,2023-07-14 22:36:09.052674,24.276537,86.291261
8b60b0ab-401b-4db4-800c-9f30ce825a24,6da47df28d1aad11,ATM-QOSO-4443,ATM,7276.61,2023-07-14 23:06:12.771020,30.911404,75.897998
fae4d280-9e09-4517-9efb-3c9a0b8888a1,0f39aa3b13e7e3c0,ATM-WPTB-8612,ATM,7276.61,2023-07-14 22:45:43.392467,30.948295,75.904249
83853d0a-6357-4e11-b7b0-e5dde8a9397a,04e45c79972ecbeb,MIC-WPBV-4435,MICRO_ATM_CSP,4851.07,2023-07-14 22:46:54.349217,19.089687,72.862548
6715d3e3-4c23-48e1-a4d4-f3300290873a,0f39aa3b13e7e3c0,ATM-MQAS-9876,ATM,4851.07,2023-07-14 23:04:20.283379,30.907792,75.807825
2302a9ee-efa5-4e0b-a977-dc8c2f701d6e,f0cab7fa2fa3bdf5,ATM-HNGY-9105,ATM,4851.07,2023-07-14 22:28:32.625494,23.988614,86.777496
5e11d152-13ab-4c01-94e3-71a4eab2591d,5f314f6228b18b11,MIC-UOBS-2195,MICRO_ATM_CSP,10914.92,2023-07-14 22:10:39.977320,24.272632,86.26614
67f213e6-670d-4bdf-9e15-7f1b6e2aec51,793bb65021361c99,MIC-KWVM-3282,MICRO_ATM_CSP,10914.92,2023-07-14 22:31:41.165447,22.689959,88.35271
3b510977-6212-49af-b3de-d5ddd31d7aa6,6719077e3a6cd655,POS-PNIF-5936,POS,10914.92,2023-07-14 22:20:05.852693,23.997894,86.808797
15b55493-5d7f-4658-b8a0-959df5a87776,87cad92e65ebcdb6,ATM-QIRJ-9972,ATM,10914.92,2023-07-14 23:24:54.564943,28.501242,77.41683
48783b57-1547-46ae-8127-ba38b46c829c,91b86f426cd2cf59,ATM-YAOF-1413,ATM,14553.22,2023-07-14 22:13:08.882609,28.539172,77.353685
278468b5-8c10-4f76-a5a5-71c5eed84ccd,2c44e83fabfdabca,MIC-LSAH-1112,MICRO_ATM_CSP,14553.22,2023-07-14 22:14:25.695484,23.931945,86.75733
088f69a9-7d21-4a9b-8545-cb52ff8c262e,9dbe3525d7d0e203,ATM-OADD-4784,ATM,7276.61,2023-07-14 22:37:12.246998,24.227624,86.360315
11279707-5b82-4fa9-8633-c672a35eda05,131a7708363db506,MIC-TWQQ-2539,MICRO_ATM_CSP,7276.61,2023-07-14 22:41:34.361042,22.604462,88.439211
7239c538-0e78-485b-a162-1f25c630b147,e3ca269f60d6d65f,ATM-JTRJ-5134,ATM,7276.61,2023-07-14 22:51:08.201885,13.111989,80.273361
743f7cda-c073-49b1-941b-6025e36327b7,131a7708363db506,POS-HGCI-1871,POS,7276.61,2023-07-15 00:50:50.386875,22.58727,88.387995
3c21a0b6-9dc0-481e-923c-df8fb48e6eb7,edaf410540b5230f,ATM-KMYV-9591,ATM,29106.44,2023-07-14 22:35:20.895002,24.045645,86.791419
c7356ae4-4a33-434d-a579-daf798de47cf,fc8676e6a3807581,ATM-AVST-9611,ATM,62140.8,2023-12-09 22:10:02.272866,19.011074,72.886657
21fa2547-5d80-4a5a-81cb-d92d4a09a831,5740c30c9a2b3355,ATM-IMVY-2340,ATM,62140.8,2023-12-09 22:45:08.085525,13.107426,80.290833
4ba7a617-8909-4ee0-9b76-69c54a64a068,f1768bad6f1e3ce2,MIC-FQHX-6454,MICRO_ATM_CSP,62140.8,2023-12-09 22:31:53.019990,19.104031,72.956374
94857378-ec2c-4d8b-8378-e98b0ac960af,5740c30c9a2b3355,ATM-UNWN-2284,ATM,186422.39,2023-12-09 22:20:12.571903,13.072177,80.329616
1b866e98-e292-4bc6-8def-187bb8572f10,15bc62bab6812a87,ATM-WIGP-8329,ATM,7849.79,2023-05-25 17:55:41.626221,22.485157,88.404977
c88e7a73-17a3-4b5f-8324-1982c52f7702,5234e2681fb4977e,ATM-TAMV-9183,ATM,7849.79,2023-05-25 19:15:30.032006,24.279945,86.307316
0ed8a869-71d9-409f-95b9-5fca5d8973ae,78412091d3702307,MIC-JWSO-2718,MICRO_ATM_CSP,7849.79,2023-05-25 18:07:17.187526,28.216552,77.070875
e0a40959-9a9c-4bfe-9020-2495ad21d1b0,15bc62bab6812a87,ATM-QZAJ-5623,ATM,7849.79,2023-05-25 18:26:26.113792,22.544407,88.42415
a94c2413-2936-4354-bddc-99fe9e4c72e3,aefb9520732cf5fc,ATM-ZDDR-8042,ATM,10466.39,2023-05-25 17:56:44.030693,22.512223,88.336118
c6f877ef-59be-4dee-9e1a-9265b92562fb,25b04eca97925f46,POS-IXIP-4338,POS,3488.8,2023-05-25 18:29:25.195792,24.181248,86.302615
fb4f2725-43a5-4db3-a4e3-201a76adedd0,30e3b2726849cf25,ATM-ZWVG-1293,ATM,3488.8,2023-05-25 18:46:25.711922,28.510382,77.384907
9fac21c3-8fe7-4558-ab7b-50345903f6c6,38a341c387bf6b0b,MIC-KZHE-4101,MICRO_ATM_CSP,3488.8,2023-05-25 18:10:27.192716,28.12828,77.006537
3720d7ee-24d7-472f-b060-63136e72d283,6877ffca8e5a30eb,ATM-VOQH-1812,ATM,10466.39,2023-05-25 18:21:47.963953,24.183067,86.354255
7f74fda8-ec0d-4149-92fe-4d7fa09eacee,0766e1d476d3074f,ATM-OCWV-0485,ATM,4415.1,2023-11-04 21:02:31.392418,28.559828,77.41691
c333e25b-2016-4658-b933-92f716e43baf,5388feb4869a504b,MIC-WJNE-1827,MICRO_ATM_CSP,4415.1,2023-11-04 19:46:07.289226,23.898775,86.755711
047fc35d-2d16-44b0-9c32-9a297ae77038,7fe57d0ff66463b7,ATM-RDOM-8894,ATM,4415.1,2023-11-04 19:39:00.264597,22.569698,88.369878
d27e5e9c-99f7-4119-8ece-4b4278dd8e90,522a65badd42c641,ATM-PLWK-1165,ATM,223795.42,2023-03-09 01:34:11.799991,24.157976,86.307023
fc28730f-2722-4bad-80e4-006b03a2b3f1,f79cd1fb09127f5f,ATM-TLCM-4025,ATM,344872.61,2023-05-08 18:40:25.775624,30.981982,75.856581
28b35647-426c-4abd-a2eb-8efd6708176e,801c737176bab764,ATM-XTIZ-8809,ATM,43853.22,2023-03-19 21:10:27.760183,30.905676,75.863661
d29efe20-aa44-4f3c-b39e-67a5f2ce5c79,d81d1683ecaac229,POS-YAGA-7179,POS,43853.22,2023-03-19 20:47:32.993940,22.448803,88.280053
a653e6b8-72ac-41a0-8bfb-98bf9e84e787,6da47df28d1aad11,ATM-ZNTR-9133,ATM,43853.22,2023-03-19 21:58:55.081305,30.910682,75.849906
adc6123f-2f37-4715-a16c-1364467cd98b,d81d1683ecaac229,ATM-HYHO-4474,ATM,65779.83,2023-03-19 21:01:55.336958,22.628325,88.246429
f58757fd-8744-4639-81a2-fd7c49e8d6da,38172de70c053844,MIC-TSJE-4384,MICRO_ATM_CSP,65779.83,2023-03-19 21:01:09.499340,24.173549,86.373126
2f1b72b3-5c93-4ec7-a980-93c2573709fc,2cea95cfb3bfcf81,POS-IJNH-9478,POS,13899.75,2023-06-20 19:38:20.768227,22.59082,88.345984
9d1f0043-c782-451c-8e23-81032b4f5fa6,f8f70366a172abf6,ATM-SHRE-5014,ATM,13899.75,2023-06-20 19:31:11.800000,19.039438,72.817715
9af2c131-a878-46ad-b7aa-f6b30e3230ec,2cea95cfb3bfcf81,POS-IBUG-1997,POS,27799.5,2023-06-20 20:02:45.111211,22.549964,88.352123
957a1ce1-a59d-4114-8362-ca4582c865b6,e8c8577ea9141637,POS-COQK-0991,POS,112284.13,2023-04-07 11:25:21.786995,28.493466,77.415265
ee41e12b-8424-476b-be07-11573547701d,f067cd13d9bb540e,ATM-VDIG-6714,ATM,37428.04,2023-04-07 10:53:20.296372,23.89308,86.87654
6c05e041-3f4c-4db7-808a-5d83b22c99a2,76b7a36222fb4dbf,ATM-CDZS-7393,ATM,37428.04,2023-04-07 11:34:44.198967,28.075012,77.014946
8fdd9846-c52d-439e-bddf-2c6622a27fee,c6add401e808d068,ATM-EREN-7965,ATM,37428.04,2023-04-07 12:02:33.188558,28.496728,77.324071
58e12717-837c-4ae2-9b7e-5865a09fc749,45243675010d84fb,POS-ZSKR-7463,POS,19895.7,2023-08-26 23:00:08.371512,28.066885,77.039866
4b8b2adb-b7f1-4086-8d5a-6f9ef904c8bb,d799d9a9330ffa26,ATM-JZBP-9992,ATM,9947.85,2023-08-26 23:30:44.241605,24.236197,86.326508
546108b1-56a4-4309-9fbd-c3e78abb853f,a40844e151329aea,ATM-HGXS-4097,ATM,9947.85,2023-08-26 23:34:33.275898,24.318262,86.272695
a988da39-adae-457b-bc6a-85522ce25b1d,0f402318041204af,ATM-WHQH-9566,ATM,9947.85,2023-08-26 23:17:46.996418,24.188223,86.229962
7322ce9d-5e0b-4821-b5e5-24a0bd124799,76e37cd876827e1a,ATM-SERL-8778,ATM,9947.85,2023-08-26 23:02:58.958971,28.100356,77.006842
203fd495-74b5-4cd6-a17a-c409686b87bf,09faa805bb9366e1,ATM-JBKJ-4195,ATM,29843.55,2023-08-26 23:03:21.906550,13.100377,80.268388
ac4d8447-d357-4160-86cf-22a26e364921,a77e1110504ea4de,ATM-WZXP-1513,ATM,29843.55,2023-08-26 23:32:10.480837,24.14887,86.325533
f0e14265-51e0-4d98-b4fc-e9b0e2ed1563,36743817547696c9,POS-MITF-2327,POS,53760.53,2023-04-30 20:46:15.439854,23.97677,86.885331
6f7c974e-6495-44ed-b81b-a78c8fed2b40,e8c8577ea9141637,MIC-HZAY-1522,MICRO_ATM_CSP,53760.53,2023-04-30 20:41:51.934649,28.519214,77.485675
d2d6ad09-ee53-4859-8981-8351042127ea,90c719afbb7ddcc0,MIC-GSQN-2407,MICRO_ATM_CSP,53760.53,2023-04-30 23:00:56.703572,19.067908,72.796753
32b5838c-bc07-4bf6-a8aa-1435c82b8bd9,b8fbafa1b8d2fdba,ATM-FAGY-1051,ATM,80640.8,2023-04-30 20:37:32.506306,23.962185,86.85243
e4a70127-9a06-4707-9f8a-b6e2d77c9b8a,6719077e3a6cd655,ATM-ZUDG-1061,ATM,80640.8,2023-04-30 21:40:18.860953,23.871079,86.839036
5f204201-b7b3-411d-9a7f-47ffc0bfc46a,870522376f60b02a,ATM-VGTR-1401,ATM,174657.9,2023-10-04 03:18:04.107210,19.028602,72.772195
5be2a87d-fb9d-459f-89ad-23e21c66f818,fad5cbcf2a4d463c,MIC-UDNZ-9291,MICRO_ATM_CSP,174657.9,2023-10-04 03:03:15.504111,30.926477,75.984958
446504e7-0904-4493-ba8b-68c0b002f8ef,a77e1110504ea4de,MIC-HMCT-0487,MICRO_ATM_CSP,64964.97,2023-02-24 20:28:34.647055,24.279145,86.304893
821ba731-5037-4d2a-a4e0-e84a521a7c46,6a6e914928a94ec7,ATM-JNRN-9746,ATM,64964.97,2023-02-24 20:11:42.685504,28.082851,77.007457
52bdd6f8-f608-437e-b96d-fc38c4375edc,c3f72c30b76aac18,ATM-SVGJ-9076,ATM,222985.66,2023-03-28 08:23:38.317178,28.531808,77.489637
4105ee0d-1fce-4bff-b603-fc805c945e3f,392ff47fb759eb21,ATM-FCES-1713,ATM,222985.66,2023-03-28 08:18:09.795509,28.495493,77.431574
13dc751e-5b94-4ebc-a215-102655a2373e,c05a5b6ef117bd25,ATM-GZVF-3230,ATM,12789.86,2023-04-28 10:24:59.978555,28.117105,77.107682
501e405f-f8e1-4b7f-9e4f-5cf827253a4f,77323791caaf34e8,MIC-MXHH-4350,MICRO_ATM_CSP,12789.86,2023-04-28 10:47:22.422128,28.555947,77.392945
f7187235-cfa1-4917-9e96-ef6463897b8d,25b04eca97925f46,ATM-XMQA-3757,ATM,8526.57,2023-04-28 11:27:54.265852,24.205231,86.220518
ccb67025-7201-42ee-988a-b0d000b9f417,b40cfec92900ce51,ATM-ADNX-9865,ATM,8526.57,2023-04-28 10:16:06.963213,24.246612,86.331782
1ba41e02-bbf5-45c1-b036-630e6f37cd92,05e58b535004d596,ATM-WBAU-9609,ATM,8526.57,2023-04-28 11:44:41.379424,13.124908,80.275461
f6c38289-2ccf-4ac7-9917-fcb75722d0b0,90ccc2d3d41485de,MIC-VFNR-7949,MICRO_ATM_CSP,17053.15,2023-04-28 10:30:18.315743,28.172737,76.976111
f94e0b1c-54df-4aa3-923b-c72dd212a319,77323791caaf34e8,ATM-YODH-3581,ATM,5684.38,2023-04-28 10:23:07.997915,28.609254,77.447137
9b6ceb44-bb3b-47e0-be4c-37c23ec5a6bf,022fec248c97806e,MIC-QRDX-8570,MICRO_ATM_CSP,5684.38,2023-04-28 10:41:49.617266,24.209589,86.255453
1bb5f700-5d9a-4ac1-a509-994d0b04208f,05e58b535004d596,POS-YBGM-4444,POS,5684.38,2023-04-28 10:05:52.522559,13.136208,80.371584
add22611-4eed-401e-b21a-c00d6e8d6256,b2e3e791ec389fae,ATM-KJMF-2537,ATM,8526.57,2023-04-28 11:37:56.424013,23.921952,86.801354
f7e03b44-f947-459c-b5c0-010ba9859447,5fb01e701e601441,POS-TXKH-3271,POS,8526.57,2023-04-28 10:43:19.313372,22.508865,88.31805
6e596a5b-47e5-48c4-a93e-e84b7e0b7254,6877ffca8e5a30eb,POS-RCWV-6397,POS,25579.72,2023-04-28 10:07:35.289657,24.121224,86.311717
aea34b24-a1d2-4f5c-a019-e0b8afb1a616,b2e3e791ec389fae,POS-RUNN-2064,POS,8526.57,2023-04-28 10:42:29.984171,24.037427,86.83597
98375a84-76d9-4490-8b7c-e32ca522c8da,c05a5b6ef117bd25,POS-UYBK-9330,POS,8526.57,2023-04-28 11:40:12.398702,28.137766,77.030493
3ade48df-457f-4c59-8db1-f1e5c0b05436,9fd752d9d0ccdbb9,ATM-JIBV-4242,ATM,8526.57,2023-04-28 10:13:46.545669,23.988205,86.849712
5cf39b66-98e7-4d63-bc82-27800cba8c67,05e58b535004d596,POS-IMMU-2152,POS,8526.57,2023-04-28 10:00:50.846781,13.13484,80.338213
b52c84e7-0952-4ed9-8b35-ff37c7d379bf,25b04eca97925f46,MIC-ATMF-0862,MICRO_ATM_CSP,8526.57,2023-04-28 10:02:28.948500,24.169175,86.350641
2dc51408-043f-4122-adf1-8c0b38c0246f,b40cfec92900ce51,MIC-BQRQ-1508,MICRO_ATM_CSP,17053.15,2023-04-28 10:27:39.079699,24.275156,86.282616
9a7eb556-085d-4540-9d7d-2cfba62d8d86,febf24426daa34df,POS-NWNY-4692,POS,8526.57,2023-04-28 10:14:33.373730,19.034643,72.933099
cb6f7c7d-3b37-4d0a-8eab-8bb24d86eecf,b40cfec92900ce51,MIC-ODHO-2134,MICRO_ATM_CSP,8526.57,2023-04-28 10:10:41.186873,24.270644,86.287984
f2993920-56c2-4368-99e9-84e68cdcd551,6b58ba7092cc6adf,ATM-LOFO-4381,ATM,12789.86,2023-04-28 10:20:21.497342,22.639459,88.430006
9cd88e7a-5267-4e77-bb1c-f20ac8b28c45,25b04eca97925f46,MIC-ATYD-8347,MICRO_ATM_CSP,12789.86,2023-04-28 10:13:10.120148,24.187371,86.272417
fad5a37e-7229-45f1-881c-a09c4a6ae126,25b04eca97925f46,ATM-XNRC-8575,ATM,12789.86,2023-04-28 10:39:00.005328,24.170822,86.312836
18006a60-e3c9-4d61-8ab4-12e3c9acfbda,4214d918811a3778,MIC-JGKE-1893,MICRO_ATM_CSP,12789.86,2023-04-28 11:06:13.049722,24.160592,86.253264
1740ee85-60b7-422e-aedb-8f1f39e43f17,b40cfec92900ce51,MIC-YSVR-2461,MICRO_ATM_CSP,25579.72,2023-04-28 10:29:31.543272,24.166822,86.351838
9107b37f-a04b-40d1-ab68-a3816540530e,9fd752d9d0ccdbb9,POS-TKPP-9352,POS,25579.72,2023-04-28 10:26:41.207121,23.956397,86.777045
0a935f8b-d041-4029-97c9-8a3100bee348,55b4926e5d4cc375,MIC-HNXU-8845,MICRO_ATM_CSP,12328.97,2023-09-03 06:49:02.349636,23.956309,86.849588
4482d35f-30d1-4235-849d-2853dc9e1b43,095c1c65e3981f27,MIC-DNOI-5365,MICRO_ATM_CSP,6164.48,2023-09-03 06:58:51.726353,23.934924,86.841035
b4f76ade-a41e-4e75-a0d2-3e81371a4783,9f2c367e9ecb304a,MIC-OLSD-0890,MICRO_ATM_CSP,6164.48,2023-09-03 06:58:45.712153,24.019806,86.823854
51273b28-b8c9-4ce9-9085-7a5710c1900c,6877ffca8e5a30eb,POS-YCFO-9967,POS,6164.48,2023-09-03 06:25:10.336927,24.275127,86.287897
402595f7-4ae2-423e-bbd7-39cf4e14ef47,6719077e3a6cd655,MIC-SSEJ-4152,MICRO_ATM_CSP,6164.48,2023-09-03 06:44:31.345009,23.981662,86.859864
e03fa918-4aa0-4df4-a1ca-c681db2f5cc2,6da47df28d1aad11,ATM-RQNW-9638,ATM,12328.97,2023-09-03 06:47:37.494822,30.91487,75.886198
c76d983c-a0b8-4a95-aa7a-f9abc0df76e6,1dfa14d724111f5a,ATM-BTNJ-9667,ATM,158179.08,2023-07-16 11:58:40.464253,28.495235,77.395937
eef69241-b917-4845-926b-024187773293,a17d089448d398b5,ATM-SEUA-7157,ATM,52726.36,2023-07-16 11:32:01.250862,22.571603,88.451209
05f88bc4-cdc2-44cb-851e-04ebcfd0598d,ba7b0c09f0862541,MIC-WYSZ-5526,MICRO_ATM_CSP,52726.36,2023-07-16 12:14:54.110518,24.177961,86.295742
bd53de99-e2de-45fc-9cbd-15e8a546aaef,91ff603347d3f90a,MIC-ZCRQ-7298,MICRO_ATM_CSP,52726.36,2023-07-16 12:43:00.875307,28.14721,77.040377
097c8246-dbef-4e1d-aa4e-d0a0067f5ab3,9dbe3525d7d0e203,MIC-JWOS-8699,MICRO_ATM_CSP,203017.14,2023-02-26 18:54:29.455165,24.117183,86.221824
3c6e9063-fc23-4636-a752-721b0d5d5c74,131a7708363db506,POS-RXMS-9768,POS,203017.14,2023-02-26 18:34:36.631726,22.538698,88.279791
b0663eed-6b23-43e2-aaca-ba7c40aaf1b1,095c1c65e3981f27,ATM-ETDW-1506,ATM,50345.6,2023-10-06 16:21:53.907551,23.955165,86.824181
b1dda716-9cf6-4479-9448-14a108d7fa5e,6da47df28d1aad11,MIC-VGBD-0232,MICRO_ATM_CSP,25172.8,2023-10-06 16:30:48.320345,30.981126,75.827899
56e903a4-2721-4193-ac6f-f4a944254749,91ff603347d3f90a,ATM-YHGV-1508,ATM,25172.8,2023-10-06 17:05:57.890941,28.105438,77.04729
dbaf614f-7334-4cb6-b8f2-8c173cad2987,b92b6e9f899d8fd9,ATM-MNQU-9916,ATM,33563.74,2023-10-06 16:15:46.779992,22.597656,88.396147
385d9c93-5ad4-4c75-b318-f6a13705d4b7,b2e3e791ec389fae,MIC-MBGI-2882,MICRO_ATM_CSP,33563.74,2023-10-06 16:18:15.483254,23.923861,86.764262
514677be-bb91-4d0f-b2c4-e0d9e81b4544,48446ecf394d530e,ATM-DLXB-4775,ATM,16781.87,2023-10-06 16:34:43.112833,28.49019,77.362402
95077b37-3904-4393-8c8d-3beb5e537388,b92b6e9f899d8fd9,ATM-WARR-3405,ATM,16781.87,2023-10-06 16:31:00.821332,22.645062,88.350051
1486f2ef-5442-4709-be62-81d5793f5458,708e9a1b3e04ed99,MIC-ASNZ-6153,MICRO_ATM_CSP,6037.92,2023-08-02 19:04:23.009592,30.870189,75.941386
f255a052-64d4-4beb-84d2-03e8c48d5ae4,94fdc6b8e876af4b,ATM-TDDP-9045,ATM,6037.92,2023-08-02 19:20:35.217517,28.559004,77.456061
2765ddd1-9d44-44d2-b359-940f0ecbdd05,0f39aa3b13e7e3c0,ATM-WEOJ-8698,ATM,6037.92,2023-08-02 19:50:06.841343,30.941504,75.836122
c75b6e4f-ea12-4c18-8c5b-8cd5f2fb56ac,392ff47fb759eb21,ATM-BMLQ-9125,ATM,9056.88,2023-08-02 18:56:29.830567,28.565052,77.409141
aabddfeb-91ee-4180-8eed-6e6857ed4a93,c3f72c30b76aac18,ATM-JXGQ-4148,ATM,9056.88,2023-08-02 19:12:09.435551,28.545892,77.39925
622be3e4-e8f7-4d85-a8d8-3734f10804ca,f21c8fbd73df9e0e,POS-YYUL-3462,POS,6037.92,2023-08-02 19:21:11.663861,22.632983,88.381506
32abcf95-4144-4d4d-b81d-f32883aa0703,f6b2ba68fde1e997,ATM-NTQU-1372,ATM,6037.92,2023-08-02 19:23:31.375641,22.477273,88.411707
685031da-c2dd-4ef6-8ffa-21b5ed7dd1fd,edaf410540b5230f,ATM-LOFE-0270,ATM,6037.92,2023-08-02 19:16:06.508188,23.880084,86.885372
01995478-8d85-448a-a311-c829da16ea6a,0f3e1c23ab2acd64,MIC-JXDY-2325,MICRO_ATM_CSP,18113.75,2023-08-02 18:53:24.855498,18.976692,72.914178
36452af6-8077-4489-a6a6-e0b2688a3b48,b54aa42950315b45,MIC-WDCJ-9418,MICRO_ATM_CSP,18113.75,2023-08-02 19:35:13.187593,30.948381,75.866125
97b03bc5-b0ca-4d93-8a17-cf6d8623743c,a40844e151329aea,ATM-WYNU-2022,ATM,18113.75,2023-08-02 19:05:22.218117,24.172844,86.362425
35dccfd5-6241-458f-88b3-be1ae800a9e1,f6b2ba68fde1e997,ATM-RJFF-2550,ATM,459623.84,2023-04-19 00:28:05.799220,22.618068,88.457364
877019b7-d867-4ef3-b5ec-dc737016b7a9,ba703db5e0293b48,MIC-REUI-8984,MICRO_ATM_CSP,208074.83,2023-06-16 16:53:00.737626,22.572046,88.398626
61ebefd5-4909-4199-a11b-c560346d5405,0f402318041204af,ATM-YSDN-3784,ATM,25857.17,2023-11-23 03:43:31.218129,24.165528,86.362538
28356a20-2d56-481a-bd9b-379d8afec1e2,6719077e3a6cd655,ATM-RCQY-2946,ATM,25857.17,2023-11-23 03:49:07.349436,23.913197,86.7558
fb5f0566-0301-4ba7-946a-8f8bd0d8fc0c,c7f66b5e1cfdc547,MIC-OLHV-6339,MICRO_ATM_CSP,25857.17,2023-11-23 04:26:22.820960,19.081046,72.855485
2f394422-5ce1-4ead-87f1-d99a24204465,e01c434b0d177165,MIC-NOUY-5171,MICRO_ATM_CSP,25857.17,2023-11-23 04:21:25.721404,28.571543,77.409512
a7c362ff-0253-43b7-9f54-c3eab42d6730,7dfe46ee8d6ea258,ATM-SDPD-3808,ATM,25857.17,2023-11-23 03:41:24.899895,24.220995,86.323258
dec16e34-ab01-491a-9cc9-208506d3b8fd,90ccc2d3d41485de,ATM-XWXN-9520,ATM,25857.17,2023-11-23 03:57:01.576167,28.129964,76.994767
8c6dbed1-066d-4cc9-9562-6e7b20da8405,96739c6dc7f02b5f,MIC-EDQU-7519,MICRO_ATM_CSP,25857.17,2023-11-23 03:34:17.829374,30.909764,75.974906
d2219248-b7d5-4571-accb-fb88fa55a68f,ae35003a1df2f0e2,ATM-KDKG-4435,ATM,25857.17,2023-11-23 04:34:24.388473,28.530086,77.332405
c0f64617-9550-495b-8415-8deb7cd380dc,095c1c65e3981f27,ATM-GBFZ-4098,ATM,25857.17,2023-11-23 04:21:38.812320,23.974906,86.760989
eadd6b30-8de6-42f3-9d7c-4300b907cf3f,314ff6665437dae9,ATM-IFMP-3326,ATM,25857.17,2023-11-23 04:20:38.581575,23.99725,86.76743
995a64c5-74f6-4adf-af34-eea81523c602,9f39a0685c6ab47e,MIC-JRMZ-4262,MICRO_ATM_CSP,25857.17,2023-11-23 03:46:48.086759,23.929253,86.774583
3fcae548-60bd-4e37-ae07-bccc1411524a,be8983f366c5d07c,MIC-PYNE-6740,MICRO_ATM_CSP,25857.17,2023-11-23 03:45:07.710692,24.239754,86.337471
d18eb279-c67b-4cbf-b324-c21dcb87149a,2a17b5795aadef18,ATM-UYKT-8692,ATM,59077.24,2023-09-12 18:59:08.301325,23.855655,86.830609
fca5a4fd-cc0e-44a9-a2dd-59f62a547bd1,6db4b99434e0bedb,ATM-KLSH-6242,ATM,59077.24,2023-09-12 19:16:52.103397,22.565356,88.284009
aea50b16-e684-4f62-b98c-814ca896486c,8e5fcc4d4d7f23bb,MIC-MUMV-6290,MICRO_ATM_CSP,59077.24,2023-09-12 18:53:22.748561,24.211619,86.374409
3cf633b2-2c55-4576-9074-6788d117cf5b,d3e3dc428f4f7211,ATM-NOKR-4420,ATM,59077.24,2023-09-12 18:44:08.569210,23.899062,86.826831
15ab3ddd-4161-4847-a2e9-4365b2a473cc,3bd42b5cb95fedf9,ATM-NWCO-5744,ATM,12508.42,2023-06-16 19:52:22.665655,13.023076,80.28186
3101019c-ec26-43e6-8581-13973bd922c0,6b92513a58c1d9b4,POS-ZJDC-4397,POS,12508.42,2023-06-16 20:04:33.825836,13.13391,80.338156
1c94095a-aeef-4800-a5f6-7a0282fe1c90,2a925c837b42a9e9,ATM-SFQL-1365,ATM,12508.42,2023-06-16 20:43:15.336797,24.127088,86.287418
cbcd1300-849d-4ec8-bc98-2a1575711321,230e4faa1b38ab5a,POS-HOTX-7767,POS,12508.42,2023-06-16 19:50:43.972337,24.166945,86.242041
8742a26b-05e4-4773-b0dd-1b5db6fb089e,6c95e9c4a0ba9faa,MIC-GSMK-3000,MICRO_ATM_CSP,25016.83,2023-06-16 19:59:39.270132,24.029636,86.87375
d5b34a7c-99c2-4e3c-8174-6c431ce20e6b,25b04eca97925f46,ATM-MYZW-9934,ATM,8338.94,2023-06-16 20:05:15.998313,24.233111,86.365134
7dfa9c47-5495-4daa-9d2f-13de0aa753d8,f6b2ba68fde1e997,ATM-DSXL-9181,ATM,8338.94,2023-06-16 19:44:28.697397,22.545771,88.374518
4aa7b28b-e3f4-4003-a0c2-555aafbe0c0c,bf87b95509821633,MIC-BQUW-9065,MICRO_ATM_CSP,8338.94,2023-06-16 19:43:16.135176,19.138123,72.920992
885e4dc1-2fbc-4c07-848d-908caf3f91ba,1b753779d07e2b97,MIC-CMOK-9670,MICRO_ATM_CSP,119122.34,2023-03-09 14:51:35.496457,28.596879,77.335037
9b1e20f8-2035-4727-8596-873e8c24e4ca,91ff603347d3f90a,MIC-RNHI-4715,MICRO_ATM_CSP,119122.34,2023-03-09 14:59:00.902685,28.084255,76.965477
99284fe0-9013-4854-939a-afdc333edf19,30e3b2726849cf25,POS-PSAE-2483,POS,119122.34,2023-03-09 14:46:12.192659,28.517997,77.331663
0204ed29-9a3a-407a-b17e-652d9291fedd,eeb7ceafb88813a8,ATM-IHWK-2404,ATM,97500.74,2023-05-13 12:40:42.267202,19.057038,72.9623
0384bfd9-8925-4338-8900-d3d445e2d658,ee953cbc6fe1c738,ATM-FQUH-6091,ATM,97500.74,2023-05-13 12:24:17.585622,30.915026,75.863293
426faf9b-3766-47c6-86fb-21990adb8680,96739c6dc7f02b5f,ATM-ODGX-6808,ATM,97500.74,2023-05-13 13:09:57.193556,30.93569,75.863904
c1c9322f-2a53-4c76-a061-17a57331c4b7,150079c7a6c509ea,ATM-BHRF-2543,ATM,69399.76,2023-07-15 07:00:06.768792,28.495866,77.273698
ccb7ba52-d495-4db4-8827-a19d99e8c196,20c2089f25f299fe,MIC-YZCJ-1151,MICRO_ATM_CSP,69399.76,2023-07-15 07:02:19.242712,28.028261,76.983787
d9649455-eae4-4837-a3dd-981c7fc7e66c,c08d00055da1c6f6,MIC-AUOU-2023,MICRO_ATM_CSP,138799.52,2023-07-15 07:53:49.555791,28.071525,77.075974
b32419ad-05fb-4425-b888-873f0c75099e,8b2f80b612ad4abe,MIC-WWHD-4301,MICRO_ATM_CSP,10372.48,2023-04-29 01:33:00.959202,30.855773,75.935491
948c5662-47e4-415a-a4df-b69d25c936a8,cafd7e8e5e09f087,ATM-PWJQ-0466,ATM,10372.48,2023-04-29 01:25:36.826020,24.135304,86.334852
6fabd717-93cb-4734-acf8-73be7152ee0e,98768ceed9627cfa,MIC-ASVF-7773,MICRO_ATM_CSP,20744.96,2023-04-29 01:39:13.276719,24.000498,86.820365
7d1e1c73-6bb9-4b62-8ed6-df166e24f378,6da47df28d1aad11,ATM-HXJH-3833,ATM,10372.48,2023-04-29 01:56:14.259552,30.919998,75.852376
af6e3344-04b5-409a-8c7d-7333fbb79d47,a1c22d172367ec5f,MIC-LREW-6327,MICRO_ATM_CSP,10372.48,2023-04-29 02:02:45.053159,22.54048,88.32762
68dd9d65-c398-4625-9957-33efc6db4a00,a1c22d172367ec5f,ATM-ILSA-9298,ATM,6914.99,2023-04-29 01:53:04.972534,22.49958,88.313621
785c2bc6-f8e7-4844-a8c3-b14c6509bffe,1060b2a279af1d01,MIC-ZVYQ-1312,MICRO_ATM_CSP,6914.99,2023-04-29 02:16:18.337757,23.956951,86.876711
908076dc-ef2e-450a-9618-a865b8febe64,40a7839d77ce9523,POS-QRVJ-2237,POS,6914.99,2023-04-29 01:52:37.176882,30.899053,75.860222
9f77a2b6-21be-4938-9444-5e6165ec79ac,5f314f6228b18b11,MIC-KIZL-6347,MICRO_ATM_CSP,20744.96,2023-04-29 03:57:05.626018,24.352067,86.26739
d3c710ee-7925-48dc-a994-025d25f21cf8,c171b589b00915b9,MIC-GCOG-5041,MICRO_ATM_CSP,20744.96,2023-04-29 02:02:26.428717,30.958398,75.853574
d09a507a-4f57-487f-9730-4d24b2bb9c4f,c171b589b00915b9,ATM-FRSN-8079,ATM,41489.92,2023-04-29 01:51:01.228043,30.878475,75.899368
29cb71bd-8037-449d-a491-d155a6f0dd49,a40844e151329aea,ATM-TIEA-7938,ATM,47804.86,2023-06-27 05:36:09.603621,24.238184,86.365647
c26170d3-b837-41e6-a2b8-4150a85c529e,4a013702888d6ac4,MIC-NSVK-0442,MICRO_ATM_CSP,47804.86,2023-06-27 05:18:55.527622,28.5357,77.387545
1f3244f8-914e-4853-b2e4-982342d78744,ee953cbc6fe1c738,ATM-FFHI-3922,ATM,95609.72,2023-06-27 05:54:18.000322,30.869731,75.831804
cd425634-7c8f-4827-94f0-c38af394eab4,8b2f80b612ad4abe,MIC-ETSB-5292,MICRO_ATM_CSP,191219.44,2023-06-27 05:58:45.641024,30.898976,75.822023
c0678b45-7774-4485-92ec-08db144ceb8b,0bd8573ba3901c0d,ATM-EWVV-8417,ATM,28819.06,2023-03-15 18:15:35.222375,30.808809,75.779337
40b7a4a5-ff5f-4cee-b6e7-19428efe050e,8595d99a4d487472,ATM-KRFJ-8160,ATM,14409.53,2023-03-15 18:34:49.870852,28.523602,77.449741
42396636-eb05-4419-a255-b6794d41a6d3,e15635324afef7f6,MIC-AWNG-5041,MICRO_ATM_CSP,14409.53,2023-03-15 18:44:25.803085,28.538201,77.3982
a06605bb-498d-4f46-883f-726eb4d1a293,4efff10329ca6699,ATM-STUX-9846,ATM,19212.7,2023-03-15 19:33:51.923862,19.082282,72.857351
a99a5ac8-1a47-4786-b296-3b98d60888c6,aefb9520732cf5fc,ATM-NFRA-2461,ATM,19212.7,2023-03-15 18:33:56.609182,22.511695,88.357379
832d1ca0-c051-4325-b4c0-fd561e9b0be6,0bd8573ba3901c0d,POS-CTDS-9880,POS,19212.7,2023-03-15 19:03:40.140382,30.842117,75.901216
0d473952-4f4c-4d1b-b72d-9d94722f576b,0ed49487d597b523,POS-IAMB-9793,POS,13609.37,2023-01-04 10:24:27.359618,30.908891,75.876797
1dafbed0-4e57-4ea3-9b3f-825bd0ba5fec,d81d1683ecaac229,ATM-NGXF-2918,ATM,4536.46,2023-01-04 09:50:13.653312,22.528933,88.371203
ce084391-bf4e-470a-841b-447f2b5a8ea0,dcf5a7c428ffc3d2,ATM-AMHL-5351,ATM,4536.46,2023-01-04 10:42:26.663088,24.155892,86.332711
60bab9d1-b352-4db4-9a25-3951fda741c3,8608ca6e1438fc4b,ATM-OFDF-0099,ATM,4536.46,2023-01-04 10:03:18.322776,23.954091,86.890801
918ad749-33d2-4efc-b9bb-d19fc4facf2e,8608ca6e1438fc4b,ATM-BYME-0831,ATM,6804.68,2023-01-04 09:59:31.171132,23.959878,86.915271
94812418-ddc2-4841-921e-0622c322836d,dbb971a3623d9970,ATM-MANO-2875,ATM,6804.68,2023-01-04 10:32:44.760630,28.55568,77.418732
75f6f326-3d31-4cd2-ba4e-92070ef14414,02ae516d1d2fd9f9,ATM-LLSD-8917,ATM,10207.03,2023-01-04 10:04:30.331160,30.923347,75.8828
2d09d2ef-ca7f-45c1-8301-3fe28eaa0cc9,2e4345eca1b5a34c,ATM-RXOZ-8081,ATM,10207.03,2023-01-04 10:09:47.230667,28.656095,77.41935
c7d498ee-5d22-4d04-bced-fa5f86597d98,8608ca6e1438fc4b,MIC-TXWJ-5484,MICRO_ATM_CSP,20414.06,2023-01-04 10:27:48.858013,23.965673,86.818442
fde47775-e4dc-44d5-ac04-0bb9cb973995,90ccc2d3d41485de,ATM-XMGB-2649,ATM,4536.46,2023-01-04 10:44:24.903736,28.16165,77.018998
41f20237-3c5c-4945-b0e3-4ab2e933786f,55b4926e5d4cc375,MIC-ZQYJ-9394,MICRO_ATM_CSP,4536.46,2023-01-04 11:24:27.861086,23.913954,86.805793
a6ba8ca1-8afc-4ea4-868f-24dd5b32dccc,e41466061105f4e8,MIC-TDWC-1936,MICRO_ATM_CSP,4536.46,2023-01-04 10:35:10.926014,30.95615,75.904212
e575d72b-54b1-4b4c-bede-dcd78ebe3dcd,83537c7c9fe41c3e,ATM-BRLH-0068,ATM,13609.37,2023-01-04 11:32:31.286227,23.929823,86.736237
fa7dbfc7-5f87-426a-b5a7-1520b9c57ce1,02ae516d1d2fd9f9,ATM-ZICP-9783,ATM,13609.37,2023-01-04 10:56:57.794866,30.935423,75.927219
52c29b1a-993e-432d-ac3b-5f9b1ccc11ee,3c3f2e8c9b7b4708,ATM-HGZD-5862,ATM,146946.16,2023-11-21 09:21:40.800320,30.895946,75.83431
c87b4c43-02b7-4329-88da-53f489f3139e,9bbadf1ea0aacb76,MIC-RGIC-9929,MICRO_ATM_CSP,146946.16,2023-11-21 09:23:48.395266,13.184986,80.184997
15f27660-29ba-4f4e-85cb-ffa799f73019,7fe57d0ff66463b7,POS-TLRR-8006,POS,146946.16,2023-11-21 10:03:24.403180,22.526391,88.313582
20d69492-64a9-4f03-be15-79b8421c5def,d197d95e274489e7,POS-LEGJ-3712,POS,16341.58,2023-09-16 05:01:23.945055,28.155377,76.976343
fb50c9e3-730a-420b-9737-f56519f32f14,45243675010d84fb,ATM-YJYJ-2461,ATM,16341.58,2023-09-16 04:37:27.821695,28.064375,76.915264
ab8ccedc-1838-4806-8358-6c77a0bc5570,c05a5b6ef117bd25,ATM-NSMG-9977,ATM,16341.58,2023-09-16 04:35:13.350650,28.177917,77.061801
22f42d54-5577-4a3c-b50f-d5e2158ab666,9c39fecd110d5cad,POS-PIHF-7156,POS,8170.79,2023-09-16 04:55:49.199546,13.037125,80.350113
7232d4e7-de7c-4d47-a36c-a757f771e93a,7138f04a79804589,ATM-KAOJ-6266,ATM,8170.79,2023-09-16 04:30:03.839029,28.21604,76.996534
4e508ed1-c907-43a5-b55c-7011e2b78dd3,131a7708363db506,MIC-DCWQ-9273,MICRO_ATM_CSP,16341.58,2023-09-16 06:04:51.733605,22.648281,88.294168
3f1738e2-e7aa-49fa-a59f-fac0c8316bc6,c00017baec900020,MIC-KUTO-9791,MICRO_ATM_CSP,8170.79,2023-09-16 04:36:47.136212,24.235677,86.29996
7cb3e76b-65d7-4d8b-ba4c-e452e23c02c1,5f314f6228b18b11,ATM-DYDX-4150,ATM,8170.79,2023-09-16 05:08:00.539722,24.200685,86.336952
9f57179e-00be-40d3-8943-7a04ca0490f8,45243675010d84fb,ATM-LXHG-4952,ATM,16341.58,2023-09-16 04:56:51.715071,28.109955,77.012713
883741d2-a32d-4949-bf06-fb1b10178b37,0004a1a3a12705a4,ATM-LWBT-6209,ATM,16341.58,2023-09-16 04:25:46.081447,19.052329,72.914162
85abcc65-117e-4cca-9997-4f075c63decd,7138f04a79804589,ATM-ECRD-9812,ATM,16341.58,2023-09-16 04:35:03.628821,28.143559,77.011358
e05c0399-9ae0-4e35-bcab-bcfff8e25970,25b04eca97925f46,POS-AJLV-8878,POS,12256.18,2023-09-16 04:39:06.278499,24.284737,86.256639
ddbca0fd-bd70-40c9-8316-ee26e0a6d467,b82c83e33c343e84,ATM-DWXC-2163,ATM,12256.18,2023-09-16 04:23:07.556823,19.051324,72.854736
352c7488-f79d-4cc6-a1a2-084d0f708f46,c00017baec900020,ATM-CNWA-1537,ATM,12256.18,2023-09-16 05:00:52.136717,24.155766,86.282599
6e82db65-e07f-4329-9d56-4dafa3dbc0c2,a27b932eb377baae,MIC-OGLJ-1613,MICRO_ATM_CSP,36768.55,2023-09-16 05:21:35.212772,23.929437,86.732798
c74bfc1a-21e9-4f8c-85ab-fd86745de289,91b86f426cd2cf59,ATM-XILE-1686,ATM,73537.11,2023-09-16 04:38:01.953249,28.503193,77.454989
e22c730f-119a-45eb-9719-32c16daf6a3e,b40cfec92900ce51,MIC-GDPX-9806,MICRO_ATM_CSP,159678.39,2023-02-25 12:02:01.647867,24.285367,86.32665
147c5a28-4ace-4fdf-a60c-d1c4b596aa5f,45c70d67d95dee88,MIC-JTTD-1996,MICRO_ATM_CSP,74688.24,2023-08-20 17:21:23.639642,30.880822,75.947889
b381fe26-f5bb-4638-b477-96a0d4342e90,095c1c65e3981f27,ATM-PLNL-3751,ATM,74688.24,2023-08-20 18:38:44.397213,23.976791,86.882817
24c0e1e3-78e4-43b4-96aa-c9e31b0a15da,90eba30e6ce8087e,MIC-SAGI-0381,MICRO_ATM_CSP,74688.24,2023-08-20 16:47:21.573655,22.639726,88.423002
10a4576c-6b96-40a5-baf7-c05239301e4e,96ee3133eae53f34,MIC-HDAI-1599,MICRO_ATM_CSP,74688.24,2023-08-20 17:10:34.081402,28.611867,77.275614
6c84e200-6caf-4905-a10b-bd3dd396c64a,94fdc6b8e876af4b,ATM-BHUA-7199,ATM,74688.24,2023-08-20 16:52:51.983553,28.44906,77.36493
524892ba-b3dd-4e6f-b1b8-12bd4332263e,90eba30e6ce8087e,MIC-SIJS-4316,MICRO_ATM_CSP,74688.24,2023-08-20 16:51:21.230467,22.513016,88.37276
b014722f-e05d-4091-a8a1-7367224fe492,945db3dffb7ba17b,ATM-IJIP-4060,ATM,183973.38,2023-03-07 19:41:35.664763,19.078611,72.878779
47d54d70-bae9-4c86-ba2b-eab869c18256,0bd8573ba3901c0d,ATM-VZWN-2071,ATM,61324.46,2023-03-07 20:44:15.114430,30.945784,75.876849
01e7556c-bafb-4ed2-91be-b035ed7d283a,f46652f5ee1ad887,ATM-KOYF-5434,ATM,61324.46,2023-03-07 20:43:50.064837,13.079664,80.272746
3a6318fe-2776-4784-9638-0b5d9e478ed7,e3af0705ba5a43fa,ATM-GDLK-0243,ATM,61324.46,2023-03-07 20:45:15.005752,13.048744,80.210546
94a0cb68-6c1a-4275-9db0-fd6f74a49825,62cfc22d05ce7763,POS-QXIL-2300,POS,7665.25,2023-08-04 04:29:46.014405,13.066223,80.26109
2ffdd0d2-60c7-4edd-97fc-7d77e713ada9,aac943362d1a75d3,POS-IFJU-4068,POS,3832.62,2023-08-04 04:43:59.088174,28.067354,76.984871
8c0dae25-ec5f-4f94-b824-3d5338bed72c,865f7c1cd0f9ed15,ATM-YUBG-0251,ATM,3832.62,2023-08-04 04:53:01.185583,30.906583,75.829916
6cd362a0-1d2f-4150-9d93-231245e8a07d,4d3d6e8a9d6c2263,MIC-IQCA-4425,MICRO_ATM_CSP,7665.25,2023-08-04 05:04:29.485768,13.055369,80.308585
031e54ca-2d50-498a-b7c8-af2f5148e6f8,5234e2681fb4977e,ATM-MACV-4515,ATM,7665.25,2023-08-04 05:17:06.837794,24.195332,86.366998
b646234d-4bd0-4ed1-a1ed-91b53e84adb0,0f39aa3b13e7e3c0,ATM-QLIC-9270,ATM,11265.29,2023-06-30 13:27:39.067527,31.024163,75.790024
42683a84-f5c7-46ee-a5af-89e027a23add,523725b9cd46e00b,POS-SPSC-9637,POS,11265.29,2023-06-30 13:09:25.208772,28.175345,76.966108
de85dcb5-584b-47fa-bd23-f24bc10a4e00,73c1232d5b4b4de7,ATM-GKEU-4895,ATM,7510.19,2023-06-30 12:37:29.467887,19.149252,72.791616
318c6349-e1c3-4b90-a01a-0dea3f5041fb,1b753779d07e2b97,MIC-XWSB-4824,MICRO_ATM_CSP,7510.19,2023-06-30 14:29:22.180811,28.541553,77.515881
f379d47e-8d57-4b6a-a5d8-da9be82ce67b,96739c6dc7f02b5f,MIC-QCBQ-9418,MICRO_ATM_CSP,7510.19,2023-06-30 12:53:25.089385,30.986583,75.865859
f48aaa9f-3708-4239-9163-4672ab8287d0,028202be514e6b30,ATM-FUJH-7700,ATM,45061.16,2023-06-30 15:16:44.534706,28.109144,76.979576
fee5a71f-f900-48f0-8e61-99d5e5cfc3f0,6627778c0faccd9e,ATM-PWIN-4742,ATM,10013.59,2023-06-30 13:30:15.025490,24.18088,86.235878
46c415f2-2e1a-40bf-a944-09258d0908bf,ad5fe18df494f9d9,MIC-LQHY-5391,MICRO_ATM_CSP,10013.59,2023-06-30 13:16:11.069641,12.971052,80.348082
3c2dbb72-3a60-402f-9192-2429650af9e7,6877ffca8e5a30eb,MIC-XKMO-8326,MICRO_ATM_CSP,10013.59,2023-06-30 13:19:46.671863,24.21367,86.332125
4ee57807-60af-4996-afd4-9073e9081d89,6877ffca8e5a30eb,ATM-OWJV-9630,ATM,30040.78,2023-06-30 13:08:57.715539,24.188945,86.277615
379e84fe-86f8-44e8-bbc2-f39807e6e336,9f2c367e9ecb304a,ATM-OGCJ-5712,ATM,30040.78,2023-06-30 13:38:21.281420,23.982729,86.759802
2f0f66f7-4340-40f8-9962-7c125146de92,aac943362d1a75d3,MIC-LHFL-6153,MICRO_ATM_CSP,148193.66,2023-09-17 00:13:48.104839,28.058588,77.146356
8e66e2f4-a2a3-4662-96b9-4919b60d19ce,72d6d07fd7cb18f0,ATM-GPII-7469,ATM,37048.41,2023-09-16 23:35:45.830393,18.902554,72.915315
6c74807c-3bef-4239-afd0-e97923d6dcda,72d6d07fd7cb18f0,ATM-KMGF-3070,ATM,18524.21,2023-09-16 23:31:14.049423,19.144573,72.865496
6218346d-3df7-4d6a-9863-7d32bf767280,5e7a22b24305ff3a,ATM-ABGE-3896,ATM,18524.21,2023-09-17 00:26:06.016857,28.065513,77.054865
304332ce-297d-4e0a-97ba-6c3221a2f68d,6719077e3a6cd655,ATM-BLTW-6401,ATM,8232.98,2023-09-16 23:17:54.863909,23.966867,86.824886
69be6626-c331-4e2a-a6d7-798019d40597,5e7a22b24305ff3a,ATM-OUWL-1949,ATM,8232.98,2023-09-16 23:15:02.955637,28.083121,77.048181
30077a23-324b-4c93-85aa-55fc76694178,a0f75e9cadde49b3,POS-GVTZ-3278,POS,8232.98,2023-09-16 23:37:34.867040,19.060106,72.967276
f9e9a284-d4d2-4fde-b0b0-a034cd6bdbdd,5e7a22b24305ff3a,ATM-PAEA-6784,ATM,24698.95,2023-09-16 23:38:02.748208,28.109731,77.027933
ceb0eab2-9fe5-46e5-828a-79a0616fa24f,3dcd069dfca35470,ATM-KZJP-7564,ATM,12349.47,2023-09-16 23:59:21.089611,13.065284,80.299102
406d8ed1-89df-424d-96ce-c9703b10bd2f,02faf74a5df7342a,ATM-GKTP-8328,ATM,12349.47,2023-09-16 23:26:16.699534,24.124764,86.227554
912c8f87-59a2-4956-b6c0-7bc53a9c0659,98768ceed9627cfa,ATM-PCOI-9405,ATM,72878.11,2023-07-03 09:54:35.923583,23.920047,86.898352
84243c75-5b69-42e5-8648-937c69fbfad3,4a2108204892de8a,MIC-TLNH-0897,MICRO_ATM_CSP,72878.11,2023-07-03 11:10:41.315065,23.74353,86.718787
e6ed9f1a-be3b-44bd-a00b-f7017b0d97e7,a7582a5b632b9fbb,MIC-KXKS-1162,MICRO_ATM_CSP,72878.11,2023-07-03 10:27:42.084944,28.075888,77.011584
56a7c354-d5e6-4eb5-ba23-4beaab5d622b,ba703db5e0293b48,MIC-VZBN-7525,MICRO_ATM_CSP,2560.17,2023-03-11 08:56:03.153475,22.679059,88.33825
b97d4b57-5402-4b3b-a1aa-a67b79071ee9,91ff603347d3f90a,ATM-SVZV-0564,ATM,2560.17,2023-03-11 08:56:07.133014,28.155884,77.031518
daa33db9-c5c4-424b-a17b-be368d9632ce,ba703db5e0293b48,ATM-GCYS-4364,ATM,2560.17,2023-03-11 08:35:44.054234,22.571769,88.303144
f3cf87ca-670d-4755-8022-93339c8dd2b7,83ba5887d82ddd6a,ATM-ZJLC-9856,ATM,2560.17,2023-03-11 08:40:41.049072,13.093764,80.269895
942e6b44-b705-4658-8a71-89dd986ae3c9,793bb65021361c99,ATM-DAXQ-6454,ATM,2560.17,2023-03-11 09:20:21.153839,22.587779,88.376199
4d9725f6-05c2-4c41-8961-3c42c4022a4a,1e53c2e9292b4b76,ATM-KGRD-5962,ATM,2560.17,2023-03-11 08:57:30.634043,24.229656,86.24517
3cbf66d3-a04a-4c43-aba7-c66456583e1c,93c4f2afeee071da,ATM-LWXK-4886,ATM,1706.78,2023-03-11 09:22:17.336683,19.073133,72.865092
58453986-f5c9-4cce-b452-c20855b9ed51,91ff603347d3f90a,ATM-PHLK-4292,ATM,1706.78,2023-03-11 09:53:05.675803,28.094484,77.082829
164622fe-0e90-46d6-b248-1556b7fc1433,4bda3ec42f7024ac,MIC-EJGF-2909,MICRO_ATM_CSP,1706.78,2023-03-11 09:04:12.279702,23.920289,86.827152
b1bb7b10-876c-4046-979f-45219a8aeea2,91ff603347d3f90a,MIC-SDDX-8451,MICRO_ATM_CSP,1706.78,2023-03-11 09:28:18.364148,28.066133,76.937806
3e985418-7ae9-45ce-8214-d38ef307cc2d,4346536ee04363c3,ATM-AZYL-9298,ATM,1706.78,2023-03-11 09:17:06.556122,22.571828,88.389899
22673add-4b30-4c77-81cf-e5bcd1925cd7,a40844e151329aea,ATM-HLMH-8662,ATM,1706.78,2023-03-11 09:24:23.953090,24.08448,86.290201
ed4caebd-f906-4411-8555-b8964cd36edf,6877ffca8e5a30eb,POS-UFYE-6147,POS,2432.16,2023-03-11 10:34:25.053391,24.363733,86.306764
47eca3b7-5f2d-4244-ad77-e431fc54496e,d95d8cbc786fbe44,POS-LJYB-6810,POS,2432.16,2023-03-11 09:27:44.092451,30.947757,75.798538
c0a22d61-0340-40d7-9d41-d1ca042f512c,4214d918811a3778,ATM-AKLZ-1141,ATM,89836.35,2023-07-18 07:32:59.803222,24.227804,86.342005
915a26c6-0ce3-417a-b9c0-8ca08ea5265d,294ec3fd70711bd7,ATM-ARFW-9460,ATM,89836.35,2023-07-18 07:04:15.730554,19.057574,72.839311
8d4181e7-bf04-4d34-943a-221a28967708,6b92aabf992d4df4,ATM-ELQV-8069,ATM,89836.35,2023-07-18 06:37:37.246452,24.207253,86.334925
1f2450b6-973d-4406-b2a4-0df8df00fa51,6da47df28d1aad11,ATM-NPTR-0587,ATM,132566.96,2023-05-10 21:55:53.575321,30.916523,75.842957
8c842855-aac5-4a23-9887-a1afdf980587,6719077e3a6cd655,ATM-PMDA-3719,ATM,132566.96,2023-05-10 22:14:17.686822,23.978177,86.733033
14ea69c4-bf2a-4514-b63a-e4f6a7539772,4d615301bf0f358a,MIC-SZWH-1858,MICRO_ATM_CSP,56151.48,2023-06-14 17:45:54.805763,30.859021,75.940045
406facd6-bafa-4d04-a3c8-18c403dc7e3b,25b04eca97925f46,POS-KVAA-6102,POS,56151.48,2023-06-14 17:47:37.892924,24.254307,86.367766
4878ffd2-80a0-4519-8d28-5751889e5ab4,6b58ba7092cc6adf,ATM-IWVR-3753,ATM,56151.48,2023-06-14 17:39:24.850337,22.575111,88.288574
289d129f-ec58-4c5a-8054-375843c57ec8,800f97ed69d44439,ATM-VOZZ-5582,ATM,28075.74,2023-06-14 17:22:45.031008,28.040885,76.965973
16a8abfc-3ca4-4274-8863-75ad01f77bbb,7878fbab6ddda2f9,ATM-MCXF-9160,ATM,28075.74,2023-06-14 17:54:50.847690,24.022175,86.798017
53e50864-b8ee-462b-8554-eb97a62c06c8,6b58ba7092cc6adf,MIC-PAJG-2247,MICRO_ATM_CSP,28075.74,2023-06-14 17:17:38.429325,22.654561,88.334621
91cc7d8d-367a-427e-b182-95fdf45f1e54,a1ad02ba32ffeec8,ATM-ZSDO-0481,ATM,42113.61,2023-06-14 18:01:10.311934,24.291575,86.355439
2f30b02e-a8c6-4671-ae5a-092dea0d277d,25b04eca97925f46,MIC-CROU-0428,MICRO_ATM_CSP,42113.61,2023-06-14 17:06:19.041130,24.154937,86.310242
f713dcbc-7e4b-45e8-aec2-bcd89ac4ae94,394194a39a57bcc6,POS-XYZG-3821,POS,9496.16,2023-10-20 19:25:43.139775,22.540954,88.319254
df99b641-b253-471e-929f-7c720007acd8,f1768bad6f1e3ce2,POS-FZXM-4399,POS,9496.16,2023-10-20 18:46:34.206893,18.976121,72.836824
4dea5a76-13c6-4357-8dcd-1d0ba291152b,c171b589b00915b9,ATM-KZWE-3973,ATM,4748.08,2023-10-20 19:00:22.769239,30.843362,75.893697
f078159f-7aeb-4552-9af2-bb00d7a2ec42,394194a39a57bcc6,MIC-UVJA-5355,MICRO_ATM_CSP,4748.08,2023-10-20 19:04:16.359264,22.614431,88.310488
30b2aa93-ff18-46c8-a2c2-5f63c6ca1dfe,a7725f1729a11e9a,POS-MZMS-8607,POS,9496.16,2023-10-20 19:49:47.935144,13.077887,80.227981
c4c9411c-4ec9-49f3-bee3-0a16dd96fc63,59466547af7f83d0,MIC-RHYE-0979,MICRO_ATM_CSP,3165.39,2023-10-20 19:14:48.584285,13.141653,80.236314
b439ae0d-a3f7-4dc7-b028-08cd59f59c39,dbb971a3623d9970,ATM-TXYE-4594,ATM,3165.39,2023-10-20 19:41:48.515771,28.541232,77.467113
8e1fa77c-4999-481c-abe7-ecc140119de6,945db3dffb7ba17b,MIC-WFVP-3431,MICRO_ATM_CSP,3165.39,2023-10-20 19:13:54.722024,19.108561,72.881513
c8646248-e1a1-4830-8dd6-9b040b623e7f,4bda3ec42f7024ac,ATM-KKZT-8723,ATM,4748.08,2023-10-20 21:08:04.321692,23.954827,86.753655
832506e7-d819-4b64-bfa3-e7d6c4e6c343,c171b589b00915b9,ATM-XTIR-1134,ATM,4748.08,2023-10-20 18:46:47.638580,30.883333,75.862177
32efa446-daec-4234-8687-6fb302a39d53,2647f966c1839f83,POS-BVWP-2142,POS,18992.31,2023-10-20 19:00:54.237177,28.146212,76.989421
cde7924b-0d1f-4141-befd-7cdfc4f31c6a,55a08fadaa1a3e1a,MIC-NHPL-3149,MICRO_ATM_CSP,18992.31,2023-10-20 19:28:16.915102,28.133757,76.982974
d4e3e71e-dc13-4240-b865-d60b6cd78095,a7725f1729a11e9a,ATM-APNP-0721,ATM,18992.31,2023-10-20 21:24:14.391104,13.129934,80.294832
6920f624-2edc-4792-aee9-e39d7e7d6623,8edda279ba9e9ed1,ATM-FZLY-7442,ATM,9369.27,2023-03-28 00:34:08.549980,23.917485,86.828487
a360f8fb-f344-442c-9b67-9d898a429433,8b4c144bb4ae4afc,MIC-QCBZ-2622,MICRO_ATM_CSP,9369.27,2023-03-28 00:51:55.698775,19.091103,72.814264
34a2a1e8-e411-470f-a1c6-c0a51a88bcad,f54efba75794b357,ATM-YTPX-7834,ATM,9369.27,2023-03-28 02:07:38.205191,23.931034,86.851353
6b14cb4c-c705-47ee-bed0-f44605acfc00,6d15ef43c18a5e44,ATM-ERQD-3124,ATM,9369.27,2023-03-28 00:35:52.274711,19.057367,72.924036
085e0a35-16c5-4ed0-b3e1-7b88c57d2daa,087d1b274c895998,ATM-RVQK-9415,ATM,9369.27,2023-03-28 00:27:40.148105,22.561763,88.386847
27f2b7ca-f461-4a6b-b8d1-c8deaf35fc3f,801c737176bab764,ATM-JQBA-8368,ATM,9369.27,2023-03-28 00:42:44.101399,30.868211,75.899191
b3094eea-b67f-4185-b31a-6f67d502c3cc,5fb01e701e601441,ATM-ZGZF-5262,ATM,150464.23,2023-04-02 21:25:42.235731,22.538226,88.392694
77f2bb6c-22c8-4a1d-a6a1-4a9c69b6cfb5,b2e3e791ec389fae,ATM-STPD-3482,ATM,150464.23,2023-04-02 21:41:47.866500,24.05934,86.787178
17437c06-37ee-4109-b540-81b7f4aa276a,9c39fecd110d5cad,MIC-CQCP-7014,MICRO_ATM_CSP,189310.65,2023-05-08 07:01:54.412690,13.150775,80.317241
91a0fafb-4c97-495b-ac4e-0ade79df3bb7,93c4f2afeee071da,MIC-DEJB-1625,MICRO_ATM_CSP,101581.03,2023-03-05 22:35:33.552441,19.050518,72.942681
298df2fc-4c31-4f04-9f9e-9287b4310bae,6719077e3a6cd655,MIC-KSMU-2283,MICRO_ATM_CSP,50790.51,2023-03-05 22:44:15.105950,23.93667,86.722406
b3e657e6-8235-45dd-bae4-b67b329f829d,e7dabff5801a84c0,MIC-ITMS-9540,MICRO_ATM_CSP,50790.51,2023-03-05 23:23:37.478330,22.562026,88.292629
01e9a6eb-3299-41a1-bc99-a47a99c3f871,93c4f2afeee071da,ATM-NJAR-1397,ATM,16930.17,2023-03-05 22:47:48.277925,19.076853,72.899387
12f1e6a8-954a-4055-a7c7-8aea26b0278b,bf87b95509821633,MIC-RCTP-9259,MICRO_ATM_CSP,16930.17,2023-03-05 22:50:23.522471,19.092105,72.845368
0d740c27-cafb-4db1-a959-8e0a54cf2774,8595d99a4d487472,MIC-AVOI-4305,MICRO_ATM_CSP,16930.17,2023-03-05 22:59:24.471348,28.532221,77.385606
c0044f1f-3cd9-4cb8-be7f-602ead9dc795,15bc62bab6812a87,MIC-ZCPD-6911,MICRO_ATM_CSP,50790.51,2023-03-05 22:47:09.151164,22.5745,88.407978
29b11e0c-f787-49a8-9c72-5e9bc956b7f7,8595d99a4d487472,ATM-MAOM-5443,ATM,50790.51,2023-03-05 22:41:12.573461,28.435624,77.398352
c272f276-f99e-4eaf-aaa2-f60da9166c5a,20d1004be5275449,ATM-DZRM-6967,ATM,50790.51,2023-03-05 22:19:30.412251,22.586894,88.30542
2de83a89-2c0a-49e6-9fda-3b8de95a263f,062371f93ac5416d,MIC-ZKEJ-4363,MICRO_ATM_CSP,110115.14,2023-03-05 19:16:46.459379,28.088599,77.067172
1a42e916-3ccb-45ff-a73e-2e9e5f745c27,91ff603347d3f90a,ATM-CWQP-9276,ATM,110115.14,2023-03-05 19:17:29.479931,28.114077,77.014427
b07da43a-e02a-4728-8df8-cb40b3e3f385,8e9be22c03d9e1cb,ATM-BDVO-4230,ATM,110115.14,2023-03-05 19:36:40.790061,28.086042,77.002435
9ce38953-81ba-47bc-950f-8f392a5de8e0,5740c30c9a2b3355,ATM-AMAM-0789,ATM,110115.14,2023-03-05 20:09:30.521921,13.025698,80.210283
cc25e24e-7126-45cd-801c-ede14d84c3d1,e3af0705ba5a43fa,MIC-GZLA-2330,MICRO_ATM_CSP,7811.91,2023-04-21 18:37:57.981869,13.077885,80.352735
45a88063-06c0-44ea-a1d8-39133558572f,6a6e914928a94ec7,ATM-NXVW-2364,ATM,7811.91,2023-04-21 18:51:11.591498,28.106949,76.915094
51772206-d965-4698-ae9e-610fef0707f8,56d780b6aabce5d8,ATM-OALR-6091,ATM,7811.91,2023-04-21 18:28:51.117544,19.079268,72.911542
84dc41fa-502d-44bf-9d0e-5324c9260e54,f2096f718ea48500,ATM-GSVW-0301,ATM,7811.91,2023-04-21 19:11:47.944453,24.203694,86.28525
85239a94-c97c-4f63-a2b5-6bda8cb71b9f,249a5fdb3aa3e639,MIC-DPUL-2735,MICRO_ATM_CSP,7811.91,2023-04-21 20:26:49.717772,24.149251,86.281782
6fbe426d-b6e4-424f-9921-8b87e3f528b4,7dfe46ee8d6ea258,ATM-MHBY-6474,ATM,7811.91,2023-04-21 18:19:46.944825,24.225226,86.345021
314c04fe-61d5-44a5-914a-f7b1dcd11ab3,7a10f6d97500d049,POS-QVFF-6232,POS,15623.82,2023-04-21 18:24:48.019110,23.924607,86.86455
40cd1149-bdcf-41d9-9507-3037e628c297,da409597f4ad841c,ATM-TEAY-3196,ATM,19701.53,2023-10-08 10:49:23.493857,23.968754,86.855878
e1590a1e-c598-4d1d-b74a-3a2fba790cd2,6719077e3a6cd655,ATM-NGQC-5952,ATM,19701.53,2023-10-08 11:38:47.640808,23.896439,86.867141
f38eef4f-bc2c-4985-8c66-ce73d89e07c9,25b04eca97925f46,ATM-IQOP-3056,ATM,28171.41,2023-03-10 08:51:21.657683,24.122853,86.206081
38b8c96c-3e9c-4e06-9707-057f0e3210e3,2bb65ef4ad770c01,ATM-YHAZ-5700,ATM,28171.41,2023-03-10 08:30:11.021526,23.914212,86.783709
7febc4f9-4848-4201-bbf6-b620988b20d4,095c1c65e3981f27,MIC-QDMD-2271,MICRO_ATM_CSP,56342.82,2023-03-10 08:22:58.466214,23.981455,86.809255
a71b2ede-af7d-486f-b80c-15fe27ca42b2,7a10f6d97500d049,POS-SHBA-6671,POS,28171.41,2023-03-10 09:05:07.027761,23.969548,86.764212
fc91c1bb-1f71-46d2-9614-2998c5b0083a,735d7382bc84f337,MIC-UNMY-0731,MICRO_ATM_CSP,28171.41,2023-03-10 08:13:24.149638,19.077238,72.915276
a7ba4842-bda8-4e84-a2f7-20bd1fbede30,ba703db5e0293b48,ATM-TLYB-4985,ATM,169028.46,2023-03-10 08:24:10.722758,22.543549,88.443317
d2037c63-311c-4472-996f-a9fdca1bc360,78412091d3702307,ATM-JURV-4998,ATM,18980.98,2023-04-24 12:25:58.333259,28.136047,77.031892
2b1244cf-ae22-46c1-8ef3-2c04e4aa08a0,9c933ed3540d2b7d,ATM-YVQL-2087,ATM,6326.99,2023-04-24 12:24:17.943938,13.08721,80.270884
d0153b20-94be-42e9-a398-93624c8645d3,c6add401e808d068,ATM-VVCF-1419,ATM,6326.99,2023-04-24 11:50:34.614039,28.549702,77.467551
ea79e64e-f403-48b5-a4f3-1e37689a8ad9,2647f966c1839f83,ATM-OJGI-1425,ATM,6326.99,2023-04-24 11:59:09.499889,28.11523,76.973417
3dc964e9-0532-4141-ab65-87f7103cb0ab,c08d00055da1c6f6,ATM-OBXP-0920,ATM,12653.99,2023-04-24 11:55:55.182627,28.057418,76.973113
1cf5d9ed-adfb-4705-a6ff-9fde6005c084,a40844e151329aea,ATM-GBNX-5444,ATM,12653.99,2023-04-24 12:19:35.263223,24.268036,86.354849
620ba407-ff6c-411d-a9bb-c4b714252611,b54aa42950315b45,ATM-YHTZ-7194,ATM,12653.99,2023-04-24 12:11:26.290807,30.807041,75.843084
0edd9187-4377-4903-9208-61d31b0a064c,0f3e1c23ab2acd64,ATM-HZHY-8677,ATM,75923.93,2023-04-24 13:12:12.312578,19.123087,72.856245
fbaf76bf-3ad2-4c04-b43f-5d99283d4a2e,25b04eca97925f46,MIC-ISYB-3897,MICRO_ATM_CSP,22919.95,2023-08-06 21:09:12.402410,24.114982,86.33465
8fb9e5b3-287b-4aae-b3a4-a238ccc126ad,230e4faa1b38ab5a,MIC-XOFI-0120,MICRO_ATM_CSP,22919.95,2023-08-06 22:48:44.082800,24.207334,86.287595
53c5a0a9-20a0-4de1-909c-8337067d777a,87cc051ae08428cf,ATM-HIMQ-8182,ATM,22919.95,2023-08-06 21:59:54.207020,24.113757,86.298239
4b852741-1f08-43b3-965b-dd48aad22d81,8595d99a4d487472,MIC-MIJP-8737,MICRO_ATM_CSP,68759.86,2023-08-06 21:42:33.522512,28.62622,77.378341
062ff61e-4e35-4a57-bb1a-7fac11e6ec40,bae8c9e755c32ed4,ATM-WNPY-6417,ATM,393626.26,2023-03-13 04:47:55.974656,24.165989,86.303274
e0a3ae6a-f177-4dfa-8135-dfeed8739242,96ee3133eae53f34,ATM-AWWN-6496,ATM,160870.56,2023-07-27 23:42:02.872570,28.504323,77.450548
91dd56a4-0f34-491c-b610-c691bdd38f66,7a10f6d97500d049,ATM-JKLL-2500,ATM,160870.56,2023-07-27 23:11:28.244797,24.031681,86.788758
cf5fe3b2-f563-4dc2-ac05-46f5ade83697,f79cd1fb09127f5f,ATM-IVCX-7410,ATM,15345.0,2023-03-31 07:29:58.797723,30.870338,75.834355
e3cdf7f1-fafb-4e75-9807-773d19c2f55b,87cc051ae08428cf,ATM-OZTW-6945,ATM,15345.0,2023-03-31 07:16:59.344603,24.175783,86.353184
4c0e78d3-79aa-48fd-a8ee-5d888537db48,d3e3dc428f4f7211,MIC-OUUG-9766,MICRO_ATM_CSP,15345.0,2023-03-31 06:14:21.480638,23.998115,86.791228
aafaa6a3-89d9-4414-a767-d6dd11283ff2,d3e3dc428f4f7211,ATM-JSJO-4998,ATM,23017.5,2023-03-31 07:07:55.314857,24.051081,86.858257
9ead9be4-7cbb-4df7-9b5c-cb9892ad8e10,87cc051ae08428cf,ATM-YMXF-1581,ATM,23017.5,2023-03-31 06:30:31.796171,24.166547,86.26815
78e909bf-fbae-4c73-bd94-c170fe12ffbd,25b04eca97925f46,ATM-QFRD-9691,ATM,11508.75,2023-03-31 06:31:41.105442,24.112903,86.315844
02e85906-e006-480e-8e56-fda7d9a85199,87cc051ae08428cf,ATM-GTLH-9253,ATM,11508.75,2023-03-31 06:14:41.191985,24.19422,86.391938
ecaf1a88-6269-40c0-82b5-5b0c7a56f541,87cc051ae08428cf,ATM-MJZP-4881,ATM,23017.5,2023-03-31 06:37:55.948050,24.205313,86.31713
599396f0-ce59-4ddd-b9a4-f6e171182a90,8e5fcc4d4d7f23bb,ATM-PAJB-5950,ATM,11508.76,2023-03-31 06:45:41.002190,24.123007,86.299694
edc760f5-71e0-4b1a-b6d0-3587c4d8e71c,392ff47fb759eb21,ATM-KHSA-5654,ATM,11508.76,2023-03-31 06:38:15.412124,28.4713,77.351662
31894ece-764a-4594-8950-fb86961ec075,400a95ae23792cbd,ATM-GYUC-9843,ATM,23017.51,2023-03-31 07:43:06.473439,28.114212,76.910876
d7f0bc2f-d074-4737-bb3d-7efdf6e013d8,dbb971a3623d9970,ATM-BEFJ-3600,ATM,23017.51,2023-03-31 07:20:25.318279,28.651634,77.341814
9f38e855-7853-400b-b0eb-4d5a5a602688,78412091d3702307,MIC-PYBG-8695,MICRO_ATM_CSP,11508.75,2023-03-31 07:27:36.390958,28.088141,77.113554
a495c3f6-46e1-4162-9267-3ad1a24727fa,5a2853871bbc3b2e,ATM-AUGD-9413,ATM,11508.75,2023-03-31 06:37:29.974290,28.054719,77.103196
c69b308a-3402-44a1-b5c2-fdf1612838d6,c945f53dcac18889,ATM-HDNZ-2707,ATM,11508.75,2023-03-31 08:25:39.994117,24.159366,86.334522
bf41d43b-aee2-4736-b493-8093e075a426,673042d418c5aa70,ATM-CYGD-7961,ATM,34526.26,2023-03-31 07:00:45.320499,13.018858,80.32487
fc957fc6-d3cc-44db-b18f-52f07f1c1166,78412091d3702307,ATM-KMQT-1592,ATM,5018.4,2023-01-21 08:00:14.201169,28.083451,77.07777
f1a6f7fc-2f7d-4a64-bacb-494c9ad4e2dc,f35940835bdb022f,ATM-UVOA-9948,ATM,5018.4,2023-01-21 08:01:51.665376,24.180167,86.318474
792964e0-adf2-4cda-bdc1-80520a7352ba,78a973ba4ad6b938,MIC-EQOU-8795,MICRO_ATM_CSP,10036.8,2023-01-21 08:27:36.039958,28.093835,77.098889
c048eafe-396e-4941-b9b4-c9b28c0674f1,99a3e1da6dbb6224,ATM-SCUY-2819,ATM,28144.91,2023-10-03 08:38:20.426891,13.106108,80.244598
0cdfdc4a-38fc-4b35-9f5f-a73af0dba066,d808e7485fc3520a,MIC-RNKI-1337,MICRO_ATM_CSP,28144.91,2023-10-03 08:48:01.013540,27.954081,76.968748
dd74bb10-c0cd-424c-bc7a-f8a632daabef,febf24426daa34df,ATM-FTJW-2487,ATM,28144.91,2023-10-03 08:10:47.518057,19.121795,72.969794
22e068c4-7f48-4707-90f9-238dc6e351f9,d00466dba4ffcefe,ATM-BMCJ-6149,ATM,42217.37,2023-10-03 08:08:45.691253,28.580484,77.383862
a4bde8ea-f0a5-45cf-a079-09522764225d,febf24426daa34df,POS-MYVO-9930,POS,42217.37,2023-10-03 08:48:58.536832,19.050239,72.953515
e4cfe056-b833-47fb-860d-a11da656620a,febf24426daa34df,ATM-SLMK-1799,ATM,84434.74,2023-10-03 08:14:07.330715,19.135897,72.862741
e101f9a8-a964-400b-975c-be3f0dba552c,ea99df697b9c2ca6,ATM-URJZ-0978,ATM,46400.81,2023-10-12 22:18:11.705472,24.014621,86.842463
5433cdc0-2bc6-4608-b708-2c155e8b116c,a1c22d172367ec5f,ATM-SIRG-9544,ATM,15466.94,2023-10-12 21:42:23.096711,22.632912,88.387427
4a0827b8-bb5a-4b38-99b7-df4d7dd8ae9b,095c1c65e3981f27,ATM-PRKM-3329,ATM,15466.94,2023-10-12 22:10:39.684439,23.99111,86.843841
be4af43f-247b-4c38-82e6-58abc30026d7,7419f0963738d159,ATM-ADWU-5331,ATM,15466.94,2023-10-12 21:44:20.243546,30.900621,75.808773
7479dbfe-644c-4d2b-a5bf-c2902eedacae,59466547af7f83d0,ATM-CSNE-9892,ATM,14361.16,2023-12-08 06:44:04.753511,13.141343,80.283827
e8723eda-4c57-4b75-ab5f-c1e054988481,f46652f5ee1ad887,POS-THUQ-4462,POS,14361.16,2023-12-08 07:43:23.150027,13.158506,80.297541
71f1e284-80e9-4cfe-9d65-3c95ac6fe991,72757e65d62df2f2,MIC-IDTW-5041,MICRO_ATM_CSP,28722.33,2023-12-08 07:43:05.243346,30.98035,75.860162
2d25ba4a-1e9f-4b43-9ac8-858059ad691a,9fd752d9d0ccdbb9,ATM-PSMA-2706,ATM,20629.06,2023-08-13 09:53:49.244642,23.841889,86.865202
232ff0f6-a8ba-49c5-b88c-1503ac217307,4a2108204892de8a,MIC-MRIB-3980,MICRO_ATM_CSP,20629.06,2023-08-13 10:23:11.991115,23.929931,86.796794
1f48a8ca-f5ca-4d48-9bbd-600cccf0140c,087d1b274c895998,ATM-DCFL-6053,ATM,20629.06,2023-08-13 09:07:07.264581,22.515816,88.401931
07efd140-fae9-4cd9-abfd-db79b103e76e,044beed55d80dc2b,ATM-DGTQ-9985,ATM,30943.59,2023-08-13 09:30:15.877047,24.11536,86.296999
d44838aa-2163-4b92-89eb-14946cccb6fc,6da47df28d1aad11,MIC-BWGS-2690,MICRO_ATM_CSP,30943.59,2023-08-13 09:46:10.339910,30.981026,75.89799
02e41b83-dfcc-4b48-b18e-82f6789a791a,fed6a0b55d80fbac,ATM-TZHN-5711,ATM,23136.26,2023-01-29 19:10:01.330936,28.066614,77.036073
edc03612-8592-42b0-8844-804c8abfe729,7fe57d0ff66463b7,ATM-RFIZ-0655,ATM,23136.26,2023-01-29 19:21:22.635525,22.504831,88.353868
56b3a871-4d7d-4365-9418-ef03fbe88e37,2a5119a5778f8fb7,ATM-SWIO-6551,ATM,23136.26,2023-01-29 21:11:41.422613,28.537981,77.434409
cf2ddd6d-37d6-4347-980c-6986aa914160,8cb14c1df286e985,MIC-ETNZ-5253,MICRO_ATM_CSP,23136.26,2023-01-29 19:29:37.861916,30.902593,75.816999
4f095cae-5051-4a1a-90a8-fa7bd4672ccb,ea99df697b9c2ca6,ATM-GEUM-2784,ATM,11568.13,2023-01-29 19:30:17.741807,23.984927,86.836054
9574f245-dec1-4580-b720-431fed5c6fea,2a5119a5778f8fb7,POS-XALL-8329,POS,11568.13,2023-01-29 20:10:34.771977,28.599482,77.441755
4e2864e9-2658-4ab1-a0e5-badd6a28c710,801c737176bab764,ATM-NMXW-3784,ATM,7712.09,2023-01-29 21:36:27.777860,30.93024,75.773291
19da5435-b5d3-4a95-9ef4-ed97efb49a32,3dcd069dfca35470,MIC-UXUA-1517,MICRO_ATM_CSP,7712.09,2023-01-29 19:17:23.127464,13.158743,80.30756
bb1e122b-4298-4a9c-818b-aae59ba31e0d,02faf74a5df7342a,MIC-FPKB-0993,MICRO_ATM_CSP,7712.09,2023-01-29 19:22:24.155014,24.202187,86.330562
52b9fa81-bf9d-4f46-a1a5-a6bdf3945957,b52aeac57b65c3e1,ATM-OGFQ-7928,ATM,5141.39,2023-01-29 20:17:08.228757,24.156339,86.317533
b3caff1e-38c3-43f5-af95-4dbaee7aee20,ae35003a1df2f0e2,ATM-JRWU-9092,ATM,5141.39,2023-01-29 19:31:06.534976,28.522145,77.302487
96baa728-4463-4f32-b287-26cb78b8fa24,db4060301879ed71,POS-WQCD-2300,POS,5141.39,2023-01-29 20:58:53.534339,22.609167,88.427115
b3889d4c-2534-41f8-9a11-9bbba8f79bf2,577744147cf6f197,POS-WQIX-9918,POS,15424.17,2023-01-29 19:39:40.690182,22.603084,88.266809
ddd6e8ed-0859-4b37-aca4-0e64643994f2,a17d089448d398b5,MIC-KTLQ-1358,MICRO_ATM_CSP,15424.17,2023-01-29 20:17:41.717679,22.55233,88.381846
2a53d787-68fa-4db7-b198-d3827ee2321a,1060b2a279af1d01,ATM-DRJY-0839,ATM,15424.17,2023-01-29 19:51:14.069006,23.917374,86.71706
80e78e03-7a4f-4797-927e-a34e58250261,8c19faaa8bd5ac32,MIC-MUEU-0397,MICRO_ATM_CSP,15424.17,2023-01-29 19:11:47.633882,28.086859,76.967693
94224d46-490e-43bc-8bca-8593bbea5344,dd9de6b05ff51602,MIC-HGND-6872,MICRO_ATM_CSP,15424.17,2023-01-29 19:23:28.942254,24.236014,86.245119
0e03d887-7fa6-4282-a716-65fda07dbe6a,6da47df28d1aad11,ATM-LLRB-3225,ATM,7712.09,2023-01-29 20:09:24.560640,30.886036,75.863811
94af2fa9-c13c-4b45-ade7-d7830227ffac,a40844e151329aea,ATM-SEBW-1641,ATM,7712.09,2023-01-29 19:47:19.439034,24.183174,86.290414
94af7a95-6c1b-4269-95e7-7a2bad3b397d,b54aa42950315b45,ATM-XIBI-5192,ATM,7712.09,2023-01-29 19:58:50.394444,30.925809,75.866563
8446948a-8972-4cf1-bf58-a111341eec2c,ae35003a1df2f0e2,ATM-WAFH-8768,ATM,7712.09,2023-01-29 20:47:36.732942,28.61045,77.391615
f6785772-5461-4d14-9d5b-3788014bcfed,0f3e1c23ab2acd64,MIC-MKQK-1720,MICRO_ATM_CSP,7712.09,2023-01-29 19:37:18.597742,19.0948,72.873392
14376daa-8b64-45cc-adda-19b3eefe00da,8e9be22c03d9e1cb,ATM-XHDD-2316,ATM,7712.09,2023-01-29 19:23:26.715216,28.078742,77.024956
3d3243e1-8621-4194-ab40-f30ed9e2d2e3,15bc62bab6812a87,ATM-GQXK-1636,ATM,33225.51,2023-02-11 04:03:41.487425,22.546009,88.40974
84a9b185-99bb-47d4-a59a-ca16efa2554c,c4c27acc47e6d960,MIC-AGOD-9169,MICRO_ATM_CSP,33225.51,2023-02-11 03:49:56.916848,28.48693,77.377146
189179ea-a006-43ed-9696-e3e856268ed9,a40844e151329aea,ATM-PXWV-9349,ATM,4413.24,2023-03-14 21:18:32.483719,24.207725,86.342847
139cf073-dc85-4339-a1cd-ebd8ff9abc3e,0b2dda7d9fab34a2,ATM-FVCK-6967,ATM,4413.24,2023-03-14 21:27:28.758161,28.567338,77.454487
864efe14-551f-4366-9f96-7be04a373d9a,294ec3fd70711bd7,ATM-EMIV-0087,ATM,4413.24,2023-03-14 21:06:56.170444,19.017898,72.872883
45405240-acd5-4a86-9d35-00c923ca8c30,fc8676e6a3807581,ATM-QEHU-1192,ATM,4413.24,2023-03-14 20:56:15.672011,19.043264,72.87766
cd0f5741-7594-4549-9440-1c2e8c22ea2c,ba7b0c09f0862541,ATM-NROG-1565,ATM,4192.58,2023-03-14 21:31:22.184205,24.194329,86.342012
364d8aef-cf60-401f-8300-c7581037466e,a17d089448d398b5,MIC-LHQD-0198,MICRO_ATM_CSP,4192.58,2023-03-14 21:51:01.601004,22.607542,88.344757
6d565bd9-f2e4-4bd9-82a8-ed0e3368ca35,02fe7675e52ed832,MIC-WIOY-2363,MICRO_ATM_CSP,4192.58,2023-03-14 21:04:58.876509,12.966086,80.168027
3acf6d1a-12a2-4f85-9bc4-391a336905cf,a7582a5b632b9fbb,MIC-OUIY-7946,MICRO_ATM_CSP,4192.58,2023-03-14 21:31:28.982047,28.079018,76.94869
5595f7b9-74c0-403c-ae7c-df53a5187f7c,2d7f04c671c24245,ATM-BBCK-7362,ATM,4192.58,2023-03-14 21:07:20.579882,19.103119,72.912861
104e6397-e4e3-4e60-ab92-bec728b7e79e,8d23eeefc8b65f56,ATM-ZQOZ-6682,ATM,12577.74,2023-03-14 21:09:35.483124,24.104893,86.280147
2227d411-6883-4db3-8263-807b91afce38,61e2d8223e4abb31,ATM-XUPD-5113,ATM,76007.54,2023-01-06 07:28:18.887523,13.11622,80.363305
8b707d55-7e87-4c21-87cb-23a8fca3bd49,25b04eca97925f46,ATM-GSHL-8249,ATM,76007.54,2023-01-06 06:18:44.495390,24.159781,86.339971
713d78a6-104b-4146-9f07-879210fba5c6,f2096f718ea48500,ATM-VSMN-4529,ATM,25335.85,2023-01-06 06:12:00.295999,24.209653,86.313363
662e7cf0-05aa-4c1e-b991-a6a7983b0523,25b04eca97925f46,ATM-WBBI-3135,ATM,25335.85,2023-01-06 06:47:31.254766,24.200464,86.197811
d9c9b4ac-1b2c-476e-a79f-79bcc96028f0,25b04eca97925f46,ATM-ULLG-5620,ATM,16890.57,2023-01-06 06:49:02.319169,24.168282,86.316716
b040b91f-aea1-4049-b217-b38bddc3b159,040c1f611eb42ce9,ATM-GMDW-3070,ATM,16890.57,2023-01-06 06:28:11.994727,13.113563,80.296927
c2bbac05-12fb-4f61-872e-70449c9136b5,62cfc22d05ce7763,MIC-FIUS-3684,MICRO_ATM_CSP,16890.57,2023-01-06 06:12:48.438985,13.018576,80.234302
acdf4ecd-8cbf-4d73-a261-4d8c92db028a,e3af0705ba5a43fa,MIC-QKFT-3922,MICRO_ATM_CSP,25335.85,2023-01-06 06:32:52.272049,13.116771,80.240031
b30c8a14-87a5-441a-8e20-b0baa28aaa68,25b04eca97925f46,MIC-JXVV-5011,MICRO_ATM_CSP,25335.85,2023-01-06 06:47:00.429001,24.107923,86.249355
501ecdf6-8812-4738-8f6d-bb9e5899f999,82d88b69efcf73c2,POS-EUHX-8154,POS,292246.79,2023-01-02 11:50:21.069576,28.10614,77.038149
f7a9f4e7-0857-4273-8d03-1eae6f646a1a,98768ceed9627cfa,ATM-LQBD-0503,ATM,139696.78,2023-09-08 02:40:43.308860,23.93505,86.840291
0a72d143-5318-4b0b-8107-ad2ccec940c0,ed25b3310f976d9c,ATM-YPLW-2999,ATM,139696.78,2023-09-08 01:06:16.229061,24.200548,86.312132
eabbc727-e894-47b5-af69-b7a5556e3dd9,8687a4cc583aa0ae,ATM-JSLH-5009,ATM,23525.57,2023-02-15 22:59:46.391441,24.175383,86.342933
d613de41-8271-4a03-827c-ff7d3bb555f1,90ccc2d3d41485de,ATM-JSMC-0088,ATM,23525.57,2023-02-15 22:34:47.808663,28.104578,77.052115
1cd94fd0-5374-40cc-9108-bd84e6956b90,b2e3e791ec389fae,MIC-LYDB-4236,MICRO_ATM_CSP,23525.57,2023-02-15 22:24:44.904302,23.911524,86.776627
0b30291c-a97a-491a-826e-15d6e1b27606,8687a4cc583aa0ae,ATM-MINQ-7615,ATM,35288.35,2023-02-15 22:23:07.132259,24.267085,86.198461
6daedbdb-0ffb-404a-9e8e-3f819a7a44fb,25b04eca97925f46,ATM-XMZI-0093,ATM,35288.35,2023-02-15 22:32:46.070952,24.155391,86.342756
563b8058-b8f7-4df2-8de4-75675bd145cc,0f402318041204af,ATM-JGEP-1713,ATM,23525.57,2023-02-15 22:21:49.725954,24.270109,86.239534
cd9fb603-d4b4-4619-9c9c-0107378178d2,8687a4cc583aa0ae,POS-PBIX-1758,POS,23525.57,2023-02-15 22:57:53.683781,24.230845,86.23583
ed68e7b8-fffc-4313-9e99-c16674429497,fbf4e2a2689a0699,MIC-OISO-0069,MICRO_ATM_CSP,23525.57,2023-02-15 22:26:43.342566,23.869565,86.779945
128bccad-22ff-4cd5-b095-7b41ada5dcc5,249a5fdb3aa3e639,POS-XKQF-2315,POS,3800.08,2023-02-04 23:48:47.331615,24.228417,86.327409
f9752bf3-bdb2-4ca9-a051-72a75678a0e5,91ff603347d3f90a,ATM-YKGC-0709,ATM,3800.08,2023-02-05 00:05:20.867854,28.133671,76.941086
5aa2d9b3-85b0-40de-abe5-7f5a2a5fb378,f0cab7fa2fa3bdf5,POS-QFMY-2211,POS,2533.38,2023-02-04 23:32:02.287265,23.978262,86.877211
edfcd7cf-41a9-464e-92b9-27958f8085fd,735d7382bc84f337,ATM-RGVE-5517,ATM,2533.38,2023-02-04 23:44:26.165552,19.159083,72.848361
77de841c-e06c-4e92-917d-f38776b5a14b,7878fbab6ddda2f9,ATM-CUBZ-3829,ATM,2533.38,2023-02-04 23:58:21.782908,24.00403,86.867567
5e40129d-91bb-4efd-96fe-70e2e5257226,6da47df28d1aad11,ATM-QWJT-9266,ATM,3800.08,2023-02-05 00:21:31.164731,30.854856,75.919121
75516245-7f39-4ffd-9887-97cf0dffa7ff,735d7382bc84f337,ATM-VFYJ-0199,ATM,3800.08,2023-02-05 01:26:54.704363,19.088178,72.980915
97bfa6a0-eadb-46ed-a7e8-3633dbcf092b,e5f265e3ef332cfc,ATM-PWID-5310,ATM,11400.23,2023-02-04 23:43:55.873571,13.140475,80.286521
f7dab868-1cbf-4301-a11b-93241a561705,22ee0eda8c709f44,ATM-JMYH-5269,ATM,5700.11,2023-02-04 23:39:22.420786,12.996288,80.250562
177d62dd-1f51-4c69-adaf-9e96426fc6f2,a34eda124c7becc8,ATM-MCQQ-1405,ATM,5700.11,2023-02-04 23:46:40.903080,19.126488,72.851634
3dac6d1b-b502-4289-8e20-5ac62beacc9b,6719077e3a6cd655,MIC-GMDE-1740,MICRO_ATM_CSP,1688.92,2023-02-05 00:12:28.030833,23.972886,86.811348
ce32cdfd-5f41-4c1a-8b48-08228ebd5511,6da47df28d1aad11,ATM-SSVL-0536,ATM,1688.92,2023-02-05 01:18:12.139252,30.885781,75.875513
0d6e0fa4-b278-4da9-9bba-162cf0136ebe,95602c880bb923a0,ATM-QENV-6586,ATM,1688.92,2023-02-05 00:23:00.657727,24.213756,86.238334
38dacce1-ac59-492b-bce2-4c64449cc665,c171b589b00915b9,ATM-WDJZ-3533,ATM,5066.77,2023-02-05 00:03:22.129877,30.908697,75.76183
f7584e4f-1e57-4b42-b063-f2d23e1a2109,fbf4e2a2689a0699,ATM-CADS-9826,ATM,2533.38,2023-02-04 23:51:25.255593,23.979763,86.885958
7fef8cea-a74c-44d8-a1fc-60a5d088aef1,6719077e3a6cd655,ATM-YJPW-7746,ATM,2533.38,2023-02-04 23:53:50.170520,24.044477,86.877433
5fbdd155-d8f4-411a-a62d-40448f980e37,3fd666dafcab0387,ATM-MQQI-5236,ATM,7600.15,2023-02-04 23:56:59.176687,30.921169,75.893544
f92f6fc9-2e85-42cb-b062-cf049fa1926a,3130a23abd9e06eb,ATM-MGJY-1575,ATM,7600.15,2023-02-05 00:16:16.144335,28.545871,77.402996
d4e3fa64-9d46-419c-ad41-566b2d1cef73,96ee3133eae53f34,MIC-PBRV-8010,MICRO_ATM_CSP,3800.08,2023-02-05 00:42:28.368250,28.559215,77.409486
8dbd9c4b-3cc2-4ce3-be38-6023bff63344,90eba30e6ce8087e,MIC-ZILR-5398,MICRO_ATM_CSP,3800.08,2023-02-05 00:43:02.071420,22.572886,88.423102
30127760-4125-4986-894e-7fc9da34a5e5,6719077e3a6cd655,MIC-FEIS-6912,MICRO_ATM_CSP,2533.38,2023-02-05 00:05:30.856387,23.948702,86.786981
c3cebf56-12d7-4d3b-bf75-f2856dd78196,095c1c65e3981f27,ATM-MKZO-1485,ATM,2533.38,2023-02-04 23:45:20.935808,24.048706,86.75297
edf31d31-cc08-4a06-8c55-36999ce97a88,3da0d543bb6c4c0f,ATM-XVVC-6593,ATM,2533.38,2023-02-04 23:52:44.857985,28.524085,77.351462
fada7e11-af96-458b-91a5-facb6caadcc7,e9b823fe47bc426a,ATM-JKPB-3818,ATM,25783.56,2023-08-31 22:18:58.115576,24.344386,86.302691
703a2a38-8d01-4012-8ca3-73e693858b4e,15bc62bab6812a87,ATM-OHRK-9467,ATM,12891.78,2023-08-31 21:44:26.540955,22.573559,88.295444
5129c920-8e65-4ce4-aec5-1c4676f879d3,82c9eceffb3a9628,ATM-TUCT-6759,ATM,12891.78,2023-08-31 21:47:27.523054,28.512804,77.464834
95662f5c-ea09-4f03-ab68-37dc710e0f0f,82c9eceffb3a9628,MIC-IFYN-6191,MICRO_ATM_CSP,25783.56,2023-08-31 21:32:46.807283,28.48162,77.44164
429662be-b6a2-431f-bf7e-a2026368a947,400a95ae23792cbd,MIC-MGTP-0352,MICRO_ATM_CSP,77350.69,2023-08-31 21:47:40.438725,28.073551,76.992959
46b9d431-de79-4ebb-b354-3d0f8c3f24e8,25b04eca97925f46,MIC-OXKZ-9956,MICRO_ATM_CSP,38675.35,2023-08-31 21:56:12.168668,24.197464,86.262313
7c041b98-a9ac-4abe-b037-f7b583784693,89d7b75cd9122aad,ATM-AYHU-2411,ATM,38675.35,2023-08-31 22:20:47.467288,30.887392,75.878157
02515940-2a6c-4372-aa70-d1e6eaeb5ed8,3dcd069dfca35470,ATM-HSSD-7333,ATM,25783.57,2023-08-31 22:20:53.772330,13.117579,80.270019
8abde3d3-45ef-4c29-ba0e-cf77d70aeb36,bb6efc9b42a0c6a5,MIC-LWOG-9869,MICRO_ATM_CSP,25783.57,2023-08-31 22:50:13.313375,24.153805,86.282588
c4360711-3ce2-4325-acfa-ea91d0169e08,83ba5887d82ddd6a,MIC-ZMMO-9008,MICRO_ATM_CSP,25783.57,2023-08-31 21:49:31.577421,13.088473,80.307812
b72909a8-e6b0-4fa8-8b35-8283cf703d65,18d4b8c5d301d3fc,ATM-BQDI-7895,ATM,233796.82,2023-03-09 11:07:24.802817,23.935337,86.748278
021d45dd-adff-4409-8b41-459534b553ff,131a7708363db506,ATM-ZRVO-1085,ATM,233796.82,2023-03-09 10:26:17.300401,22.629896,88.319115
36f9e515-fc3d-44b9-9c3c-a3bfeaf0bcc6,2647f966c1839f83,ATM-BDSX-3654,ATM,30398.78,2023-04-13 08:57:05.427582,28.226096,77.017571
917b9da2-539c-4147-b644-16dc34b1cbba,c6add401e808d068,POS-SIVK-5926,POS,10132.93,2023-04-13 09:25:15.284813,28.522923,77.352816
37a53821-1d61-4768-a2dc-72ee1417fed4,c05a5b6ef117bd25,ATM-THGL-1109,ATM,10132.93,2023-04-13 09:04:38.486159,28.0129,77.013142
58d302fb-6f0a-444a-9928-33eca90c37c9,8d23eeefc8b65f56,ATM-LOYV-0360,ATM,10132.93,2023-04-13 10:51:08.259754,24.117063,86.329568
f6a819c9-076a-46ed-9cee-3bf9ebaf0f1b,2bc3bef98dc93ad5,ATM-PAEN-1120,ATM,15199.39,2023-04-13 09:42:33.620114,24.211831,86.338433
ba88b819-6182-4c2f-8e27-8bd1ca9d3f0b,2647f966c1839f83,ATM-BHNV-0562,ATM,15199.39,2023-04-13 09:37:21.861984,28.042373,76.964917
c6ddaa75-2434-497e-8d82-0388b8f6ff76,7dfe46ee8d6ea258,ATM-XGLM-3786,ATM,21016.64,2023-05-12 20:46:23.510096,24.155433,86.31555
4cd14b6b-8fc8-40b3-96e2-c17b268af48f,7dfe46ee8d6ea258,ATM-KRED-1674,ATM,21016.64,2023-05-12 20:22:21.421984,24.212607,86.298243
5c3e48f9-96fa-421f-8e8b-6a528855d638,45c70d67d95dee88,MIC-DKZG-9438,MICRO_ATM_CSP,5254.16,2023-05-12 20:22:54.936362,30.928276,75.791683
9ad67f96-dc17-4a2f-aee7-049c1ef71317,708e9a1b3e04ed99,MIC-XABW-1669,MICRO_ATM_CSP,5254.16,2023-05-12 20:33:20.515747,30.956595,75.959023
cfac4c20-aa76-40c9-aec5-6c51d1a583d1,91b86f426cd2cf59,MIC-NDEA-2262,MICRO_ATM_CSP,3502.77,2023-05-12 21:12:45.205556,28.531179,77.316159
233efe7d-be6c-4662-bcb3-e580b4c5265e,73fce4396c794458,ATM-VJMB-5433,ATM,3502.77,2023-05-12 21:42:18.648707,24.110235,86.331133
1ccacf7f-edaf-49a9-9d5f-110bb46f5d84,25b04eca97925f46,MIC-JFLI-8938,MICRO_ATM_CSP,3502.77,2023-05-12 20:32:41.198723,24.251051,86.261914
ce096628-5ddd-4c7a-9738-876e07b61943,f253d605f12974cd,MIC-YZHI-7616,MICRO_ATM_CSP,3502.77,2023-05-12 20:42:10.839844,24.150509,86.294756
2241feb2-eae2-41fa-828e-156e138c5264,540d6d34de564912,ATM-JUNW-7595,ATM,3502.77,2023-05-12 21:41:32.117989,30.91235,75.89733
dfe82c19-1183-426a-801e-fc83aabd3280,cab96474e727e59c,POS-FNXA-3974,POS,3502.77,2023-05-12 20:49:49.079559,22.562297,88.371036
68c71302-7ec1-4339-8991-94be185871ff,095c1c65e3981f27,ATM-VTQK-7943,ATM,10508.32,2023-05-12 20:42:09.554926,23.924577,86.87087
d4d2eb7f-7b2b-445b-becf-3e3089001f02,07e0cebd234c62cb,ATM-VDDQ-0109,ATM,6567.88,2023-07-08 00:23:51.817317,24.130352,86.288472
1d5e6f78-34a5-4e16-a3b3-65eb9e2fd086,a0f75e9cadde49b3,ATM-EAOV-2589,ATM,6567.88,2023-07-08 00:34:49.342471,18.986172,72.81898
31dcb33c-4c01-4f4b-9aa6-81c6dbd97523,5e7a22b24305ff3a,ATM-IPNG-3522,ATM,6567.88,2023-07-08 00:27:44.529918,28.124689,77.072706
9423b1cd-337a-40de-84c5-97de361905e3,b40cfec92900ce51,ATM-XABM-3101,ATM,6567.88,2023-07-08 00:23:27.046149,24.203542,86.339205
11139776-84d5-4ad3-bc20-6edb5ff398fe,7ed13f42d8359663,MIC-JADL-8016,MICRO_ATM_CSP,6567.88,2023-07-07 23:40:27.546711,22.53628,88.309808
5ed61dcb-29ec-4d3d-aaeb-9c532bc9d0eb,07e0cebd234c62cb,MIC-WBPW-0892,MICRO_ATM_CSP,6567.88,2023-07-07 23:57:46.770340,24.145755,86.280259
127dfbc3-5174-43fc-82a6-2d4b14b9000c,a0f75e9cadde49b3,MIC-EPWK-9561,MICRO_ATM_CSP,6567.88,2023-07-07 23:42:12.850527,19.016462,72.840034
33c4e1f6-30aa-4888-b50b-2649e91bf38f,07e0cebd234c62cb,ATM-KGNB-7016,ATM,6567.88,2023-07-07 23:45:18.515271,24.05736,86.290554
d071d88a-24bc-4719-9273-ae03f4d5784d,400a95ae23792cbd,ATM-RPZJ-9998,ATM,30078.5,2023-03-24 00:44:52.836164,28.122358,76.997953
5567b165-0ad5-44cd-888c-2c0a9a535c0c,da409597f4ad841c,ATM-CJUY-1914,ATM,7519.63,2023-03-24 00:36:41.498006,23.909378,86.83925
a6deb575-48ee-4faf-a5b5-95e693b52c9e,6719077e3a6cd655,MIC-LZVF-6981,MICRO_ATM_CSP,7519.63,2023-03-24 00:29:55.053733,23.922088,86.78641
beadfa5f-231c-4434-af92-3620498066c0,945db3dffb7ba17b,ATM-JMGL-1418,ATM,7519.63,2023-03-24 03:44:17.978838,19.191664,72.920096
918e0926-6177-4704-bddc-ed47df96df0c,aefb9520732cf5fc,ATM-RCHZ-7437,ATM,7519.63,2023-03-24 00:55:51.430873,22.625375,88.326705
a2a1e726-d972-43b8-a4c6-dabe1e3e73ac,25b04eca97925f46,POS-YCCD-6640,POS,18548.01,2023-12-23 21:02:05.440781,24.200089,86.29402
b342378f-3a61-46cd-a1de-64d2fe381ccf,d327db90c3ad5ef6,MIC-DSKA-5986,MICRO_ATM_CSP,18548.01,2023-12-23 21:47:59.098534,30.930114,75.881154
b2387111-5ede-487e-b4a6-c7baf917b475,3df284a919e148a8,MIC-PYTR-8056,MICRO_ATM_CSP,18548.01,2023-12-23 21:02:11.689098,22.602114,88.43802
92137e64-4646-4b56-917c-65adc31100a5,1b6df1573ac24ffc,ATM-ISMO-4890,ATM,18548.01,2023-12-23 21:34:07.490704,30.873008,75.881806
23fd0dd2-81fc-42ce-8db7-855e70190143,bfd8d67e331c6de1,ATM-UPNF-9332,ATM,12365.34,2023-12-23 21:16:02.201565,30.841245,75.839571
a7d57ba0-9b36-4ce2-ba97-3fe071d6c22b,6da47df28d1aad11,MIC-UBCE-7685,MICRO_ATM_CSP,12365.34,2023-12-23 21:04:16.200291,30.866728,75.855941
b049de29-3937-4a60-8be0-5c3073e52779,fb3613bd645c7d41,ATM-SQXT-6257,ATM,12365.34,2023-12-23 21:22:31.244350,28.570539,77.442753
e7fc8dac-da25-4087-abaa-fee2f35d2a53,25b04eca97925f46,MIC-QRLA-3566,MICRO_ATM_CSP,18548.01,2023-12-23 21:21:49.103139,24.223039,86.343357
edce1376-4c2b-417b-a4ea-e84229d91d58,4b2f70600e0981d6,MIC-DWKZ-7135,MICRO_ATM_CSP,18548.01,2023-12-23 21:40:26.088068,28.500555,77.46907
4b1f4411-24c9-491d-8566-2ba913f45aea,be8983f366c5d07c,ATM-NSYB-9956,ATM,37096.02,2023-12-23 20:59:52.825680,24.216881,86.246863
a2e0e457-813b-4452-beb4-35a6519a713d,068cb231d039902c,ATM-INSV-6925,ATM,37096.02,2023-12-23 22:20:29.771912,13.058315,80.256873
48cfc029-f2aa-4266-a5ad-7b28eb2fefe7,82c9eceffb3a9628,MIC-JSIR-7124,MICRO_ATM_CSP,25874.05,2023-04-10 12:14:35.531570,28.492842,77.276162
69513ad4-5fd0-45e5-a28a-3582b7714e2d,c945f53dcac18889,MIC-EZFT-0441,MICRO_ATM_CSP,12937.02,2023-04-10 12:13:21.994878,24.166469,86.324733
ffeda44d-e27f-42c6-b626-9e2e31803ea6,1b046e221c756ad8,ATM-RPPF-3487,ATM,12937.02,2023-04-10 12:01:32.067391,28.496067,77.383361
d0361813-2051-4001-a04e-beac421fa2f4,c44d8338f95263f6,ATM-OZHT-5425,ATM,84292.04,2023-03-26 16:49:01.409715,22.6334,88.314878
9c62bf0b-7151-4901-b15c-2630fb68ac73,522a65badd42c641,ATM-XNMD-4378,ATM,84292.04,2023-03-26 16:42:45.147439,24.205139,86.17657
fc5aacb3-6b51-43e8-a41a-6d89ef062be9,801c737176bab764,ATM-LNAA-9176,ATM,11741.43,2023-09-01 16:01:59.228748,30.922775,75.834766
ae17a99b-ea00-4f34-9bb9-d6bbf1a39ca0,f72723c2288b7429,MIC-QNOC-7176,MICRO_ATM_CSP,11741.43,2023-09-01 16:07:13.494048,24.21576,86.278415
5b7cd859-ed56-4b61-895e-cd3f8499e19d,d3e3dc428f4f7211,ATM-TWLP-4958,ATM,11741.43,2023-09-01 16:22:17.790256,24.010093,86.728967
82aac485-c1e9-430a-a674-27cae26499ea,e09de44b287780d9,MIC-VJOW-8048,MICRO_ATM_CSP,11741.43,2023-09-01 16:44:33.768666,30.864197,75.811868
a02ce6ea-816d-4787-b49e-997a7bf19764,c44d8338f95263f6,ATM-EFBX-1180,ATM,11741.43,2023-09-01 16:46:11.952965,22.644428,88.313003
c339cb85-6a07-45c0-a901-28c844049bfd,96739c6dc7f02b5f,ATM-JHXW-7646,ATM,11741.43,2023-09-01 16:06:01.714817,30.879673,75.874324
f451ec47-0eab-49f9-9ddd-0b951cd7d0d2,96739c6dc7f02b5f,ATM-LVCY-1537,ATM,23482.85,2023-09-01 16:02:05.844615,30.862972,75.887499
c73d7d70-0288-4489-b84a-8fb248b3d2a7,3fdb81fcdd99b495,MIC-XJEV-2921,MICRO_ATM_CSP,23482.85,2023-09-01 16:04:00.172355,13.178694,80.335494
03f05e07-d92b-41d3-b5f9-859f3ca9b812,384f87a17f6c5ecd,ATM-NAHR-8204,ATM,23482.85,2023-09-01 16:05:38.243144,13.079999,80.168614
f9257019-5c15-47c3-96d5-39aa6e7b08a8,f067cd13d9bb540e,POS-YMFW-7474,POS,7827.62,2023-09-01 16:19:47.643892,23.957471,86.809305
141fbe2a-997a-49d3-aacd-33725c519faf,76b7a36222fb4dbf,ATM-DNCG-5687,ATM,7827.62,2023-09-01 16:24:53.510206,28.089196,76.958209
79d405a4-5013-4780-9d11-f09067fb36bf,b18f7c8dd40cd2ae,MIC-WLHH-6007,MICRO_ATM_CSP,15655.23,2023-09-01 16:29:31.608927,13.051934,80.219978
b4ccb821-4dfe-45bf-9f21-2f6116323346,2cea95cfb3bfcf81,ATM-NOGO-1580,ATM,5218.41,2023-09-01 16:05:34.091263,22.54899,88.377077
9458a235-79a3-498e-af9c-4fad731dc33a,095c1c65e3981f27,ATM-CSMW-3373,ATM,5218.41,2023-09-01 16:25:28.670553,24.005584,86.814031
4743a68b-a366-4f74-8035-43c25559936e,6e8a7e20f88060bd,ATM-KJFS-6955,ATM,5218.41,2023-09-01 16:12:34.635856,22.597935,88.320926
37201c70-7b35-48dc-8759-dc0b2666731c,c945f53dcac18889,ATM-LCDB-0520,ATM,46965.7,2023-09-01 16:03:27.264470,24.254129,86.238324
2fc2b03c-8149-4ea5-9527-6878602e2bf9,f067cd13d9bb540e,MIC-ZPFI-8317,MICRO_ATM_CSP,11741.43,2023-09-01 16:29:37.068451,23.90943,86.853257
8e022ea2-9c8d-42b0-92b1-93d583be8724,9dbe3525d7d0e203,POS-TYAB-7360,POS,11741.43,2023-09-01 16:04:24.793363,24.168755,86.267493
c3d43d2d-c38a-47ff-a420-a251cb05195e,9dbe3525d7d0e203,POS-MEFY-6944,POS,11741.43,2023-09-01 16:00:00.035529,24.178467,86.313553
f3add845-ff06-4830-bbb0-12b5840ab128,98768ceed9627cfa,MIC-QIKP-8518,MICRO_ATM_CSP,11741.43,2023-09-01 16:08:52.181710,23.936527,86.712394
7826616a-fd80-4f5a-b9a3-7e2df03886f3,095c1c65e3981f27,MIC-UYRO-7664,MICRO_ATM_CSP,48869.96,2023-12-25 15:56:51.583828,23.992432,86.804056
1b872795-e04f-4abc-a8ba-bc38f3bf9657,05d9cb0a7966aa7b,POS-LKJX-3065,POS,48869.96,2023-12-25 15:49:00.681418,28.086415,77.051871
0f538964-d5c3-4eb9-859f-ee8f0440c1cc,800f97ed69d44439,ATM-YSIJ-2559,ATM,97739.91,2023-12-25 15:07:06.212496,28.155008,76.911468
390dcbd5-a66c-45f2-ab68-2e58204d9cfc,095c1c65e3981f27,MIC-MITY-5069,MICRO_ATM_CSP,65159.94,2023-12-25 15:35:38.309463,23.920055,86.834854
06fb98f6-fdee-4df3-8bd6-0a54f86284ac,253c75bacf995b9c,POS-FYNN-3146,POS,21719.98,2023-12-25 15:25:37.008974,28.536197,77.448371
ec2bc98b-a084-47ee-bb45-43464ec9aa0d,ecc8777fcfc39d17,MIC-QQOI-0156,MICRO_ATM_CSP,21719.98,2023-12-25 15:45:50.269660,22.613089,88.431634
6942e29d-188e-487d-a0fd-8bde040d70b5,eceb974fb106da17,ATM-EVOB-8319,ATM,21719.98,2023-12-25 15:15:23.323654,22.624708,88.371927
aefc8096-4d53-4fae-8add-a34cb4e787a5,a34eda124c7becc8,ATM-YZAV-3922,ATM,65159.94,2023-12-25 15:31:38.222346,19.072463,72.876739
676e3704-850d-4a1c-abf1-e7b5388e2075,dbb971a3623d9970,ATM-KZKS-9876,ATM,153977.65,2023-05-20 07:59:48.444911,28.511689,77.446656
03a21817-3cef-4ba5-953b-84508d798cbb,1363f80c2a6ea929,POS-VISF-6721,POS,60418.01,2023-04-16 09:57:18.477428,19.150969,72.871461
a21f63e3-a2c9-41fe-8c0b-9d2115a43c08,20d1004be5275449,MIC-TKUF-4963,MICRO_ATM_CSP,30209.01,2023-04-16 10:29:30.891601,22.579507,88.356681
25a68bf1-41b8-44a2-b998-1cc543110b29,1363f80c2a6ea929,MIC-GAIK-9775,MICRO_ATM_CSP,30209.01,2023-04-16 10:36:11.404908,19.049594,72.907014
7419b258-4947-431f-ab97-07f4b7e34924,5e7a22b24305ff3a,MIC-WOBO-3135,MICRO_ATM_CSP,4056.92,2023-05-26 09:15:45.892648,28.061895,76.991515
c74b8c69-6d75-4f2e-b744-8e506220c652,d197d95e274489e7,ATM-UIVV-4073,ATM,4056.92,2023-05-26 09:50:49.890532,28.167522,76.979835
1cfb47bc-9e92-4c3b-8feb-11649124b9f1,6da47df28d1aad11,MIC-PTFP-9792,MICRO_ATM_CSP,4056.92,2023-05-26 09:46:15.072343,30.855578,75.889097
27759a6e-49fc-4cd8-9f79-82704d5b5301,6da47df28d1aad11,POS-SNRV-6078,POS,12170.75,2023-05-26 09:31:12.658397,30.956376,75.835569
4f214d85-5562-49e5-986a-48e4dd66ada3,6da47df28d1aad11,ATM-TTHF-2151,ATM,12170.75,2023-05-26 09:49:46.292557,31.010474,75.819952
2e545816-8857-4c82-8eb1-1440371b1975,a624ff50d385a48f,POS-XIZB-3834,POS,18256.13,2023-05-26 10:09:21.947764,28.521074,77.384347
60c984a9-38e2-4799-b12e-b758bd855bf6,6719077e3a6cd655,POS-PTJW-0596,POS,6085.38,2023-05-26 09:48:06.601658,23.97988,86.758702
adffc3b2-4843-4540-926e-fbff5656cd2d,0c3bb40dc19d9219,ATM-CQXY-0985,ATM,6085.38,2023-05-26 09:24:30.241745,28.050561,77.095116
b59a84a1-a646-4841-bd99-cbbf0b8db7b8,fd6124470dc27ee8,ATM-YRRG-5761,ATM,6085.38,2023-05-26 09:52:44.075993,28.132804,77.05083
1936793d-611d-4732-9b50-c03236a9cbba,eecf10e34e5265e4,POS-VADC-9228,POS,50219.56,2023-05-23 06:18:59.482177,28.486758,77.364206
3897bdcc-ba1f-40c6-be02-0ca766744b3e,c945f53dcac18889,ATM-JZUA-8105,ATM,50219.56,2023-05-23 06:22:51.612352,24.21765,86.268652
b42e4d1d-b346-4265-85d6-389a3cd9e03f,d95d8cbc786fbe44,MIC-RQLT-3713,MICRO_ATM_CSP,25109.78,2023-05-23 07:19:14.511175,30.901068,75.846449
b5439fe9-e680-4f74-99bc-7d2bdcda219c,7138f04a79804589,POS-VAIQ-4177,POS,25109.78,2023-05-23 06:29:07.298556,28.138906,77.088751
a2319172-d8cc-44e5-9cc1-effe8b68fe02,3da0d543bb6c4c0f,ATM-NPBN-4922,ATM,50219.56,2023-05-23 06:39:33.305771,28.517797,77.379666
94d64050-eeb3-4af4-ac67-246b7721e2b5,fad5cbcf2a4d463c,ATM-AYTZ-2563,ATM,232799.27,2023-06-21 06:27:04.739171,30.959272,75.901746
fdf287d3-378c-4aa6-bdc8-7758999d3116,e3af0705ba5a43fa,MIC-HFZK-7060,MICRO_ATM_CSP,232799.27,2023-06-21 06:30:33.430716,13.086844,80.261013
7b274ee3-d6e1-4a33-9ae9-85e656fafd66,c08d00055da1c6f6,ATM-OLOH-3958,ATM,107921.25,2023-03-03 10:17:39.121264,28.03273,77.079189
84106c43-d024-4857-97f7-3251f46cbb66,6da47df28d1aad11,ATM-AJCM-6815,ATM,78866.68,2023-12-19 22:08:07.982854,30.937877,75.817304
7a972037-0242-42b2-a646-9963d2418349,9ad82182ead0fba7,ATM-JPIN-5573,ATM,26288.89,2023-12-19 20:23:36.323804,28.529035,77.293699
14985c97-8be7-48ba-abca-1a4cd5c91f3f,78412091d3702307,MIC-WXNP-9655,MICRO_ATM_CSP,26288.89,2023-12-19 19:52:08.979128,28.025211,76.959837
f5293403-1032-4102-8d0f-12b465fdd2d0,6db4b99434e0bedb,ATM-GEBI-2676,ATM,26288.89,2023-12-19 20:01:22.116625,22.565082,88.378201
b9cbec3c-fda6-4f68-9b98-dafb5c1f86f5,d0d470cfc4fc7e7d,ATM-YSGG-4568,ATM,26288.89,2023-12-19 20:04:36.206956,13.066664,80.24089
3da601df-6a6a-4412-8d3f-8e7d04a35bb8,1fbd0c1ad65a3618,ATM-YXTJ-3833,ATM,26288.89,2023-12-19 19:54:59.139862,23.983902,86.821279
cde7dc17-52c7-496e-8070-d5200d0ecb1a,522a65badd42c641,ATM-DSRK-7985,ATM,17525.93,2023-12-19 20:18:54.417792,24.191973,86.246727
228b04a3-c0c0-4dd4-a080-035569a64c22,f8e2a6843d0b843b,ATM-QEAR-9914,ATM,17525.93,2023-12-19 20:19:38.778580,30.900662,75.832645
d212d957-9984-46d3-af6c-0f93a20ca8c4,15bc62bab6812a87,MIC-MBYM-3352,MICRO_ATM_CSP,17525.93,2023-12-19 19:55:19.650348,22.49385,88.390014
11e369f9-2692-4900-b1af-c516adb9223a,91b86f426cd2cf59,ATM-UDNT-6081,ATM,17525.93,2023-12-19 20:45:44.186970,28.58702,77.363583
b96c7d05-fdaa-48dd-9de6-b39683e8cd84,2e4345eca1b5a34c,ATM-PDSU-5361,ATM,17525.93,2023-12-19 19:57:45.501638,28.535078,77.343067
f2aca4fd-de61-45e3-bbba-2243f94d090a,02ae516d1d2fd9f9,ATM-TDRH-9506,ATM,17525.93,2023-12-19 19:50:11.974534,30.861318,75.853931
d47bc4b3-0114-4e4b-b1ce-e12945f04940,bf83fdd147835180,ATM-WLIA-2771,ATM,7769.7,2023-03-10 12:35:14.283545,28.649581,77.353834
f7da015f-0d1f-42ec-a7a3-d9383a1a59eb,25b04eca97925f46,POS-ZVFZ-6118,POS,7769.7,2023-03-10 12:55:42.682226,24.180334,86.359059
386d1f4c-06cd-41b7-92fd-5cffe3f5e5cd,89d7b75cd9122aad,ATM-TQPT-6412,ATM,5179.8,2023-03-10 12:52:54.212737,30.931846,75.945844
0ce5b8ff-c970-4ad3-867e-83c4d9f8efd5,25b04eca97925f46,ATM-YAAF-9385,ATM,5179.8,2023-03-10 12:34:28.073690,24.179892,86.300492
78b7aa7f-3218-4898-9cde-00273bb0aee4,94d6f63ab19d86b2,MIC-PRGK-3698,MICRO_ATM_CSP,5179.8,2023-03-10 12:47:55.831322,23.9236,86.84075
37880419-9059-49cf-8900-d1067e4eb5a0,98768ceed9627cfa,ATM-YVOL-6429,ATM,15539.41,2023-03-10 13:42:04.372637,23.927098,86.756364
b4f6d0e7-7d5d-4a14-b8ff-797bc095a55c,be8983f366c5d07c,ATM-AUQN-4889,ATM,7769.7,2023-03-10 12:39:22.378153,24.114521,86.378331
5a176492-95db-46e5-a943-32c938d42533,fe37a32105f85e14,MIC-BPOY-6737,MICRO_ATM_CSP,7769.7,2023-03-10 12:40:14.897435,28.553924,77.314178
e4be8172-6d76-4bb4-a049-2086450b0f6e,87cad92e65ebcdb6,ATM-YQGY-9772,ATM,7769.7,2023-03-10 13:47:12.521643,28.525595,77.422297
0206ff3a-2771-42b6-a8b5-fda11d3c5233,39647341f69d4904,ATM-WENQ-9967,ATM,7769.7,2023-03-10 13:10:53.672041,28.579926,77.338351
428c00d3-6d17-427d-84cb-db816da0d293,d036df3044e9deab,POS-HXDH-2959,POS,7769.7,2023-03-10 12:53:05.606518,24.176213,86.326746
1e8fae4f-b107-487d-a044-18e06729995b,9b32e2cba3851a8d,POS-VPWP-5678,POS,7769.7,2023-03-10 12:40:07.240224,24.215686,86.287168
86dcedf7-4aee-4b80-92e0-f94b6c966600,0f402318041204af,MIC-RMXQ-3486,MICRO_ATM_CSP,64761.99,2023-07-04 08:38:20.028955,24.203817,86.342162
b6c85fa1-bcec-4932-9564-b21a908ddb26,6719077e3a6cd655,ATM-UFOV-4447,ATM,64761.99,2023-07-04 08:45:27.079153,23.927794,86.802377
8a97ebdf-0291-4854-9765-f1db718abefd,d81d1683ecaac229,ATM-TOZW-2940,ATM,32381.0,2023-07-04 08:34:54.372529,22.581349,88.430022
75a6d3e5-6ad8-4a9b-aabb-560333c5b22b,fbf4e2a2689a0699,ATM-IZJA-3406,ATM,32381.0,2023-07-04 09:28:25.061105,24.083712,86.839625
18da5887-8bd0-4d43-b7c6-1a29d8e9a90c,6c95e9c4a0ba9faa,ATM-SBGI-4942,ATM,80511.46,2023-01-25 19:25:16.811163,23.93809,86.862075
8b1a9e3e-f233-44f7-9b4e-95e956dbd20b,ec7e68e5d9782dd2,ATM-GHVL-2095,ATM,80511.46,2023-01-25 19:55:34.926853,19.154715,72.838594
d5f3bc0e-3588-487a-953f-7f3d32b81f3b,6719077e3a6cd655,ATM-PKQH-6875,ATM,161022.92,2023-01-25 19:07:03.749053,23.976638,86.79638
733a1de5-ea57-4e87-8830-6a8171ca1c18,793bb65021361c99,MIC-XWNE-8508,MICRO_ATM_CSP,72736.62,2023-11-29 14:09:25.557997,22.511867,88.317712
530c73a3-2420-4ce8-b6de-a473aaa1b6e1,22ee0eda8c709f44,ATM-RKMS-6505,ATM,72736.62,2023-11-29 13:48:32.343755,13.09015,80.282962
e6e7b860-ac97-4c44-825c-259a990a5c1d,25b04eca97925f46,MIC-BLAY-7893,MICRO_ATM_CSP,48491.08,2023-11-29 13:25:52.084436,24.168515,86.223219
8ffd8fa2-d7ff-4d57-afaa-104e8750b5e0,e7dabff5801a84c0,ATM-DQXI-3240,ATM,24245.54,2023-11-29 14:20:48.180696,22.572023,88.343319
0c8dd1c1-b5c9-4e92-9e79-030f1de33152,78cfb5c38ee21247,ATM-GRXS-8867,ATM,24245.54,2023-11-29 13:26:52.476637,23.983084,86.786562
fb4441da-27d3-4dfc-9f2e-075fb2869d7e,c7f66b5e1cfdc547,ATM-VVIR-3118,ATM,16163.69,2023-11-29 13:53:18.788821,19.048295,72.952189
2a62b3e8-2bb3-4961-934c-fc22f54edf3c,5740c30c9a2b3355,ATM-HXLN-7937,ATM,16163.69,2023-11-29 13:14:25.842358,13.043356,80.270014
f4c05a71-d3c5-4896-80a8-187f8b32a511,b52aeac57b65c3e1,MIC-HKXK-3595,MICRO_ATM_CSP,16163.69,2023-11-29 13:34:13.882049,24.152702,86.386518
2123246e-2477-4a25-9f78-fb4017ffa5e7,8b4c144bb4ae4afc,ATM-QCOG-5566,ATM,16819.38,2023-06-20 02:30:51.019362,19.094598,72.968225
79b72100-5bda-488c-a7c9-25e5e6c53d53,8603e60ca1329f36,ATM-XACP-9060,ATM,16819.38,2023-06-20 02:46:25.833278,30.889452,75.797694
c05abbf1-4e74-4c6e-b971-ee69c1b7805f,6719077e3a6cd655,MIC-YEWQ-2571,MICRO_ATM_CSP,16819.38,2023-06-20 02:51:22.483709,23.916951,86.830382
f3321cd0-6089-4ee4-926b-2a27d712aeb2,8603e60ca1329f36,ATM-IOYO-1353,ATM,16819.38,2023-06-20 01:59:00.160835,30.823066,75.87536
900ede3a-482b-4999-867c-7788ef49a648,7dfe46ee8d6ea258,ATM-VGTQ-6973,ATM,22425.84,2023-06-20 01:48:29.898646,24.259331,86.338094
f159ce7d-5392-4f29-823e-3feece2334af,a34eda124c7becc8,MIC-UQTU-8992,MICRO_ATM_CSP,22425.84,2023-06-20 02:13:10.376407,19.054097,72.76979
3ba04745-8b1a-44ca-b863-bd0861b2ca26,2e731df693beb9f9,MIC-GGBM-6605,MICRO_ATM_CSP,22425.84,2023-06-20 02:22:00.647378,28.130164,77.015582
10f330ac-6a22-42d5-a7c4-cc72f1aa7130,45d630ed37506629,ATM-YIAH-8787,ATM,30270.58,2023-01-27 00:27:32.344764,22.60702,88.392677
98493d3f-c8e5-4fa5-8bab-c7f014f74ee6,578ffffe9f15f020,ATM-SEWH-2390,ATM,30270.58,2023-01-27 00:13:02.740573,19.12015,72.933654
5848588c-8554-4978-bcf5-9347fe16ff53,562772d2f729f0a9,ATM-QOZN-2040,ATM,30270.58,2023-01-27 00:15:29.774838,30.889868,75.860908
84e2814a-fe1a-4488-9afd-cdc1aad95844,a458a9d0fa6b945c,ATM-YVOD-0623,ATM,30270.58,2023-01-27 00:31:26.037520,23.990934,86.779793
720029e2-9dc9-41d4-b47f-cb172e12ad4f,5234e2681fb4977e,MIC-GASZ-2889,MICRO_ATM_CSP,30270.58,2023-01-27 00:32:19.539949,24.151392,86.259714
5ed00faa-109c-4999-8871-cbf54d9affd1,56d780b6aabce5d8,MIC-XVJY-6164,MICRO_ATM_CSP,30270.58,2023-01-27 00:29:19.242345,19.046365,72.85754
8f054740-74fb-4617-a798-01fe6f0cde0e,f35940835bdb022f,ATM-WMZQ-1618,ATM,18361.49,2023-10-25 12:39:20.009212,24.140715,86.242678
ce58bfb4-86b6-4493-805b-6d8c1653bbf0,15bc62bab6812a87,ATM-WJOA-6582,ATM,9180.74,2023-10-25 13:37:45.786233,22.517287,88.354126
e62fd8a5-9454-441b-a5d8-6b362f883ef5,78412091d3702307,ATM-PXSP-6523,ATM,9180.74,2023-10-25 12:13:36.852115,28.220869,77.031574
c107130d-a746-4405-ad6b-ecb658d1f78d,6719077e3a6cd655,MIC-LWKR-2147,MICRO_ATM_CSP,36722.97,2023-10-25 12:11:39.756714,24.032047,86.749035
5d171c4e-9406-4299-887b-0093cc251065,384f87a17f6c5ecd,ATM-BWPW-8868,ATM,59377.8,2023-04-14 20:29:40.765005,13.082522,80.349866
bd1c4d9d-e786-40d2-81f5-737195d6cad5,09faa805bb9366e1,ATM-VPDJ-4253,ATM,29688.9,2023-04-14 20:53:22.770008,13.098607,80.206675
397d027d-a842-4fb9-8d9e-029808054c2b,a77e1110504ea4de,ATM-CZFN-8304,ATM,29688.9,2023-04-14 20:03:15.562256,24.201084,86.317697
11cd9c30-af8d-47c8-b51f-ade8f9db5665,3c8adec20ebc7ecc,ATM-AXHR-5078,ATM,4278.84,2023-09-12 08:01:35.921602,24.218055,86.301055
e50d71b6-3a39-46be-a89e-92d26b0a35e1,ad5fe18df494f9d9,MIC-IPXD-4479,MICRO_ATM_CSP,4278.84,2023-09-12 07:42:02.823455,13.157796,80.273142
96dd41e3-621f-4ac9-8a0b-10557a5dfe34,c08d00055da1c6f6,ATM-ICMD-1260,ATM,4278.84,2023-09-12 07:51:51.239101,28.039169,76.941727
61e57848-4986-4384-88a0-0345b36b45cb,b40cfec92900ce51,ATM-IDHF-6001,ATM,206260.62,2023-01-26 19:25:23.230916,24.141448,86.262185
2a2a600f-de1d-4eaf-bdd0-9b99ca1e6074,d00466dba4ffcefe,ATM-CRSH-4495,ATM,15187.04,2023-10-16 19:26:30.560657,28.495261,77.406018
10ae0b2c-50b0-4ca6-b175-8a1be61a982c,febf24426daa34df,POS-JTLM-4168,POS,15187.04,2023-10-16 19:18:30.739654,19.101894,72.876789
3bc54e0b-b5d2-41fa-a7ad-f92c20a94f21,febf24426daa34df,ATM-ERQI-2300,ATM,15187.04,2023-10-16 19:16:53.171676,19.055088,72.940804
9d3e7042-da2d-47b6-99d6-c1d6b3961b65,b40cfec92900ce51,MIC-XWMO-4845,MICRO_ATM_CSP,15187.04,2023-10-16 20:04:15.346994,24.151379,86.261886
12ef9339-de4a-4bf3-92a9-fcbdc1a1a4e2,095c1c65e3981f27,ATM-WWTF-6092,ATM,20249.39,2023-10-16 19:09:13.045786,23.944844,86.794723
57a1f40d-a775-41d3-adf4-62fdf1950f85,8d23eeefc8b65f56,MIC-LVRD-9954,MICRO_ATM_CSP,20249.39,2023-10-16 19:22:46.396189,24.163678,86.364555
f512c61f-5e4d-4815-af58-1c9a6fe6a123,90eba30e6ce8087e,MIC-HRKH-0565,MICRO_ATM_CSP,20249.39,2023-10-16 19:22:43.655016,22.515636,88.422445
0cf6e1d1-7fef-460b-88b3-5d6e49662ca3,90eba30e6ce8087e,ATM-TYYU-8556,ATM,15187.04,2023-10-16 19:06:52.740023,22.569648,88.321374
5f156071-6f84-456d-9b7b-5f87ac398b95,45c70d67d95dee88,ATM-GHBM-2914,ATM,15187.04,2023-10-16 18:58:39.700949,30.922362,75.899254
bb854cc1-c215-4df1-8b48-d2ef08d20b95,f0cab7fa2fa3bdf5,ATM-QXQU-8243,ATM,10124.69,2023-10-16 20:49:47.528174,24.017275,86.835619
bb98ea66-968c-4116-9360-cedc0db28373,708e9a1b3e04ed99,ATM-GYWZ-8765,ATM,10124.69,2023-10-16 19:02:20.057747,30.856688,75.808996
d57afd73-f7e0-4a1b-8fa7-d54a80ebcd2c,0f39aa3b13e7e3c0,POS-NWPA-0067,POS,10124.69,2023-10-16 19:39:21.865880,30.878153,75.804562
6fe6eed2-a581-4b77-bb79-d25b665b68d0,e3af0705ba5a43fa,ATM-HBWP-5753,ATM,6749.8,2023-10-16 19:06:56.813973,13.136338,80.230272
00f80135-f494-4211-8922-f21f76de6f4f,d327db90c3ad5ef6,ATM-POPV-0258,ATM,6749.8,2023-10-16 19:49:27.168629,30.910369,75.816506
713c48c2-b5bd-46d5-beee-b9fd33b10b17,25b04eca97925f46,MIC-QQEB-0691,MICRO_ATM_CSP,6749.8,2023-10-16 19:02:57.665738,24.204807,86.415979
83230bf0-dedb-44ff-b988-7147f7e52bd0,45c70d67d95dee88,ATM-ZDMR-1917,ATM,6749.8,2023-10-16 18:58:01.037023,30.841522,75.912174
5d39ccda-aca6-4b60-aba2-fb4aa8299e57,095c1c65e3981f27,ATM-UVSL-7813,ATM,6749.8,2023-10-16 19:40:21.395891,23.950442,86.835236
85cb1f52-8b40-4f85-91af-324636ac954b,8d23eeefc8b65f56,MIC-NUOY-9154,MICRO_ATM_CSP,6749.8,2023-10-16 20:30:59.744794,24.198359,86.255843
3987f618-e9a2-4d14-b265-72937377b3c6,095c1c65e3981f27,ATM-NQBX-4693,ATM,20249.39,2023-10-16 19:48:30.788478,23.90997,86.752612
ebea1c6b-eea7-4aa0-87be-737c5fb7fc7e,4b2f70600e0981d6,ATM-HWPN-1932,ATM,4424.38,2023-05-13 11:07:14.663699,28.576181,77.388825
69039b9c-711c-4171-b7c3-beb6d26abb23,800f97ed69d44439,ATM-DPVM-2714,ATM,4424.38,2023-05-13 10:13:49.447959,28.107614,77.063448
7703fca2-6014-42d1-ac2b-8fba9a2232f0,e76a8f42f5a1372b,MIC-AOHP-6408,MICRO_ATM_CSP,4424.38,2023-05-13 10:06:56.771374,13.095395,80.192133
ac0adbb4-a38b-47ec-96ee-1f09aa438acb,3d2337c8db88cc60,MIC-PQWY-5508,MICRO_ATM_CSP,4424.38,2023-05-13 10:13:40.663070,28.144219,76.942292
b12b89e8-6089-43a2-a21c-daaa1374b0cf,044beed55d80dc2b,ATM-IUCP-4478,ATM,4424.38,2023-05-13 09:40:56.031284,24.266872,86.290618
4b842ae2-7cf6-40a5-a687-6451ac7d7319,4b2f70600e0981d6,ATM-WAPP-7555,ATM,4424.38,2023-05-13 10:08:19.026877,28.623177,77.339823
894f3cf4-9152-4ff0-a957-508af71b1e59,4b2f70600e0981d6,MIC-SVJL-8163,MICRO_ATM_CSP,13273.15,2023-05-13 10:13:06.494002,28.507579,77.377644
c3adc92b-0e79-41e3-adb4-b9f201de67a8,d3503cdd07a76e2f,ATM-URTA-0171,ATM,9954.86,2023-05-13 09:59:29.017488,23.895639,86.893488
705734ea-3df2-459f-bbd2-3997594ea1cc,400a95ae23792cbd,ATM-CNQS-0741,ATM,9954.86,2023-05-13 09:58:17.226217,28.045518,76.970653
b4060902-3958-4c06-bfdd-924a22d679d3,ed25b3310f976d9c,MIC-WTLK-0530,MICRO_ATM_CSP,9954.86,2023-05-13 11:48:38.678870,24.1806,86.310025
d71a90a3-be06-41cb-95e2-8c8707658878,d3503cdd07a76e2f,MIC-CHQZ-2677,MICRO_ATM_CSP,9954.86,2023-05-13 10:27:44.634617,23.993804,86.851807
56434c83-e858-4258-8941-5918ce9c7c42,0f108ded4e10a78b,ATM-PHRZ-6512,ATM,6636.57,2023-05-13 09:56:02.348019,24.260554,86.39748
02c6b7f5-aff7-430f-93a2-8af78a6dd0c8,1363f80c2a6ea929,ATM-AEPY-9672,ATM,6636.57,2023-05-13 10:31:57.569374,19.111973,72.83542
09103b02-4f83-4b7f-81b9-6eb9c8800859,87cc051ae08428cf,ATM-XDRL-3524,ATM,6636.57,2023-05-13 10:22:07.665577,24.143748,86.359374
e4c676fb-0df4-4633-b70a-713fd9b48897,400a95ae23792cbd,POS-VHMW-3081,POS,19909.72,2023-05-13 10:09:35.903315,28.154912,76.951776
b9b57a96-f908-49da-97d2-dfebbe53abea,98768ceed9627cfa,MIC-FVLH-7228,MICRO_ATM_CSP,19909.72,2023-05-13 11:49:13.522497,23.961958,86.775115
72779cab-56c9-473f-9562-d8a4f04e5acd,6da47df28d1aad11,ATM-ICRR-2217,ATM,19909.72,2023-05-13 10:26:50.948076,30.866663,75.887191
814add9b-ffc0-4625-a2d8-2a5c56caf610,d3503cdd07a76e2f,ATM-MRFE-9098,ATM,39819.45,2023-05-13 10:19:25.820955,23.902216,86.810697
e047fd15-2d4d-4553-8e8d-279b18aa8bd5,98768ceed9627cfa,MIC-LSYX-0080,MICRO_ATM_CSP,19909.72,2023-05-13 10:25:46.444904,24.06011,86.872629
90f37986-caf2-4ba5-a5c5-cf424be661da,25b04eca97925f46,MIC-YTAQ-8310,MICRO_ATM_CSP,9954.86,2023-05-13 10:05:05.212546,24.238203,86.351205
88311613-0716-40a7-8a71-fff16f98291a,ed25b3310f976d9c,ATM-DVGO-5242,ATM,9954.86,2023-05-13 09:49:12.122696,24.295189,86.324837
51069705-97aa-4f19-9735-7ee23aea72af,d6be50cb8c586fce,MIC-QIVY-5356,MICRO_ATM_CSP,71994.34,2023-01-22 14:45:45.664852,30.891099,75.862159
931b58ee-1615-492e-859b-211934afd7f0,9dbe3525d7d0e203,MIC-JRQD-8278,MICRO_ATM_CSP,71994.34,2023-01-22 15:07:14.485452,24.192648,86.39247
7f57438d-fb8e-4d8a-bb92-657e3999c293,a17d089448d398b5,MIC-MWVS-6962,MICRO_ATM_CSP,17998.59,2023-01-22 15:57:02.860279,22.615971,88.406872
754e33a2-8429-4489-ae0f-48046d15d4ce,450ed2cd4f37f2a0,ATM-WNAO-5248,ATM,17998.59,2023-01-22 14:34:50.619178,19.080592,72.8246
dd9fc9fd-8c41-43f1-ad0e-3f1a8379a4d8,6da47df28d1aad11,ATM-NQDD-8751,ATM,11999.06,2023-01-22 14:42:37.334806,30.81986,75.906013
4e3e33de-12af-4490-99b7-46ab1190ea9b,15611fa4233e5e09,ATM-EEJD-6711,ATM,11999.06,2023-01-22 14:40:09.115424,30.873537,75.886648
9e110dd8-77c5-4bb8-bea7-c4b0f7fabf1c,a2fa3041d552b090,MIC-ZBXQ-0260,MICRO_ATM_CSP,11999.06,2023-01-22 14:29:58.568370,28.567214,77.406801
b02df41e-5a33-4ded-bd62-f3f52cec9f46,2a1810e23521088f,MIC-YPIH-4723,MICRO_ATM_CSP,23998.11,2023-01-22 14:39:26.831592,27.992488,77.004645
9040b859-ed22-4c29-bf3d-dc1279b02de5,15611fa4233e5e09,ATM-MLWJ-2022,ATM,23998.11,2023-01-22 15:18:53.488460,30.917312,75.766142
f5d1ab01-bea8-4424-9eaf-22e36672c235,a2fa3041d552b090,ATM-PVES-8294,ATM,23998.11,2023-01-22 15:42:59.760375,28.519524,77.374021
437c0a81-91b7-4161-bcb1-2326b3f04629,1b753779d07e2b97,ATM-MXJB-0176,ATM,26288.18,2023-10-13 15:29:09.727537,28.545657,77.386366
72c3c1fb-005b-400d-9640-dadd11d5d6bc,d808e7485fc3520a,ATM-LKBC-4848,ATM,26288.18,2023-10-13 15:46:44.277822,28.149744,77.061906
1211e728-d723-49c8-9eee-c2d07451fc78,30e3b2726849cf25,MIC-JTIT-7699,MICRO_ATM_CSP,26288.18,2023-10-13 16:16:18.319197,28.521066,77.342188
7080a148-a3a7-4e73-b135-75552b80bcc0,91ff603347d3f90a,POS-MTKI-6350,POS,26288.18,2023-10-13 17:13:14.896476,28.035168,77.010007
5030d726-6021-4054-bef9-f8d081e5d70c,62cfc22d05ce7763,ATM-DYEV-5323,ATM,52576.36,2023-10-13 15:35:53.842033,13.000059,80.251477
11882787-afcf-47a3-9c54-8dce2269dc26,1b753779d07e2b97,ATM-ZWQP-9321,ATM,52576.36,2023-10-13 15:30:29.853624,28.622812,77.389743
5a10ffef-8d33-41bc-a6e8-d1e9743fda73,9fa7af4628dd9cb3,ATM-ZYFM-8384,ATM,34108.79,2023-08-29 05:36:26.488803,28.482567,77.328671
9eb316e9-2f32-4c06-9b8d-ed91e7acd838,394194a39a57bcc6,MIC-ICHF-0549,MICRO_ATM_CSP,11369.6,2023-08-29 06:10:40.775833,22.424871,88.353475
f8470e62-b366-4c60-a01b-dde75cd0bd82,c171b589b00915b9,ATM-RMEO-1702,ATM,11369.6,2023-08-29 05:55:20.459450,30.889582,75.879984
c61e1981-51e6-429f-ae82-0d7d80128f8b,9fa7af4628dd9cb3,MIC-BZNZ-2449,MICRO_ATM_CSP,11369.6,2023-08-29 06:05:39.411876,28.518368,77.35563
a8bccf97-1cb7-4c81-aaad-ff9f486cf939,8f21d510590ce4b1,ATM-VEMX-9107,ATM,11369.6,2023-08-29 05:53:16.740893,18.997556,72.842406
7c8c7323-b88f-47a5-99dd-bc29c6093b0e,1b31c8b8b88df13f,MIC-JFHN-8420,MICRO_ATM_CSP,11369.6,2023-08-29 06:21:32.570538,28.471414,77.347878
bfc8009e-b7ad-4ae5-8b39-cd72f37311a7,f9a34baab7be9f34,MIC-RQLA-0204,MICRO_ATM_CSP,11369.6,2023-08-29 06:14:13.254237,13.046046,80.346804
aa6a5f51-02c0-43a6-80b3-e85d201195ad,095c1c65e3981f27,MIC-TJQZ-9369,MICRO_ATM_CSP,34108.79,2023-08-29 05:47:39.262828,23.960472,86.748292
0829f3d9-cf4e-4852-9636-d28decf1c850,2647f966c1839f83,ATM-QPRQ-7044,ATM,11369.6,2023-08-29 05:49:39.605683,28.165562,77.037606
62e48b34-8a03-4875-8957-dfdfb450468c,25b04eca97925f46,ATM-XYQN-3543,ATM,11369.6,2023-08-29 06:17:29.572858,24.115479,86.332175
756fce32-31ce-48be-aa75-6bc503419338,55a08fadaa1a3e1a,ATM-VGOH-3334,ATM,11369.6,2023-08-29 07:05:38.921664,28.087691,76.989535
131fc0eb-0e7c-46e1-b745-8269d32ffa74,095c1c65e3981f27,ATM-VQGL-6076,ATM,34108.79,2023-08-29 06:36:21.515045,23.920261,86.83128
81314509-52e6-4659-a9cf-76f095061e94,2a17b5795aadef18,MIC-HQLI-5651,MICRO_ATM_CSP,56682.18,2023-09-30 23:25:50.944101,23.953979,86.816379
5f014e18-e0a3-4f85-a163-7603ae3c32d1,1fbd0c1ad65a3618,ATM-XSGV-7878,ATM,56682.18,2023-10-01 00:09:29.906942,24.000179,86.821786
685e3692-a919-4583-84d0-0d8dad02efe1,2e4345eca1b5a34c,ATM-IJFL-4671,ATM,56682.18,2023-09-30 23:11:10.705878,28.505142,77.374352
cfcc949e-4f1a-4726-aaaf-d0291931117c,55b4926e5d4cc375,POS-XLEV-9679,POS,85023.26,2023-09-30 22:41:09.221612,23.978926,86.795408
e7aecc5f-aad1-417e-85f7-f3ca1394b756,cab96474e727e59c,MIC-ERIN-6242,MICRO_ATM_CSP,28341.09,2023-10-01 00:48:14.715357,22.681609,88.302865
2efc196b-1c95-490d-aff2-b3a325be6041,7dfe46ee8d6ea258,ATM-HDQK-1610,ATM,28341.09,2023-09-30 22:53:28.466700,24.245983,86.363609
04499599-656b-4c9c-919c-2dd031ca26dd,f253d605f12974cd,ATM-BSXD-5154,ATM,28341.09,2023-10-01 00:18:23.790591,24.219914,86.286322
42045789-52d7-4739-ad00-76d2900d7b11,6d100f11d2a14a1a,POS-OIAH-2612,POS,58407.51,2023-09-19 07:10:10.057761,30.903226,75.87286
19fcd27d-2275-49f2-adb1-3d95dcb25714,e500c9e498d732fc,ATM-ZTRY-1292,ATM,58407.51,2023-09-19 07:11:29.846506,13.08013,80.301862
ca8eb1e5-2de1-4c39-9812-e35e976acf75,3c8adec20ebc7ecc,ATM-FTQU-4831,ATM,58407.51,2023-09-19 06:19:18.307757,24.273734,86.355416
0c80a76e-7085-4a70-a3a2-3b330422e16e,ba703db5e0293b48,ATM-KISG-8463,ATM,185826.0,2023-03-30 13:44:09.472035,22.515866,88.338312
3eaf6e32-9186-4d34-b962-e13d0b954d90,6d15ef43c18a5e44,ATM-OQVE-5855,ATM,185826.0,2023-03-30 12:31:21.479198,19.090827,72.896199
8d4fc2ea-36c7-42ce-85ad-83f70459a0af,a77e1110504ea4de,MIC-KCIG-6524,MICRO_ATM_CSP,167675.76,2023-03-20 19:29:35.309311,24.132278,86.204371
edeb6999-aa9d-417d-9661-8046cfb9d6a2,1a5374909c292cdd,MIC-YRAD-2446,MICRO_ATM_CSP,16340.5,2023-11-19 18:21:06.300693,28.149647,76.94286
d93ead26-2b47-403f-8c10-a4823c9ba7cf,22ee0eda8c709f44,ATM-JQGW-1027,ATM,16340.5,2023-11-19 18:29:21.211934,13.112224,80.23536
2c753283-b2f6-4d57-829e-22e68301e4a4,d6be50cb8c586fce,ATM-PBHM-7086,ATM,16340.5,2023-11-19 18:15:19.619059,30.938741,75.917633
0caf1407-55aa-4340-ab29-a24cbec1a8eb,110ff49da0eee279,ATM-EACO-3200,ATM,16340.5,2023-11-19 18:08:26.929552,28.089035,76.999287
6145f110-6c6d-4d89-9547-9363b11195ac,4b2f70600e0981d6,ATM-UFJG-1394,ATM,32681.0,2023-11-19 18:03:37.283995,28.603931,77.259014
9130855b-62c2-4ba7-9fdf-e643827b3229,e76a8f42f5a1372b,MIC-PQPP-4227,MICRO_ATM_CSP,32681.0,2023-11-19 19:02:28.136061,13.165296,80.258881
6f4cddae-3a95-4777-82e3-ea34b59aa33c,18054a93ec8f02eb,ATM-WXFK-1545,ATM,32681.0,2023-11-19 17:58:57.945112,13.100378,80.235288
8dd8c327-582d-422d-9a7c-18e83450f2d7,2f5005f659c6467e,POS-UOAH-2335,POS,32681.0,2023-11-19 19:10:25.646919,23.901861,86.777346
3c51c4a1-d989-4a5d-b671-e86a69106e0f,0f39aa3b13e7e3c0,ATM-ZMQT-9571,ATM,49021.5,2023-11-19 18:03:38.782868,30.905165,75.847473
744142c9-2e77-4ff2-bb75-0061128e0d30,6da47df28d1aad11,MIC-LRNX-9056,MICRO_ATM_CSP,49021.5,2023-11-19 19:21:18.732824,30.840764,75.751072
a9770816-4eea-4206-97ba-cd7d1a63ec05,a27b932eb377baae,ATM-VBWT-0347,ATM,98043.0,2023-11-19 17:51:54.004667,23.905492,86.852388
30305e5f-1eeb-424a-9ec7-4193de039b07,fbdf11c16c6f1158,ATM-KYSA-0707,ATM,9967.34,2023-05-19 03:23:37.598430,28.525881,77.389126
c3bb54f5-1663-4083-91dc-5b07c6ceb6c1,78a973ba4ad6b938,MIC-PHAO-6790,MICRO_ATM_CSP,9967.34,2023-05-19 03:25:09.317740,28.107884,76.979841
b3ccd205-cd85-469a-abd6-0666bc41807d,c08d00055da1c6f6,POS-SJFD-1852,POS,81911.37,2023-04-09 22:01:52.451986,28.109388,77.064671
fa4f6cd1-a1e0-4529-9145-479cb1f48f55,a7d3dd3cb0ab4de4,MIC-WBGZ-9597,MICRO_ATM_CSP,27303.79,2023-04-09 22:50:50.511423,24.229047,86.3662
e916f07a-d921-4de5-ab57-99546b067be2,25b04eca97925f46,POS-ASJS-3805,POS,27303.79,2023-04-09 23:25:05.214618,24.248968,86.247423
449f5156-4530-40b8-95c2-7bce40eac289,c944a5acdd141b53,MIC-NVHL-0919,MICRO_ATM_CSP,27303.79,2023-04-09 22:14:27.719718,13.038009,80.215344
421a1b19-a404-433c-97bb-0ff725b885fa,6da47df28d1aad11,ATM-NVNY-4242,ATM,54607.58,2023-04-09 22:52:13.070917,30.9369,75.887306
256d23ea-905b-4509-a3bc-6376d26df4c9,c08d00055da1c6f6,POS-OQBQ-3344,POS,54607.58,2023-04-09 22:04:42.772260,28.138321,77.053681
bee596d0-debf-4227-a335-297dd7daaf3a,a1c22d172367ec5f,ATM-ZKTY-0676,ATM,54607.58,2023-04-09 21:52:41.611648,22.503426,88.347361
45ad03de-c41d-44dc-949d-33de53d2e806,31c96105af812635,ATM-GZNN-8678,ATM,2026.86,2023-05-23 09:48:15.596759,23.935334,86.875058
99f33a6c-01ee-45d8-aa87-eccced87a042,400a95ae23792cbd,POS-DQZI-3339,POS,2026.86,2023-05-23 10:03:35.990018,28.214441,77.004503
0c5e50ef-5aaf-431b-ae96-7bd1219ddee4,3690c9c1867520be,MIC-EIEF-4262,MICRO_ATM_CSP,2026.86,2023-05-23 09:54:17.100409,13.037423,80.232387
ab32e99a-257f-426a-bfc1-06a60b73a4a9,0f108ded4e10a78b,ATM-XFRE-6879,ATM,2026.86,2023-05-23 09:48:23.699728,24.193919,86.413355
c1b173f8-7bd6-4be5-abc9-d5578a86feef,6719077e3a6cd655,MIC-VMTG-9573,MICRO_ATM_CSP,2026.86,2023-05-23 10:00:16.206896,23.94682,86.822517
3b01f8dc-2a04-47f7-903b-acea74a64dd6,8b2f80b612ad4abe,MIC-AUJY-8815,MICRO_ATM_CSP,2026.86,2023-05-23 11:03:48.956312,30.970369,75.89469
477076cc-a989-4f8a-ad87-5d7b48417a2c,9f2c367e9ecb304a,ATM-OUAZ-2732,ATM,4202.88,2023-01-31 18:49:32.900619,23.995496,86.906062
772c1335-adb0-4ffb-88b6-0edd9932332c,8e5fcc4d4d7f23bb,ATM-CSYO-3549,ATM,4202.88,2023-01-31 18:54:24.271211,24.241144,86.26979
0e1a6b36-59af-47ba-ac2e-075f8ee6920d,2647f966c1839f83,ATM-DTLT-2617,ATM,4202.88,2023-01-31 18:50:42.767604,28.169076,77.011437
5445d40e-0f28-48f2-a98e-12bbc4529ae8,69ba46e56681a663,ATM-NLEX-9931,ATM,5989.09,2023-01-31 19:23:00.938305,23.906672,86.775035
8e322626-25b5-40bf-8832-e3cc7d051368,6719077e3a6cd655,ATM-HWWI-6230,ATM,1996.36,2023-01-31 20:04:12.676430,23.995554,86.754087
f96a2b15-2c58-4500-be3f-ea7281a058e0,3a84fdc33508e322,ATM-XYJW-4072,ATM,1996.36,2023-01-31 19:15:03.612566,19.083991,72.904288
d82786bd-115a-45e7-ac8f-8f68dc8df24e,fbf4e2a2689a0699,ATM-ZBAL-0489,ATM,1996.36,2023-01-31 19:48:34.811371,23.995309,86.783737
1287b718-ae3f-4633-857a-c8008a7a32a3,38a341c387bf6b0b,ATM-LHBB-7831,ATM,5989.09,2023-01-31 19:10:51.702635,28.100201,77.036071
9b698095-86db-4a6d-864d-3d0c1db14382,f716e35638c3dd12,ATM-NVTQ-1083,ATM,2994.55,2023-01-31 19:16:40.902674,22.599701,88.324911
72ceb878-8b98-4f92-917f-426d2c323928,dd9de6b05ff51602,ATM-XACT-0989,ATM,2994.55,2023-01-31 18:59:29.267402,24.144825,86.341564
c772bb67-3afe-41c2-8aed-21548934fef8,91ff603347d3f90a,POS-CULI-4924,POS,4491.82,2023-01-31 19:13:09.262700,28.073746,77.052946
60d82653-9e3f-462a-9308-59efc41105f0,30e3b2726849cf25,MIC-RXFI-9527,MICRO_ATM_CSP,4491.82,2023-01-31 18:58:23.700526,28.508242,77.377309
5003a56b-deea-47f3-a322-be8b76ca588e,3409e9d07e07a0ea,ATM-HBCY-8225,ATM,8983.65,2023-01-31 19:11:17.119358,19.113904,72.844372
282a8f45-b90d-4ca6-a6a4-3712f592cf74,ce42adff5fb0bcc0,ATM-SZLS-4962,ATM,17967.29,2023-01-31 19:18:49.556353,24.221913,86.242278
e44557e1-5788-40d6-9edd-caa1f620fed9,3d2337c8db88cc60,ATM-ZHCU-3498,ATM,183904.99,2023-10-31 01:19:15.862123,28.03967,76.962611
a2fb5553-5a18-46cf-9d3d-20138a51ad5e,02fe7675e52ed832,ATM-CZLT-0231,ATM,183904.99,2023-10-31 01:15:29.095158,13.109665,80.287855
ce2603a0-bd3a-48a7-b8d0-894da6721f1e,0766e1d476d3074f,ATM-ELID-2769,ATM,47193.24,2023-11-17 20:57:25.968891,28.527808,77.394778
f12d123f-7ab9-4833-ac99-d9332ed94136,7fe57d0ff66463b7,ATM-KBWC-2713,ATM,47193.24,2023-11-17 20:38:54.713857,22.569008,88.321308
ac661f3f-32db-421a-93b6-1682b5ad999b,69ba46e56681a663,ATM-HWOE-2539,ATM,94386.49,2023-11-17 20:43:13.200159,23.981515,86.814543
34f6565e-0232-4112-8643-7a23bcdc4bcb,3a84fdc33508e322,ATM-PEGL-3927,ATM,43429.99,2023-01-28 12:51:15.900540,19.050342,72.874069
51f376c8-e27e-4a2f-a12b-81b87bf421f5,e7dabff5801a84c0,MIC-ZCXC-8818,MICRO_ATM_CSP,43429.99,2023-01-28 14:15:39.880742,22.486313,88.27559
b7fd1bd0-b85a-4443-bcfe-60218cfe1c89,38172de70c053844,ATM-VQXA-8818,ATM,86859.97,2023-01-28 13:30:40.978681,24.19262,86.281655
15f74400-e55f-4808-834d-f678734b52a3,f8f70366a172abf6,ATM-OKBQ-7059,ATM,9651.11,2023-01-28 13:53:05.743315,19.114313,72.91005
34f42a81-4486-46d0-a731-eb812df2afe2,e443efdf9bae5f0d,MIC-FVBF-1809,MICRO_ATM_CSP,9651.11,2023-01-28 13:18:00.238358,28.089658,77.007445
97b924f5-3478-4ca5-8b6e-7779f4afca07,93a252f15bde845b,POS-SVFJ-3007,POS,9651.11,2023-01-28 14:33:33.044741,28.538823,77.34862
30ea9165-84ca-425a-ab83-9b158eccfdd9,7ed13f42d8359663,ATM-KSZI-5292,ATM,28953.32,2023-01-28 12:51:53.333004,22.520203,88.35691
d606d304-71f2-4cb0-8251-ed7bfb371722,d552f8b748533a3f,ATM-IIRV-0103,ATM,14476.66,2023-01-28 13:07:28.750301,28.538162,77.378166
603168e0-51af-4890-963b-3afadc3a6819,3dcd069dfca35470,ATM-EWLH-7013,ATM,14476.66,2023-01-28 13:43:44.362712,13.16183,80.308777
1d6e45c0-47e3-4c17-9ae5-a19d530a991d,85325f4fb0095b84,ATM-ZJEQ-8712,ATM,14476.66,2023-01-28 13:01:20.216155,28.579791,77.37428
1b485ba6-e569-4c11-aecd-7c61116ddbc4,d552f8b748533a3f,ATM-OANT-5171,ATM,14476.66,2023-01-28 13:10:33.830717,28.507669,77.32984
9c8f85f3-1ae9-4021-b4f5-f929b5ae3515,3dcd069dfca35470,ATM-THLH-7241,ATM,14476.66,2023-01-28 12:46:32.185508,13.151041,80.250942
616e09c8-f395-4466-bb37-a6fb524249b1,3e96103935c76626,POS-LZEN-0665,POS,43429.99,2023-01-28 13:17:16.161825,28.180842,76.982254
5f77d439-1365-4dff-abd5-fbaa1bdf0e0a,40b46b1908cf6f3c,ATM-ZCWO-7073,ATM,3975.15,2023-03-26 11:22:03.413059,24.13154,86.280771
83d44f23-4880-4d04-80ad-7743a0b850aa,5308e86f6edbf7ed,ATM-QVUP-3913,ATM,3975.15,2023-03-26 11:07:01.377398,28.106794,76.927872
0605098e-0fdb-4a81-8e21-e6977f8a8a57,6719077e3a6cd655,ATM-IWPW-0935,ATM,3975.15,2023-03-26 10:10:59.309156,24.05891,86.832755
63ee07c6-89d7-4aab-8f63-de6e2459fc11,25e15980a34119d6,ATM-ZHWX-0937,ATM,1888.19,2023-03-26 10:13:31.061049,24.156666,86.351664
8611cec8-65e9-4986-bf7e-79f367fdd1a1,a2fa3041d552b090,ATM-TEXE-4005,ATM,1888.19,2023-03-26 10:48:37.226359,28.57821,77.309862
640f0819-4019-48c1-892a-728fae8dbfd1,0f39aa3b13e7e3c0,ATM-OANR-5417,ATM,1888.19,2023-03-26 10:23:03.449175,30.801755,75.851572
65227223-42e9-4786-924a-62a9b56bf72f,3c0b67ba74cbafec,MIC-FXAY-4758,MICRO_ATM_CSP,2832.29,2023-03-26 10:25:27.181681,28.531461,77.370725
d3f0975f-fab1-47cf-9364-4d6fa3f077fa,f5ee5bb69c594618,ATM-ZPHC-5831,ATM,2832.29,2023-03-26 11:05:32.372588,24.130118,86.262238
b3331754-97f8-495f-a8e9-5b1374f743cd,a77e1110504ea4de,ATM-KQPP-4652,ATM,1888.19,2023-03-26 10:31:09.298577,24.224801,86.214279
f1906b6c-0396-48fd-85dc-d7eaeac9730d,3c0b67ba74cbafec,MIC-NCHT-6493,MICRO_ATM_CSP,1888.19,2023-03-26 10:47:59.275819,28.589086,77.356899
6d9ad924-5d91-4fd1-b576-5d1ce37eb774,f5ee5bb69c594618,ATM-APIG-2297,ATM,1888.19,2023-03-26 10:23:20.977541,24.305661,86.24952
f6a4519f-10b4-4f29-b3c6-49d9bbcd3938,800f97ed69d44439,ATM-IUWA-2729,ATM,2832.29,2023-03-26 10:36:06.855945,28.134654,77.150261
20a7e4d2-2003-4ba2-a428-01f723991ab0,05d9cb0a7966aa7b,ATM-EWMV-6398,ATM,2832.29,2023-03-26 10:49:40.347167,28.082625,77.001803
cabbdd5d-6f9e-4adf-9dfa-682f82c78441,3c0b67ba74cbafec,ATM-YGPF-2368,ATM,5664.59,2023-03-26 11:34:37.198259,28.591302,77.428475
17dc4f98-e7b8-4535-80a5-6e68d0495520,f5ee5bb69c594618,POS-XIEH-8269,POS,5664.59,2023-03-26 11:18:34.721308,24.247785,86.367269
4dc52c2d-75c7-41c6-a049-33b4631a7f70,a77e1110504ea4de,ATM-SZGY-3340,ATM,5664.59,2023-03-26 12:09:03.983740,24.119963,86.313451
1e1d467f-a988-44c0-bdef-efda44893143,05d9cb0a7966aa7b,ATM-UIEN-7523,ATM,2832.3,2023-03-26 11:12:35.083165,28.176951,76.995774
91ff48b1-78fa-45cc-b43e-a94a774223c7,095c1c65e3981f27,ATM-BUXH-8051,ATM,2832.3,2023-03-26 11:13:48.216507,23.971269,86.826063
da4d74ce-2ae7-40fd-91ab-3bfef89dbf89,05d9cb0a7966aa7b,ATM-BUJW-8335,ATM,1888.2,2023-03-26 11:21:45.388353,28.090118,76.996587
29950556-7c37-4a2f-914a-e9915f842b5b,540d6d34de564912,ATM-KPJL-8572,ATM,1888.2,2023-03-26 10:27:58.862315,30.853672,75.853133
bc13954b-eac8-45b7-941f-8a1537440a07,cab96474e727e59c,ATM-EXMK-3166,ATM,1888.2,2023-03-26 11:30:04.450599,22.641004,88.429983
ecfeb74b-15f9-49f3-8a07-8669b4ad33d6,02fe7675e52ed832,ATM-MCXX-5279,ATM,2832.3,2023-03-26 10:39:37.017423,13.052943,80.181745
a30b584d-8344-41ef-89f0-5b807b4cc1fe,028202be514e6b30,ATM-RGPW-9955,ATM,2832.3,2023-03-26 10:27:40.026144,28.111106,76.924153
