ack_no,incident_timestamp,reported_timestamp,crime_category,defrauded_amount,initial_beneficiary_upi,victim_state
31401784035543,2023-04-13 19:28:00,2023-04-14 03:11:10.021181,Investment_Scam,228458.05,6719077e3a6cd655@upi,Gujarat
31406709256914,2023-11-27 10:23:00,2023-11-27 12:48:18.995845,UPI_Fraud,80004.74,6da47df28d1aad11@upi,Delhi
31402709322622,2023-05-30 20:01:00,2023-05-31 01:40:29.304464,UPI_Fraud,496183.66,801c737176bab764@upi,Maharashtra
31405231331281,2023-11-10 21:43:00,2023-11-11 02:45:34.681436,UPI_Fraud,267139.58,394194a39a57bcc6@upi,Kerala
31401974443437,2023-07-07 15:14:00,2023-07-08 10:38:26.244017,UPI_Fraud,261974.87,25b04eca97925f46@upi,Rajasthan
31401358655319,2023-05-11 04:50:00,2023-05-11 08:24:33.327626,Investment_Scam,230744.63,ce42adff5fb0bcc0@upi,Karnataka
31406570652912,2023-03-30 13:49:00,2023-03-30 17:42:43.231513,UPI_Fraud,128102.48,095c1c65e3981f27@upi,Gujarat
31402453632461,2023-09-21 14:34:00,2023-09-21 18:54:07.326406,Sextortion,136802.19,b0c598b744054043@upi,West Bengal
31401740717338,2023-01-02 05:53:00,2023-01-02 07:04:14.844795,Sextortion,389815.08,4b2f70600e0981d6@upi,Karnataka
31409952108482,2023-07-21 03:13:00,2023-07-21 08:40:24.454433,KYC_Fraud,170004.98,3c0b67ba74cbafec@upi,Gujarat
31403112045466,2023-09-09 07:20:00,2023-09-09 08:21:18.157160,KYC_Fraud,184809.13,400a95ae23792cbd@upi,Rajasthan
31403621073155,2023-06-06 14:44:00,2023-06-06 16:54:54.523729,UPI_Fraud,493574.6,98768ceed9627cfa@upi,West Bengal
31408229765484,2023-05-09 11:07:00,2023-05-09 23:40:57.815717,KYC_Fraud,46281.88,2cea95cfb3bfcf81@upi,Gujarat
31409626891010,2023-02-10 06:08:00,2023-02-10 17:30:24.355607,Investment_Scam,172140.03,3fdb81fcdd99b495@upi,Gujarat
31403688004739,2023-03-03 23:36:00,2023-03-04 09:41:59.650893,KYC_Fraud,241385.31,a77e1110504ea4de@upi,Telangana
31409397412822,2023-05-11 00:04:00,2023-05-11 17:27:45.583331,Investment_Scam,387773.92,7fe57d0ff66463b7@upi,Gujarat
31407797979630,2023-10-10 08:14:00,2023-10-10 11:14:29.733525,UPI_Fraud,25400.3,15bc62bab6812a87@upi,Gujarat
31407903491030,2023-08-29 19:31:00,2023-08-29 23:44:01.381231,Investment_Scam,78272.41,8b2f80b612ad4abe@upi,Gujarat
31402474672964,2023-08-25 14:42:00,2023-08-26 13:24:45.414191,KYC_Fraud,315933.48,78412091d3702307@upi,Rajasthan
31402448251150,2023-05-14 11:43:00,2023-05-14 21:55:49.434744,Investment_Scam,442807.33,4bda3ec42f7024ac@upi,Kerala
31406098814557,2023-12-14 06:32:00,2023-12-14 17:01:05.076733,UPI_Fraud,182758.74,f1768bad6f1e3ce2@upi,Delhi
31403514610037,2023-12-25 05:07:00,2023-12-25 06:19:27.537617,Investment_Scam,247566.69,249a5fdb3aa3e639@upi,Maharashtra
31403622766264,2023-11-03 09:43:00,2023-11-03 12:01:08.534922,UPI_Fraud,283469.98,218c5d6d080619a2@upi,Uttar Pradesh
31405792066440,2023-04-23 16:57:00,2023-04-23 19:37:51.818604,Sextortion,133373.32,f21c8fbd73df9e0e@upi,Karnataka
31407326086746,2023-04-23 04:48:00,2023-04-23 09:00:08.128033,UPI_Fraud,179084.91,c05a5b6ef117bd25@upi,Maharashtra
31407528166501,2023-05-06 01:52:00,2023-05-06 08:11:38.934433,Investment_Scam,492968.72,a40844e151329aea@upi,Gujarat
31405069699835,2023-11-20 22:10:00,2023-11-20 23:21:41.900470,KYC_Fraud,240447.31,96739c6dc7f02b5f@upi,Karnataka
31404955871814,2023-07-17 21:10:00,2023-07-17 23:27:50.435322,KYC_Fraud,401189.11,0f402318041204af@upi,Rajasthan
31408057943669,2023-05-04 05:15:00,2023-05-04 10:12:04.701331,Investment_Scam,18128.04,10e4948592a3bbc6@upi,Delhi
31409762647795,2023-05-27 19:31:00,2023-05-27 22:13:31.861514,UPI_Fraud,470856.4,8595d99a4d487472@upi,West Bengal
31408809982412,2023-05-08 06:17:00,2023-05-08 13:32:25.529668,KYC_Fraud,112445.09,c6add401e808d068@upi,Kerala
31405211918089,2023-04-09 06:59:00,2023-04-09 18:18:07.325437,UPI_Fraud,491262.49,562772d2f729f0a9@upi,Uttar Pradesh
31401510217355,2023-03-01 16:01:00,2023-03-02 04:12:18.280719,UPI_Fraud,146646.96,99a3e1da6dbb6224@upi,Delhi
31407798924013,2023-10-31 15:02:00,2023-10-31 20:15:10.561722,KYC_Fraud,208208.98,2a5119a5778f8fb7@upi,Maharashtra
31401944169780,2023-04-26 10:48:00,2023-04-26 16:48:28.379515,UPI_Fraud,88795.95,b54aa42950315b45@upi,Karnataka
31406429454100,2023-07-13 21:34:00,2023-07-13 23:45:37.785687,Investment_Scam,119891.96,028202be514e6b30@upi,Maharashtra
31402578941014,2023-03-09 00:13:00,2023-03-09 14:29:34.410657,Investment_Scam,426119.47,43e2188fe6ee0e8f@upi,Maharashtra
31404217898502,2023-05-08 00:47:00,2023-05-08 02:45:21.112963,UPI_Fraud,190180.74,e3af0705ba5a43fa@upi,Gujarat
31405475865706,2023-01-22 13:29:00,2023-01-22 17:37:56.862277,KYC_Fraud,319257.93,186923cec964032c@upi,Karnataka
31402406932795,2023-10-04 00:27:00,2023-10-04 06:45:13.665219,Investment_Scam,433442.11,dd9de6b05ff51602@upi,Delhi
31401726573960,2023-01-04 02:48:00,2023-01-04 03:33:11.990273,KYC_Fraud,376382.2,9fb71d78ccc4f2b1@upi,Telangana
31404209136676,2023-10-07 16:45:00,2023-10-07 20:15:51.798577,Sextortion,482173.79,1b31c8b8b88df13f@upi,Maharashtra
31406851245708,2023-04-26 20:31:00,2023-04-26 23:23:03.459156,UPI_Fraud,282832.62,3ba14a4de4ea92d7@upi,Tamil Nadu
31403037057831,2023-02-27 02:39:00,2023-02-27 13:12:10.367463,UPI_Fraud,112370.17,91b86f426cd2cf59@upi,Tamil Nadu
31408038971776,2023-05-31 01:26:00,2023-05-31 03:02:25.958163,KYC_Fraud,76944.45,2bc3bef98dc93ad5@upi,Tamil Nadu
31404012047153,2023-06-25 06:28:00,2023-06-25 07:50:22.613472,UPI_Fraud,215692.62,131a7708363db506@upi,Karnataka
31407103733260,2023-01-13 06:56:00,2023-01-13 08:18:21.496517,UPI_Fraud,204424.08,cb2c0cd8e1ad8e96@upi,Delhi
31402892945439,2023-05-23 01:01:00,2023-05-23 08:22:07.815876,Investment_Scam,339292.81,ba7b0c09f0862541@upi,Delhi
31402931215648,2023-06-02 21:57:00,2023-06-03 00:54:57.857793,UPI_Fraud,158600.1,2e4345eca1b5a34c@upi,Telangana
31402407817012,2023-09-21 20:59:00,2023-09-22 05:06:50.421390,UPI_Fraud,315216.33,91ff603347d3f90a@upi,Uttar Pradesh
31408345426823,2023-09-19 12:31:00,2023-09-21 13:22:49.525438,Investment_Scam,365784.75,c3f72c30b76aac18@upi,Karnataka
31406169280319,2023-05-04 09:29:00,2023-05-05 13:47:56.248562,UPI_Fraud,205422.24,f35ffc0e034418d5@upi,Delhi
31405907827059,2023-04-02 22:25:00,2023-04-03 05:50:33.597948,Investment_Scam,94914.22,d95d8cbc786fbe44@upi,Maharashtra
31407356710542,2023-08-27 01:31:00,2023-08-27 12:10:07.488610,Investment_Scam,360152.0,bcb12092e26eaceb@upi,West Bengal
31407243806332,2023-08-25 20:00:00,2023-08-27 09:25:05.382593,Investment_Scam,131388.18,83a3a20e0d2167a6@upi,Delhi
31405153224434,2023-03-27 13:27:00,2023-03-28 02:02:04.171123,UPI_Fraud,29957.11,5f314f6228b18b11@upi,Uttar Pradesh
31408350396467,2023-07-23 15:25:00,2023-07-24 00:26:00.573419,UPI_Fraud,237690.17,569e825e4e2fc336@upi,Telangana
31401947776744,2023-01-23 09:53:00,2023-01-23 18:02:55.173058,Investment_Scam,32198.96,150079c7a6c509ea@upi,Kerala
31403301661827,2023-09-07 18:57:00,2023-09-12 07:28:50.619946,Investment_Scam,311767.07,72757e65d62df2f2@upi,Gujarat
31409598171171,2023-09-15 16:27:00,2023-09-15 21:19:30.761977,Investment_Scam,470712.82,69ba46e56681a663@upi,West Bengal
31409664612111,2023-06-27 02:59:00,2023-06-27 08:36:25.208468,KYC_Fraud,316710.44,ba703db5e0293b48@upi,Maharashtra
31405421414671,2023-06-17 09:42:00,2023-06-17 13:07:04.580400,UPI_Fraud,43987.04,0f39aa3b13e7e3c0@upi,Karnataka
31406044802924,2023-09-10 18:49:00,2023-09-10 21:34:19.485742,UPI_Fraud,423988.9,2647f966c1839f83@upi,Kerala
31407861150050,2023-04-25 08:06:00,2023-04-25 13:36:56.513846,UPI_Fraud,351401.21,aac943362d1a75d3@upi,West Bengal
31409793362650,2023-08-05 20:56:00,2023-08-05 21:25:17.992953,Investment_Scam,292203.04,02faf74a5df7342a@upi,Delhi
31406072134307,2023-02-05 17:48:00,2023-02-06 11:47:07.829843,KYC_Fraud,176993.73,7dfe46ee8d6ea258@upi,Telangana
31407300129356,2023-09-25 16:54:00,2023-09-26 03:07:51.379825,UPI_Fraud,452250.92,7a10f6d97500d049@upi,Uttar Pradesh
31404440739442,2023-08-05 21:12:00,2023-08-06 07:18:35.439614,KYC_Fraud,200708.82,f716e35638c3dd12@upi,Rajasthan
31404604517294,2023-03-17 08:06:00,2023-03-17 13:04:14.652584,Investment_Scam,251582.57,577744147cf6f197@upi,Telangana
31409488779138,2023-03-10 02:11:00,2023-03-10 08:02:25.168099,UPI_Fraud,339534.04,6877ffca8e5a30eb@upi,Uttar Pradesh
31402111630548,2023-02-22 22:15:00,2023-02-23 00:28:38.787832,Investment_Scam,226349.95,18d4b8c5d301d3fc@upi,Gujarat
31407717156308,2023-08-09 10:10:00,2023-08-09 14:36:32.451013,UPI_Fraud,80065.92,9c39fecd110d5cad@upi,Kerala
31407485462946,2023-09-10 05:06:00,2023-09-10 06:09:44.670229,UPI_Fraud,447029.49,07e0cebd234c62cb@upi,Karnataka
31404148082603,2023-01-05 04:37:00,2023-01-05 07:40:15.062620,Sextortion,193392.69,04e45c79972ecbeb@upi,Maharashtra
31401025756082,2023-12-08 19:16:00,2023-12-08 21:34:23.743209,UPI_Fraud,390801.99,4214d918811a3778@upi,Tamil Nadu
31409634357140,2023-06-16 09:25:00,2023-06-17 02:52:48.498011,UPI_Fraud,222881.4,c08d00055da1c6f6@upi,Karnataka
31404788131027,2023-08-08 19:27:00,2023-08-09 04:00:50.114459,KYC_Fraud,343709.32,cfaa503a4b7ef3b4@upi,Rajasthan
31402075839272,2023-07-10 16:24:00,2023-07-11 00:03:36.401265,KYC_Fraud,119561.96,f6b2ba68fde1e997@upi,Tamil Nadu
31403488840114,2023-02-27 11:44:00,2023-02-27 16:32:17.924271,Sextortion,46160.32,76e37cd876827e1a@upi,Delhi
31403912000634,2023-05-27 19:56:00,2023-05-28 07:54:59.461222,Investment_Scam,318405.33,8687a4cc583aa0ae@upi,Maharashtra
31404492179138,2023-02-23 21:02:00,2023-02-24 01:02:39.996771,Investment_Scam,145916.78,82040f84c6d17a60@upi,Uttar Pradesh
31401465586419,2023-03-31 07:57:00,2023-03-31 19:50:50.179043,UPI_Fraud,140309.58,a016bd797b31afda@upi,Telangana
31407799664868,2023-02-10 03:26:00,2023-02-10 09:44:27.376354,UPI_Fraud,408759.56,87cc051ae08428cf@upi,Delhi
31404316866216,2023-09-10 05:17:00,2023-09-11 10:32:30.674728,Investment_Scam,294769.68,c944a5acdd141b53@upi,Rajasthan
31401848718558,2023-01-10 23:29:00,2023-01-11 03:38:49.091897,KYC_Fraud,493765.3,09faa805bb9366e1@upi,Maharashtra
31401311505867,2023-09-24 20:25:00,2023-09-24 23:47:46.820996,UPI_Fraud,485258.05,800f97ed69d44439@upi,Maharashtra
31408445929591,2023-04-08 08:34:00,2023-04-08 14:08:37.844385,Investment_Scam,377456.27,308677e52b368b05@upi,Delhi
31405934260084,2023-01-23 04:52:00,2023-01-23 07:37:39.911861,Sextortion,426327.22,dbb971a3623d9970@upi,Maharashtra
31409258343635,2023-03-26 13:08:00,2023-03-26 14:16:25.566476,Investment_Scam,312882.84,aefb9520732cf5fc@upi,West Bengal
31401505739624,2023-02-08 01:53:00,2023-02-08 09:32:21.659418,KYC_Fraud,264880.12,c00017baec900020@upi,Maharashtra
31401877133998,2023-02-23 11:04:00,2023-02-23 13:37:05.950838,Investment_Scam,394487.45,3dcd069dfca35470@upi,Karnataka
31405687363766,2023-03-16 18:38:00,2023-03-19 03:25:03.053193,UPI_Fraud,17126.89,e443efdf9bae5f0d@upi,Tamil Nadu
31402362868653,2023-11-02 01:17:00,2023-11-02 02:39:21.531645,Sextortion,180645.18,5e7a22b24305ff3a@upi,Tamil Nadu
31406363818767,2023-12-01 22:41:00,2023-12-01 23:15:59.505137,KYC_Fraud,475265.11,f2096f718ea48500@upi,Uttar Pradesh
31403312477972,2023-05-18 23:16:00,2023-05-19 00:04:57.478047,Investment_Scam,490215.96,6db4b99434e0bedb@upi,Telangana
31406850663925,2023-07-24 10:42:00,2023-07-24 14:56:22.306276,UPI_Fraud,47173.03,2a925c837b42a9e9@upi,Rajasthan
31407963135443,2023-05-31 22:15:00,2023-05-31 23:44:23.849677,UPI_Fraud,449426.32,2c44e83fabfdabca@upi,Delhi
31408733397945,2023-06-04 17:57:00,2023-06-05 01:14:54.716327,UPI_Fraud,412677.41,73fce4396c794458@upi,Karnataka
31409366366832,2023-04-02 09:21:00,2023-04-02 10:25:05.274440,UPI_Fraud,256674.46,e1884fc3fe5d9847@upi,Rajasthan
31402098414189,2023-10-09 14:56:00,2023-10-09 18:38:01.789748,Investment_Scam,260711.94,9dbe3525d7d0e203@upi,Maharashtra
31407937372462,2023-01-26 03:00:00,2023-01-26 08:22:25.132222,Sextortion,272929.42,022fec248c97806e@upi,West Bengal
31407262657272,2023-08-02 13:25:00,2023-08-02 15:28:51.309230,KYC_Fraud,270320.22,0c5b61c0cc49dd4e@upi,Karnataka
31408452870365,2023-12-31 13:58:00,2024-01-01 00:28:01.014385,KYC_Fraud,260721.95,8763dc761991d7fd@upi,Karnataka
31403246529877,2023-10-21 02:50:00,2023-10-21 04:30:07.435786,UPI_Fraud,141929.18,3963b6f6f79dd7db@upi,Telangana
31407510521485,2023-01-28 09:38:00,2023-01-28 11:11:02.692643,UPI_Fraud,68683.44,45c70d67d95dee88@upi,Maharashtra
31408502953646,2023-01-13 19:24:00,2023-01-13 21:43:45.973589,Investment_Scam,396693.91,230e4faa1b38ab5a@upi,Karnataka
31403096648822,2023-04-21 03:46:00,2023-04-21 10:27:46.810974,Investment_Scam,286584.69,6db21f4c4eca72d8@upi,Kerala
31405447431474,2023-04-11 05:51:00,2023-04-12 05:06:53.909972,Investment_Scam,289681.37,f8f70366a172abf6@upi,West Bengal
31406890743143,2023-11-11 12:05:00,2023-11-11 13:11:24.318461,UPI_Fraud,84900.98,d2a18138bda39826@upi,Gujarat
31409778981839,2023-04-22 03:29:00,2023-04-22 11:21:09.483501,UPI_Fraud,149696.63,8b4c144bb4ae4afc@upi,West Bengal
31406725087229,2023-11-07 08:54:00,2023-11-07 14:13:59.805996,Sextortion,12597.0,870522376f60b02a@upi,Tamil Nadu
31403225911431,2023-04-04 23:37:00,2023-04-05 10:43:37.053652,Investment_Scam,465394.23,62cfc22d05ce7763@upi,West Bengal
31403172833352,2023-01-26 18:44:00,2023-01-26 21:02:37.070475,UPI_Fraud,218463.85,a2fa3041d552b090@upi,Maharashtra
31405559435705,2023-01-20 16:11:00,2023-01-21 00:06:46.447972,UPI_Fraud,309203.82,4d615301bf0f358a@upi,Tamil Nadu
31408996783445,2023-10-20 10:35:00,2023-10-20 21:24:32.791774,UPI_Fraud,232591.31,e5f265e3ef332cfc@upi,Telangana
31406067821820,2023-05-18 11:01:00,2023-05-18 11:50:52.358003,UPI_Fraud,406838.48,793bb65021361c99@upi,Maharashtra
31401266686345,2023-11-15 04:08:00,2023-11-15 11:44:45.343795,Investment_Scam,211802.05,7cc7eb9a9438c1e2@upi,Maharashtra
31406034886822,2023-03-10 11:49:00,2023-03-11 06:45:43.948981,UPI_Fraud,368125.06,f067cd13d9bb540e@upi,Rajasthan
31403646028878,2023-03-17 02:34:00,2023-03-17 07:57:03.955127,UPI_Fraud,392942.1,efdb8fa983319ec0@upi,Rajasthan
31407245692541,2023-08-17 13:59:00,2023-08-17 20:21:47.759431,UPI_Fraud,90490.24,f35940835bdb022f@upi,Telangana
31403136457699,2023-12-05 13:25:00,2023-12-05 16:49:26.714896,Investment_Scam,344661.21,294291ddc1b5dcaf@upi,West Bengal
31402765054680,2023-10-22 07:13:00,2023-10-22 15:26:57.715919,KYC_Fraud,315809.76,18054a93ec8f02eb@upi,Maharashtra
31408459042680,2023-01-23 14:32:00,2023-01-23 20:44:53.141947,UPI_Fraud,276340.9,1dfa14d724111f5a@upi,West Bengal
31403437380884,2023-04-14 18:38:00,2023-04-14 22:13:59.554517,UPI_Fraud,470517.74,40b46b1908cf6f3c@upi,Gujarat
31401055176580,2023-06-28 07:41:00,2023-06-28 13:58:13.480610,Investment_Scam,271395.94,fb68a7d30e7700c4@upi,Gujarat
31405136545668,2023-06-06 05:56:00,2023-06-06 08:53:30.916359,UPI_Fraud,131759.68,90c719afbb7ddcc0@upi,Gujarat
31409767380999,2023-10-16 03:21:00,2023-10-16 07:36:20.240471,KYC_Fraud,60428.86,774f92e6569462f3@upi,Uttar Pradesh
31405201785461,2023-12-31 23:51:00,2024-01-02 04:05:44.706725,UPI_Fraud,400674.73,f8e2a6843d0b843b@upi,Telangana
31404757488286,2023-06-06 14:03:00,2023-06-07 01:47:59.876405,Investment_Scam,350034.74,c1a3db241cc61fca@upi,Uttar Pradesh
31403907074376,2023-10-09 10:26:00,2023-10-09 22:17:52.486142,UPI_Fraud,98982.88,95602c880bb923a0@upi,Kerala
31408961473242,2023-12-26 05:05:00,2023-12-26 06:55:19.967781,Sextortion,85142.19,6e8a7e20f88060bd@upi,West Bengal
31403817297185,2023-07-29 00:46:00,2023-07-29 01:12:18.088310,KYC_Fraud,300551.82,b81bb0e12f7fe3b4@upi,Uttar Pradesh
31402187692114,2023-11-20 04:55:00,2023-11-20 07:22:11.157031,UPI_Fraud,47887.32,178450fb5c068e0f@upi,West Bengal
31401107407040,2023-10-24 21:10:00,2023-10-25 13:38:30.301756,Investment_Scam,65486.64,6c5210044e8bd8d5@upi,Telangana
31405834183748,2023-12-12 13:35:00,2023-12-12 18:19:18.673051,Investment_Scam,205511.32,7f8ba2c0a09c55cf@upi,Rajasthan
31406179682375,2023-11-05 08:09:00,2023-11-05 21:32:08.739042,KYC_Fraud,12269.69,02fe7675e52ed832@upi,Rajasthan
31405721211684,2023-10-18 19:24:00,2023-10-18 20:20:44.792063,Sextortion,297663.43,43b282632be789d4@upi,Delhi
31401129018051,2023-07-01 23:24:00,2023-07-01 23:40:36.305044,Investment_Scam,215273.47,e2008e1b14bdb6c8@upi,West Bengal
31402607710381,2023-06-10 16:28:00,2023-06-11 20:56:22.782075,UPI_Fraud,335133.31,eecf10e34e5265e4@upi,Gujarat
31403336496820,2023-12-03 19:40:00,2023-12-04 09:29:34.304402,UPI_Fraud,213165.82,450ed2cd4f37f2a0@upi,West Bengal
31403117681970,2023-02-18 06:00:00,2023-02-18 07:52:33.556114,Investment_Scam,401893.19,735d7382bc84f337@upi,Maharashtra
31404645252014,2023-10-13 15:39:00,2023-10-13 16:32:38.684275,Investment_Scam,154081.89,ad5fe18df494f9d9@upi,Delhi
31407354654127,2023-06-24 17:01:00,2023-06-24 17:58:57.297333,Investment_Scam,385024.58,8cd344c9dfe0dd5c@upi,Uttar Pradesh
31408244356226,2023-09-21 22:38:00,2023-09-25 00:02:28.743665,KYC_Fraud,143427.91,55b4926e5d4cc375@upi,Delhi
31409647866613,2023-06-11 00:22:00,2023-06-11 03:49:59.868394,Investment_Scam,134405.4,f79cd1fb09127f5f@upi,Gujarat
31401179568654,2023-09-12 07:53:00,2023-09-12 20:21:55.153953,UPI_Fraud,289027.32,7ed13f42d8359663@upi,Delhi
31403556845244,2023-04-07 14:07:00,2023-04-07 17:38:27.388230,KYC_Fraud,429291.27,5fb01e701e601441@upi,Uttar Pradesh
31403481827473,2023-06-14 21:20:00,2023-06-15 00:24:50.767860,Investment_Scam,168755.13,febf24426daa34df@upi,Karnataka
31405977786988,2023-01-07 09:06:00,2023-01-07 18:01:29.419075,UPI_Fraud,439457.6,4a013702888d6ac4@upi,Karnataka
31403708093891,2023-01-02 00:46:00,2023-01-02 07:54:51.512182,Investment_Scam,174574.27,026a402f7a19d725@upi,Karnataka
31401902636392,2023-07-14 22:54:00,2023-07-15 08:26:53.482678,Investment_Scam,280503.12,0bd8573ba3901c0d@upi,Karnataka
31402591566978,2023-02-22 11:34:00,2023-02-22 12:39:27.132438,Sextortion,384166.84,e3d62aedfb9d3703@upi,West Bengal
31402321585734,2023-03-22 09:29:00,2023-03-22 21:19:38.454574,KYC_Fraud,218354.62,1b753779d07e2b97@upi,Delhi
31408681161697,2023-07-28 13:08:00,2023-07-28 17:28:42.250128,Investment_Scam,320404.33,4d9d93596a6dbe06@upi,Gujarat
31407278521272,2023-07-20 21:21:00,2023-07-20 22:35:08.141932,UPI_Fraud,19011.43,20d1004be5275449@upi,Karnataka
31403247832769,2023-05-08 20:41:00,2023-05-09 01:38:25.498075,Investment_Scam,144287.06,31c96105af812635@upi,Maharashtra
31402257437642,2023-06-14 05:57:00,2023-06-14 08:30:23.344829,UPI_Fraud,139205.06,56d780b6aabce5d8@upi,Tamil Nadu
31404265408476,2023-08-07 07:33:00,2023-08-07 13:41:10.277474,Investment_Scam,335867.97,5a2853871bbc3b2e@upi,Gujarat
31406648802368,2023-06-22 16:25:00,2023-06-23 10:39:42.425050,Investment_Scam,183396.97,392ff47fb759eb21@upi,Tamil Nadu
31404790588074,2023-12-29 00:50:00,2023-12-29 03:33:49.877861,UPI_Fraud,387783.1,82a072edd58e79aa@upi,Telangana
31404728586241,2023-09-24 07:10:00,2023-09-25 00:18:17.645218,UPI_Fraud,287538.27,044beed55d80dc2b@upi,Karnataka
31406396719948,2023-02-24 14:23:00,2023-02-24 16:14:06.907149,Sextortion,368960.33,1e53c2e9292b4b76@upi,Maharashtra
31402195885861,2023-09-07 03:46:00,2023-09-07 11:59:41.507725,UPI_Fraud,253219.46,b82c83e33c343e84@upi,Karnataka
31409283675542,2023-07-20 01:52:00,2023-07-20 02:50:51.610017,UPI_Fraud,182254.68,7138f04a79804589@upi,Maharashtra
31404405330903,2023-08-05 10:39:00,2023-08-05 11:35:37.301798,KYC_Fraud,401713.78,51cba92f234ec17c@upi,Delhi
31409610428870,2023-04-12 01:11:00,2023-04-12 04:11:10.874063,UPI_Fraud,54875.22,9bbadf1ea0aacb76@upi,Maharashtra
31403459977202,2023-01-17 09:56:00,2023-01-17 11:07:52.794010,Investment_Scam,437743.46,2c66670eaef4dee4@upi,West Bengal
31401258911219,2023-05-29 16:22:00,2023-05-29 19:56:27.292499,KYC_Fraud,322243.47,d3e68396d863f181@upi,West Bengal
31408372050811,2023-01-25 17:24:00,2023-01-26 10:46:18.290543,UPI_Fraud,338259.56,81db70f41785c665@upi,Kerala
31405107097469,2023-01-16 06:16:00,2023-01-16 18:48:11.320610,UPI_Fraud,288293.16,6942d07ea440a530@upi,Kerala
31403415058316,2023-09-27 14:52:00,2023-09-27 16:50:31.188949,UPI_Fraud,216663.7,79a8772dff7b3fdb@upi,Karnataka
31401851239474,2023-08-11 19:38:00,2023-08-12 03:55:43.667108,Investment_Scam,265992.94,45243675010d84fb@upi,Gujarat
31407615643895,2023-09-30 13:30:00,2023-10-01 00:32:53.009097,Investment_Scam,443649.19,90ccc2d3d41485de@upi,West Bengal
31407725425611,2023-07-02 22:43:00,2023-07-02 23:18:57.641749,Investment_Scam,403948.72,4a2108204892de8a@upi,Uttar Pradesh
31407405158077,2023-12-15 21:24:00,2023-12-16 02:34:57.161839,Investment_Scam,439566.04,9c933ed3540d2b7d@upi,Karnataka
31409674424704,2023-11-07 02:41:00,2023-11-08 03:33:04.097628,Sextortion,10116.39,e7dabff5801a84c0@upi,Karnataka
31401826205004,2023-04-06 02:58:00,2023-04-06 05:38:18.087067,Investment_Scam,317477.68,c171b589b00915b9@upi,West Bengal
31404479797825,2023-08-24 14:56:00,2023-08-25 09:16:41.364836,KYC_Fraud,214705.72,2a1810e23521088f@upi,Gujarat
31406071747385,2023-12-06 04:00:00,2023-12-06 06:56:38.866149,UPI_Fraud,150747.11,bf83fdd147835180@upi,Uttar Pradesh
31406063596432,2023-05-26 04:24:00,2023-05-26 07:46:52.133948,UPI_Fraud,456066.16,e2f19358960dc1b8@upi,Rajasthan
31408223353917,2023-11-01 23:03:00,2023-11-02 11:02:34.767715,Sextortion,239026.74,bf37d8c9ea7f02f5@upi,Karnataka
31401672671000,2023-06-02 06:51:00,2023-06-02 10:28:05.969273,UPI_Fraud,206774.32,5056c4fc4739600d@upi,Tamil Nadu
31405108425022,2023-08-31 12:45:00,2023-08-31 15:07:06.627050,UPI_Fraud,101354.75,b15f4e8b57339c3b@upi,Delhi
31404971794258,2023-09-19 04:04:00,2023-09-19 06:42:07.137089,Investment_Scam,115998.77,6a6e914928a94ec7@upi,Rajasthan
31405505447952,2023-04-09 19:57:00,2023-04-09 20:46:10.358359,Investment_Scam,250681.31,33522c9bdbaf3bad@upi,Maharashtra
31404979058415,2023-08-04 02:31:00,2023-08-04 07:52:05.371033,Investment_Scam,315239.32,d1834d35c9ee5ba3@upi,Rajasthan
31401866766297,2023-11-25 03:13:00,2023-11-25 07:08:24.003993,UPI_Fraud,143750.09,e8c8577ea9141637@upi,Rajasthan
31408461751423,2023-07-14 01:11:00,2023-07-14 14:59:50.211706,UPI_Fraud,171235.17,8c8e8c2707466b4c@upi,Rajasthan
31402175841621,2023-09-18 10:58:00,2023-09-18 12:40:23.018573,UPI_Fraud,350900.0,8e9be22c03d9e1cb@upi,Kerala
31404514395881,2023-02-06 15:12:00,2023-02-06 17:06:32.444090,KYC_Fraud,495822.91,18112bd2a6ccbb73@upi,Karnataka
31405771217687,2023-02-09 12:31:00,2023-02-09 23:37:21.970455,Investment_Scam,334434.88,ed25b3310f976d9c@upi,West Bengal
31406742986454,2023-12-13 12:44:00,2023-12-13 17:22:43.725423,KYC_Fraud,265417.55,b92b6e9f899d8fd9@upi,West Bengal
31402160759531,2023-04-02 00:58:00,2023-04-02 07:41:24.811570,KYC_Fraud,351761.02,292f6186c375903b@upi,Kerala
31406248202881,2023-12-22 05:59:00,2023-12-22 15:08:41.304125,UPI_Fraud,441626.67,f11598245b195848@upi,Kerala
31407934295601,2023-09-06 18:30:00,2023-09-06 22:17:31.040764,UPI_Fraud,374319.05,a90e52c63855a5a6@upi,Karnataka
31406023609582,2023-12-22 01:13:00,2023-12-22 06:24:23.626123,KYC_Fraud,136757.28,2e731df693beb9f9@upi,Karnataka
31409434944557,2023-08-12 12:45:00,2023-08-12 21:21:23.925546,UPI_Fraud,194580.73,5234e2681fb4977e@upi,West Bengal
31401708809404,2023-12-31 02:47:00,2023-12-31 03:27:31.207045,UPI_Fraud,382903.67,0ed49487d597b523@upi,Kerala
31405155851195,2023-08-21 01:27:00,2023-08-21 09:40:51.273928,UPI_Fraud,469241.96,3a84fdc33508e322@upi,Uttar Pradesh
31407460982766,2023-08-30 03:26:00,2023-08-30 08:50:04.086126,UPI_Fraud,387782.3,38fd75ab3f30c2f6@upi,Maharashtra
31401590251470,2023-07-12 21:25:00,2023-07-14 07:12:52.840705,Investment_Scam,197970.01,e41466061105f4e8@upi,Maharashtra
31408250377481,2023-05-14 14:14:00,2023-05-14 16:22:18.762249,KYC_Fraud,133729.29,cafd7e8e5e09f087@upi,Gujarat
31409832534937,2023-01-26 01:45:00,2023-01-26 10:34:52.590410,UPI_Fraud,428562.79,087d1b274c895998@upi,Gujarat
31401649660211,2023-10-12 10:51:00,2023-10-12 15:07:17.483279,KYC_Fraud,388683.16,fed6a0b55d80fbac@upi,Uttar Pradesh
31406408923011,2023-01-22 10:26:00,2023-01-22 11:08:25.078288,UPI_Fraud,364967.11,09eb3419a9745adb@upi,Karnataka
31402356478950,2023-06-12 16:24:00,2023-06-12 18:56:34.672759,KYC_Fraud,285747.64,1b6df1573ac24ffc@upi,West Bengal
31406554898410,2023-03-01 13:24:00,2023-03-01 19:42:49.398890,KYC_Fraud,423943.78,e15635324afef7f6@upi,Uttar Pradesh
31402394448570,2023-07-18 02:28:00,2023-07-18 09:32:34.732145,UPI_Fraud,25937.83,24e643baebc74702@upi,Kerala
31405766489735,2023-02-15 14:24:00,2023-02-15 15:28:36.017902,Investment_Scam,120514.67,36ebcda7e8ca8c5d@upi,Tamil Nadu
31403625756828,2023-04-27 01:23:00,2023-04-27 09:36:00.014163,Investment_Scam,492332.19,ee953cbc6fe1c738@upi,Maharashtra
31401203459728,2023-03-13 20:17:00,2023-03-13 22:02:21.217557,Sextortion,363724.94,a34eda124c7becc8@upi,Rajasthan
31401446653445,2023-10-16 05:40:00,2023-10-17 04:17:09.357927,UPI_Fraud,245448.4,f88d24bd0a63aea0@upi,West Bengal
31404016131176,2023-02-10 16:11:00,2023-02-12 17:41:09.553961,KYC_Fraud,284227.85,4bd8066a7ff43612@upi,Karnataka
31408961670674,2023-12-19 01:32:00,2023-12-19 05:54:53.491155,UPI_Fraud,181807.2,5b56245ce0128a5c@upi,Maharashtra
31406169548312,2023-03-18 19:25:00,2023-03-18 21:03:45.788958,Investment_Scam,347837.83,a069a748d2be8bed@upi,Karnataka
31406352512280,2023-05-23 01:41:00,2023-05-23 05:04:00.466385,UPI_Fraud,61238.24,540d6d34de564912@upi,Delhi
31401756712492,2023-05-03 05:08:00,2023-05-04 08:34:21.858512,KYC_Fraud,359902.6,3130a23abd9e06eb@upi,Uttar Pradesh
31403483539213,2023-11-14 14:58:00,2023-11-14 21:22:37.533630,Investment_Scam,333801.86,fbdf11c16c6f1158@upi,Uttar Pradesh
31402545331748,2023-11-10 21:25:00,2023-11-10 23:55:36.147608,UPI_Fraud,224917.54,d799d9a9330ffa26@upi,Karnataka
31408847821094,2023-01-12 22:11:00,2023-01-13 02:33:29.820483,UPI_Fraud,437173.95,6d15ef43c18a5e44@upi,Kerala
31405451121692,2023-05-27 22:45:00,2023-05-28 00:20:50.907098,KYC_Fraud,332766.81,2bb65ef4ad770c01@upi,Delhi
31404644971420,2023-10-27 17:05:00,2023-10-27 19:43:23.266750,KYC_Fraud,121942.82,05d9cb0a7966aa7b@upi,West Bengal
31409642144829,2023-12-27 02:27:00,2023-12-27 10:43:38.314103,UPI_Fraud,25019.73,73c1232d5b4b4de7@upi,Maharashtra
31409796501287,2023-11-28 16:29:00,2023-11-28 18:05:41.643737,Sextortion,213794.61,c4fd7cb5b3b86b81@upi,West Bengal
31404646051114,2023-10-20 03:27:00,2023-10-20 04:23:24.231955,KYC_Fraud,248467.78,94d6f63ab19d86b2@upi,Karnataka
31407444287612,2023-12-01 01:35:00,2023-12-02 10:45:22.896791,Investment_Scam,145645.62,be8983f366c5d07c@upi,Delhi
31407602968202,2023-07-05 21:11:00,2023-07-05 23:28:15.420067,KYC_Fraud,125538.13,45d630ed37506629@upi,Kerala
31403235900045,2023-01-08 03:47:00,2023-01-08 04:14:22.327221,Investment_Scam,319944.86,8e5fcc4d4d7f23bb@upi,Karnataka
31404125464586,2023-10-20 04:37:00,2023-10-20 05:28:37.027051,KYC_Fraud,228199.57,c44d8338f95263f6@upi,West Bengal
31401403292556,2023-08-19 19:01:00,2023-08-19 23:16:40.724031,UPI_Fraud,329540.39,62a72b46f2d2fdbe@upi,Rajasthan
31408596753962,2023-01-28 01:34:00,2023-01-28 02:47:40.498046,KYC_Fraud,74128.09,82d88b69efcf73c2@upi,Gujarat
31407145132830,2023-10-30 10:09:00,2023-10-31 00:27:29.210320,UPI_Fraud,93181.37,068cb231d039902c@upi,Kerala
31406845933530,2023-04-03 09:11:00,2023-04-03 12:38:29.536619,UPI_Fraud,312401.04,522a65badd42c641@upi,Maharashtra
31409908810009,2023-11-09 21:19:00,2023-11-10 12:42:22.281036,UPI_Fraud,306713.7,e76a8f42f5a1372b@upi,Telangana
31408290968841,2023-07-23 04:48:00,2023-07-23 11:21:58.324105,Investment_Scam,435452.93,ba7a465e61a11230@upi,Uttar Pradesh
31406655663273,2023-11-30 01:08:00,2023-11-30 08:01:23.269835,Investment_Scam,468936.79,afb6585a70966e66@upi,Maharashtra
31407372238221,2023-04-29 02:05:00,2023-04-29 07:30:28.434760,Investment_Scam,204715.7,83537c7c9fe41c3e@upi,Karnataka
31408067556473,2023-08-04 10:33:00,2023-08-04 12:22:55.387975,UPI_Fraud,486817.9,db4060301879ed71@upi,Gujarat
31406702855706,2023-08-11 23:46:00,2023-08-12 00:18:13.589082,Investment_Scam,71613.34,78cfb5c38ee21247@upi,Uttar Pradesh
31409395215528,2023-12-02 17:41:00,2023-12-02 23:41:26.672112,KYC_Fraud,89567.13,d81d1683ecaac229@upi,Telangana
31407976155561,2023-05-09 22:07:00,2023-05-10 00:57:01.113748,Sextortion,135100.2,5ab65182c5db6734@upi,Maharashtra
31408015346070,2023-11-07 22:25:00,2023-11-08 00:53:29.314803,UPI_Fraud,18582.84,3409e9d07e07a0ea@upi,Karnataka
31407662472965,2023-05-25 07:46:00,2023-05-25 10:37:38.652051,Sextortion,347868.11,a1c22d172367ec5f@upi,Maharashtra
31409013767595,2023-01-01 18:30:00,2023-01-01 23:17:40.702422,Investment_Scam,202993.56,f49ea4ce91fb5dd8@upi,Telangana
31409705646479,2023-12-27 01:49:00,2023-12-27 02:42:33.835826,KYC_Fraud,496735.1,a51df696101acc29@upi,Rajasthan
31403060922061,2023-09-02 12:30:00,2023-09-02 23:52:13.275320,KYC_Fraud,440472.63,87cad92e65ebcdb6@upi,Tamil Nadu
31405129135833,2023-05-12 05:18:00,2023-05-12 13:26:41.877663,KYC_Fraud,223435.82,4033db100a1cc8ba@upi,Maharashtra
31403637592391,2023-12-10 21:06:00,2023-12-11 06:08:08.173404,UPI_Fraud,169047.06,ea99df697b9c2ca6@upi,Kerala
31408514514036,2023-07-18 14:20:00,2023-07-19 01:04:57.240157,Investment_Scam,277386.58,d036df3044e9deab@upi,Delhi
31406563058479,2023-04-12 10:34:00,2023-04-12 11:05:06.291302,UPI_Fraud,324862.22,f72723c2288b7429@upi,Karnataka
31405795943641,2023-09-22 02:20:00,2023-09-22 07:05:17.065832,Investment_Scam,22564.61,7419f0963738d159@upi,Kerala
31407947914282,2023-06-02 11:04:00,2023-06-03 00:53:12.010332,UPI_Fraud,294284.46,fad5cbcf2a4d463c@upi,Uttar Pradesh
31408047768021,2023-09-28 10:47:00,2023-09-29 09:31:45.006564,KYC_Fraud,265404.72,f5ee5bb69c594618@upi,Telangana
31404854029630,2023-04-17 22:15:00,2023-04-18 04:27:13.046650,Investment_Scam,450034.97,61e2d8223e4abb31@upi,Rajasthan
31402639665984,2023-10-19 10:50:00,2023-10-19 12:56:31.044951,Investment_Scam,135820.52,617e20d2bab877e7@upi,Uttar Pradesh
31406391289108,2023-01-27 14:27:00,2023-01-27 17:50:05.646815,Investment_Scam,162540.77,5590915cce31e2d6@upi,Uttar Pradesh
31409540587370,2023-06-07 17:01:00,2023-06-07 19:28:05.191305,UPI_Fraud,98763.18,b964ddc6afc6741d@upi,Kerala
31402244261594,2023-02-08 12:30:00,2023-02-08 13:25:00.658948,KYC_Fraud,62369.69,bbaf3f02a8b0828e@upi,Kerala
31401401911532,2023-10-25 23:35:00,2023-10-26 01:33:07.356557,KYC_Fraud,193019.74,6cf7d73eadf5dbda@upi,Kerala
31409550842636,2023-02-16 12:54:00,2023-02-16 16:45:21.984535,Investment_Scam,262435.83,a1b1b0b2c4e48c3b@upi,Rajasthan
31403807999120,2023-01-26 08:14:00,2023-01-26 09:20:08.263421,KYC_Fraud,451011.33,4c0944feeeafc246@upi,Maharashtra
31404143105077,2023-06-03 04:03:00,2023-06-04 05:49:45.934644,UPI_Fraud,413081.02,d808e7485fc3520a@upi,Gujarat
31409350892160,2023-07-21 17:18:00,2023-07-21 19:14:37.736868,Investment_Scam,92326.96,debdc8be2ef6184e@upi,Delhi
31409164199461,2023-04-18 01:32:00,2023-04-19 15:49:18.536287,UPI_Fraud,56900.13,65e22d42090564b9@upi,Telangana
31405350599908,2023-05-23 02:27:00,2023-05-23 10:17:09.945641,UPI_Fraud,319687.59,1e8b570b4f4e8db8@upi,Rajasthan
31405822070062,2023-09-11 01:34:00,2023-09-11 02:55:48.600115,Investment_Scam,341162.21,77323791caaf34e8@upi,Kerala
31408785577845,2023-05-05 06:40:00,2023-05-05 14:35:00.365867,UPI_Fraud,48915.49,1b046e221c756ad8@upi,West Bengal
31404455385488,2023-08-17 00:35:00,2023-08-17 23:25:14.399950,UPI_Fraud,168452.07,a458a9d0fa6b945c@upi,Tamil Nadu
31408621662326,2023-07-15 12:48:00,2023-07-15 20:08:25.174779,UPI_Fraud,323682.43,cab96474e727e59c@upi,West Bengal
31407945640470,2023-08-18 07:49:00,2023-08-18 19:35:05.816392,Investment_Scam,123106.3,82c9eceffb3a9628@upi,Kerala
31409627086358,2023-09-16 21:05:00,2023-09-17 00:57:57.117122,UPI_Fraud,497785.44,81505285be6f291f@upi,Gujarat
31403400129515,2023-10-13 19:07:00,2023-10-13 21:45:29.314977,Investment_Scam,53496.02,3e44a84deba706e5@upi,Telangana
31406174472108,2023-11-29 14:56:00,2023-11-29 18:09:55.927994,Investment_Scam,412685.16,1b5f2c835b89a1e3@upi,Maharashtra
31405534328885,2023-05-16 19:02:00,2023-05-16 20:23:49.500982,Sextortion,124974.62,8608ca6e1438fc4b@upi,Delhi
31406581410163,2023-04-14 21:04:00,2023-04-15 07:42:50.684890,UPI_Fraud,339063.64,9161da7be526b717@upi,Uttar Pradesh
31401108499888,2023-08-19 00:52:00,2023-08-19 10:29:20.721914,KYC_Fraud,393193.76,d6be50cb8c586fce@upi,Karnataka
31405865266317,2023-05-22 03:32:00,2023-05-22 05:47:57.187678,UPI_Fraud,179697.67,294ec3fd70711bd7@upi,Rajasthan
31403401022516,2023-11-27 02:51:00,2023-11-27 04:14:05.052640,UPI_Fraud,471769.64,bdb8bd7283b2a364@upi,Karnataka
31402218726542,2023-11-07 05:34:00,2023-11-07 12:01:28.365732,Investment_Scam,201610.95,3c231657faa5d04d@upi,Maharashtra
31405380354860,2023-02-11 05:17:00,2023-02-11 23:29:42.638109,Investment_Scam,340408.87,a0f75e9cadde49b3@upi,Kerala
31404388031811,2023-06-07 13:05:00,2023-06-07 16:12:20.778215,KYC_Fraud,168038.71,5308e86f6edbf7ed@upi,Delhi
31408626255573,2023-03-07 01:34:00,2023-03-07 04:25:26.503660,UPI_Fraud,488049.0,ae35003a1df2f0e2@upi,Kerala
31401026621979,2023-01-25 01:24:00,2023-01-25 02:01:31.927598,Investment_Scam,78207.03,1060b2a279af1d01@upi,Tamil Nadu
31408167045946,2023-08-26 19:02:00,2023-08-26 22:38:10.566586,Sextortion,414348.38,6627778c0faccd9e@upi,Telangana
31409022914582,2023-01-25 14:03:00,2023-01-25 19:45:28.758941,Sextortion,439291.54,d552f8b748533a3f@upi,Tamil Nadu
31405293642290,2023-06-09 10:01:00,2023-06-09 11:42:59.068970,Investment_Scam,84492.18,0f1ad65543378e63@upi,Delhi
31403999447918,2023-01-05 18:33:00,2023-01-05 20:48:03.265191,Sextortion,38312.47,9f2c367e9ecb304a@upi,West Bengal
31406780269906,2023-03-24 08:34:00,2023-03-24 12:46:34.187392,UPI_Fraud,393521.06,151d8260d0e8560e@upi,Delhi
31402588421619,2023-09-20 15:15:00,2023-09-20 19:48:09.166860,Sextortion,408845.43,7b68689a915b1865@upi,Gujarat
31407329323085,2023-11-04 19:35:00,2023-11-04 21:44:45.026148,Investment_Scam,218780.86,d360483171622837@upi,Telangana
31409495967107,2023-04-26 02:06:00,2023-04-26 02:44:29.304544,UPI_Fraud,199668.59,83ba5887d82ddd6a@upi,Telangana
31404235887824,2023-07-02 01:26:00,2023-07-04 20:06:02.175019,Investment_Scam,397265.49,a2bbd14a2f29203e@upi,Telangana
31408538632663,2023-05-18 22:57:00,2023-05-19 06:01:54.715404,UPI_Fraud,418808.65,3ad37eb5c6e3317d@upi,Telangana
31402082750064,2023-06-30 17:36:00,2023-06-30 18:57:30.707300,Sextortion,249048.48,38172de70c053844@upi,Delhi
31404551193201,2023-07-07 10:20:00,2023-07-07 11:41:33.334097,UPI_Fraud,371304.97,4c33d093c4bea6f0@upi,West Bengal
31401336285278,2023-08-15 08:28:00,2023-08-15 12:46:20.082288,UPI_Fraud,235128.92,d00466dba4ffcefe@upi,Telangana
31407763476141,2023-02-11 12:48:00,2023-02-12 02:50:45.033507,Investment_Scam,134788.6,a8db324facfdb708@upi,Kerala
31401434588225,2023-08-30 07:20:00,2023-08-30 08:47:39.897185,KYC_Fraud,252771.53,58332689d416f427@upi,West Bengal
31407774046372,2023-08-02 07:48:00,2023-08-02 10:09:43.181697,Investment_Scam,83582.81,9f39a0685c6ab47e@upi,Maharashtra
31402168496102,2023-03-28 04:07:00,2023-03-28 09:25:13.138658,UPI_Fraud,51548.09,384f87a17f6c5ecd@upi,Maharashtra
31409375740607,2023-04-19 18:23:00,2023-04-19 18:46:34.861419,Investment_Scam,495878.32,c5ed1a30cccb44f4@upi,Uttar Pradesh
31401052436194,2023-07-30 06:50:00,2023-07-30 12:13:47.728264,UPI_Fraud,95313.57,d327db90c3ad5ef6@upi,Telangana
31405428139434,2023-09-18 21:31:00,2023-09-19 01:28:04.913121,UPI_Fraud,262182.22,294d95c2e507b44d@upi,Maharashtra
31403953960309,2023-08-11 07:39:00,2023-08-11 09:50:13.074598,Investment_Scam,197150.42,cb9fa8bf15d4a4db@upi,Karnataka
31408007619856,2023-02-18 03:03:00,2023-02-18 11:33:49.651212,Investment_Scam,30556.1,9a60683f9a45ddf7@upi,Karnataka
31405388176653,2023-09-23 20:35:00,2023-09-24 11:50:02.612433,UPI_Fraud,490185.46,fc8676e6a3807581@upi,Tamil Nadu
31405484780199,2023-09-26 20:31:00,2023-09-27 05:57:52.737830,Investment_Scam,72766.92,3d2337c8db88cc60@upi,Maharashtra
31401635167278,2023-07-02 08:24:00,2023-07-02 16:30:45.674385,UPI_Fraud,279545.05,b2e3e791ec389fae@upi,Kerala
31407681904759,2023-04-24 21:51:00,2023-04-25 00:36:45.525126,UPI_Fraud,444593.2,4ea91a930097779c@upi,West Bengal
31404001914125,2023-05-02 22:38:00,2023-05-03 01:51:02.293943,KYC_Fraud,460274.0,2a17b5795aadef18@upi,Karnataka
31401314439650,2023-05-29 12:20:00,2023-05-29 13:33:45.464330,UPI_Fraud,166829.32,757013409a1de55b@upi,Tamil Nadu
31409019587092,2023-08-23 21:27:00,2023-08-24 03:06:50.546622,UPI_Fraud,90759.26,d197d95e274489e7@upi,Telangana
31405476952851,2023-10-10 17:30:00,2023-10-10 18:51:18.494234,UPI_Fraud,212574.06,10391296d265566e@upi,Telangana
31405489129727,2023-07-08 00:55:00,2023-07-08 05:13:25.502186,Investment_Scam,61906.05,e80ae379760509e4@upi,Gujarat
31402594377014,2023-01-30 06:43:00,2023-01-30 22:59:37.181581,UPI_Fraud,236163.16,a624ff50d385a48f@upi,West Bengal
31401065988088,2023-05-09 11:04:00,2023-05-09 19:51:10.289714,KYC_Fraud,146172.03,a27b932eb377baae@upi,Delhi
31408165478838,2023-08-12 09:33:00,2023-08-12 15:21:58.648852,KYC_Fraud,311832.87,ea1049248384ef38@upi,Karnataka
31403539662762,2023-04-22 12:08:00,2023-04-22 13:14:16.594840,Investment_Scam,12562.51,5ea4882b1d06781b@upi,Kerala
31408071169573,2023-11-10 21:11:00,2023-11-10 23:13:39.820416,Sextortion,190290.97,3bd42b5cb95fedf9@upi,Delhi
31401322766032,2023-08-11 22:05:00,2023-08-12 06:39:12.391861,KYC_Fraud,498203.83,a277552d9784086a@upi,Uttar Pradesh
31402945241861,2023-04-21 03:19:00,2023-04-21 05:35:34.458953,UPI_Fraud,334890.58,7878fbab6ddda2f9@upi,Tamil Nadu
31407569191173,2023-12-25 20:09:00,2023-12-26 04:55:24.962483,Investment_Scam,184191.58,0c7d0bd91be18aaf@upi,Rajasthan
31407119878623,2023-01-20 16:54:00,2023-01-20 21:30:49.596286,KYC_Fraud,61027.31,55a08fadaa1a3e1a@upi,Kerala
31402317735780,2023-02-24 19:03:00,2023-02-25 08:11:07.594332,UPI_Fraud,248432.85,d9956ae44079537a@upi,Karnataka
31404480805908,2023-06-08 18:48:00,2023-06-08 20:27:41.019304,Investment_Scam,375503.35,314ff6665437dae9@upi,Kerala
31404468884793,2023-04-27 03:18:00,2023-04-27 09:53:31.854764,Investment_Scam,82251.74,0cb4fa04eec264fc@upi,Gujarat
31405835219768,2023-04-23 22:32:00,2023-04-24 02:39:33.761898,Investment_Scam,370474.93,53f0e51f458f7500@upi,Rajasthan
31408219971954,2023-04-28 12:32:00,2023-04-28 16:30:04.661469,Investment_Scam,321726.91,38a341c387bf6b0b@upi,Tamil Nadu
31407902088919,2023-02-16 13:59:00,2023-02-17 04:50:34.305953,Investment_Scam,100393.36,96ee3133eae53f34@upi,Kerala
31404697107098,2023-02-19 02:12:00,2023-02-19 02:50:44.654740,KYC_Fraud,297046.97,8c19faaa8bd5ac32@upi,Tamil Nadu
31403752416360,2023-07-17 16:58:00,2023-07-17 23:09:29.184474,UPI_Fraud,220531.84,952daf51a91e8b31@upi,Delhi
31401390437412,2023-03-10 04:19:00,2023-03-10 08:11:00.064091,KYC_Fraud,234511.57,c7f66b5e1cfdc547@upi,Telangana
31409257289738,2023-12-22 05:25:00,2023-12-22 10:55:18.586716,Investment_Scam,224056.84,f253d605f12974cd@upi,Rajasthan
31404686768142,2023-04-10 05:40:00,2023-04-10 08:44:10.545504,UPI_Fraud,309010.32,0004a1a3a12705a4@upi,Rajasthan
31407516577246,2023-01-31 19:23:00,2023-01-31 22:38:27.378826,UPI_Fraud,31851.51,bb6efc9b42a0c6a5@upi,Tamil Nadu
31402313131328,2023-08-08 06:34:00,2023-08-08 10:58:01.245067,UPI_Fraud,395692.04,2d7f04c671c24245@upi,Kerala
31403363520190,2023-12-02 15:53:00,2023-12-03 06:10:58.062655,UPI_Fraud,86627.08,9b32e2cba3851a8d@upi,Uttar Pradesh
31407938533528,2023-07-03 10:19:00,2023-07-03 13:50:40.445463,Investment_Scam,285376.5,83b82ffcea8b671a@upi,Telangana
31407079634140,2023-07-15 17:32:00,2023-07-15 21:19:08.143898,UPI_Fraud,368899.88,b6061c939aa88bd7@upi,Uttar Pradesh
31408724251238,2023-05-23 15:06:00,2023-05-23 20:06:27.348060,UPI_Fraud,415655.5,7aced6cb9bbebdd4@upi,West Bengal
31402814545579,2023-05-22 04:57:00,2023-05-22 06:53:20.955956,UPI_Fraud,161262.38,1fbd0c1ad65a3618@upi,Telangana
31402573967691,2023-06-10 17:52:00,2023-06-11 02:07:17.725299,UPI_Fraud,132973.66,578ffffe9f15f020@upi,Gujarat
31404754615150,2023-03-27 22:32:00,2023-03-28 00:09:22.226806,KYC_Fraud,364179.01,673042d418c5aa70@upi,Rajasthan
31408337779376,2023-03-27 16:16:00,2023-03-27 21:02:00.559447,Investment_Scam,120812.06,22690ccfe81c822e@upi,Karnataka
31405968334813,2023-03-06 09:20:00,2023-03-06 16:02:51.905777,UPI_Fraud,57805.63,6ccfba4193d971a0@upi,Delhi
31406536816662,2023-05-05 06:21:00,2023-05-05 08:12:05.322842,UPI_Fraud,395615.37,4346536ee04363c3@upi,Tamil Nadu
31408530700872,2023-02-28 09:34:00,2023-02-28 11:54:56.789978,UPI_Fraud,171805.38,2a7ffeb933dabef3@upi,Uttar Pradesh
31403738960515,2023-08-02 14:55:00,2023-08-02 16:55:55.369670,UPI_Fraud,333218.39,8d23eeefc8b65f56@upi,Uttar Pradesh
31404615511104,2023-04-02 13:26:00,2023-04-02 18:19:04.304431,KYC_Fraud,283410.56,04cb4af66bbc9cd7@upi,Karnataka
31406114138981,2023-09-05 02:07:00,2023-09-05 10:36:20.762806,UPI_Fraud,201456.9,708e9a1b3e04ed99@upi,Delhi
31407961184265,2023-09-19 06:51:00,2023-09-19 07:20:40.503644,UPI_Fraud,226125.36,a540604a12e6c5bc@upi,West Bengal
31404964751711,2023-09-25 09:07:00,2023-09-25 10:42:17.207259,UPI_Fraud,398498.67,ecc8777fcfc39d17@upi,Uttar Pradesh
31402639546543,2023-03-26 07:54:00,2023-03-26 09:19:50.891224,KYC_Fraud,264893.36,5440d6b39ae55086@upi,Uttar Pradesh
31403487360444,2023-09-25 01:06:00,2023-09-25 08:45:24.019815,Investment_Scam,187919.36,2f5005f659c6467e@upi,Karnataka
31406511895918,2023-12-29 07:37:00,2023-12-29 10:49:23.915635,UPI_Fraud,448054.96,8603e60ca1329f36@upi,Telangana
31403974747675,2023-09-17 05:45:00,2023-09-17 08:44:35.611458,UPI_Fraud,442384.02,9f1975758d203f92@upi,Gujarat
31409186236116,2023-01-16 00:44:00,2023-01-16 02:16:56.382771,KYC_Fraud,219469.95,20c2089f25f299fe@upi,Gujarat
31409988587718,2023-05-08 04:24:00,2023-05-08 11:16:40.284614,UPI_Fraud,24388.44,87dce8f67ca19ad7@upi,Uttar Pradesh
31402073484779,2023-06-03 04:34:00,2023-06-03 10:51:13.196244,KYC_Fraud,274988.94,001cc7c523c48f43@upi,Delhi
31403773469896,2023-03-01 11:56:00,2023-03-01 15:16:07.511777,Investment_Scam,412602.08,a7957ee71b9f947e@upi,Rajasthan
31409611206610,2023-08-01 23:33:00,2023-08-02 04:40:31.008304,Investment_Scam,129726.57,3df284a919e148a8@upi,West Bengal
31403594095458,2023-08-06 00:20:00,2023-08-06 05:21:00.400216,Investment_Scam,453626.34,b40cfec92900ce51@upi,Delhi
31405313284596,2023-12-04 10:56:00,2023-12-05 18:14:29.164858,KYC_Fraud,405035.98,6b92aabf992d4df4@upi,Delhi
31403958730662,2023-10-16 19:15:00,2023-10-16 20:08:03.631728,UPI_Fraud,164310.6,15611fa4233e5e09@upi,West Bengal
31407681595276,2023-06-05 14:38:00,2023-06-05 21:48:03.058072,Sextortion,45608.73,da409597f4ad841c@upi,Delhi
31405980217817,2023-01-04 14:37:00,2023-01-04 16:15:16.581961,UPI_Fraud,43567.65,cb15db1a9af73b40@upi,Rajasthan
31401491767666,2023-04-27 20:45:00,2023-04-28 03:03:46.831791,UPI_Fraud,405624.05,e3ca269f60d6d65f@upi,Karnataka
31403796549926,2023-04-25 00:05:00,2023-04-25 05:40:05.702442,Investment_Scam,284615.91,4933000996e6a77b@upi,Karnataka
31408948301343,2023-02-15 05:13:00,2023-02-15 10:22:33.991059,UPI_Fraud,488632.16,4efff10329ca6699@upi,Uttar Pradesh
31403581504211,2023-10-08 07:23:00,2023-10-08 20:51:18.431258,UPI_Fraud,483459.27,d9bcc83f674275e1@upi,Tamil Nadu
31408926668269,2023-03-24 13:50:00,2023-03-24 21:31:50.269040,KYC_Fraud,491081.36,47dbc2f354f604d2@upi,Rajasthan
31402536713129,2023-09-08 22:56:00,2023-09-09 09:47:22.894882,UPI_Fraud,437649.38,dd3bf42a1dd6c675@upi,West Bengal
31408034353441,2023-11-13 03:39:00,2023-11-13 04:28:06.826919,KYC_Fraud,46378.03,0c3bb40dc19d9219@upi,Rajasthan
31405367318323,2023-11-30 08:03:00,2023-11-30 15:39:04.235310,UPI_Fraud,439847.33,7a25be9714d338c3@upi,Karnataka
31407045711504,2023-12-27 13:21:00,2023-12-27 17:23:13.911266,KYC_Fraud,26988.43,3bebc51f1ef19765@upi,Delhi
31408759884215,2023-09-24 13:49:00,2023-09-24 17:36:07.804064,Investment_Scam,332824.28,3595b10f9139f7f5@upi,Uttar Pradesh
31401642936943,2023-12-23 02:43:00,2023-12-23 08:33:32.931430,KYC_Fraud,440699.66,36743817547696c9@upi,Maharashtra
31403742719683,2023-01-08 12:22:00,2023-01-08 20:52:57.102981,Investment_Scam,165303.83,5eb59abc9c970d06@upi,Rajasthan
31405303634579,2023-05-27 19:28:00,2023-05-28 14:14:05.938585,Investment_Scam,341448.92,89d7b75cd9122aad@upi,Uttar Pradesh
31404404881922,2023-03-17 12:02:00,2023-03-17 15:26:57.664545,Investment_Scam,475760.22,2ac4a8b096d7bd21@upi,Karnataka
31402196317055,2023-12-13 22:40:00,2023-12-15 18:57:43.932725,UPI_Fraud,134651.87,110ff49da0eee279@upi,Maharashtra
31404163358020,2023-03-02 11:05:00,2023-03-02 16:04:16.932059,UPI_Fraud,78611.81,6b58ba7092cc6adf@upi,Kerala
31401419850115,2023-04-03 12:48:00,2023-04-03 15:21:11.878869,Investment_Scam,242401.33,edd7f754af7e28c4@upi,Maharashtra
31406179360273,2023-05-21 05:48:00,2023-05-23 01:32:21.746381,UPI_Fraud,117343.72,5740c30c9a2b3355@upi,Uttar Pradesh
31404624657344,2023-12-19 06:20:00,2023-12-19 07:23:01.882599,UPI_Fraud,31750.01,edaf410540b5230f@upi,Rajasthan
31401573170675,2023-09-22 23:36:00,2023-09-23 02:51:53.846116,UPI_Fraud,410921.27,5388feb4869a504b@upi,Telangana
31402337885626,2023-11-03 06:54:00,2023-11-03 11:17:57.425470,KYC_Fraud,496480.25,8f21d510590ce4b1@upi,Maharashtra
31402943359794,2023-06-17 11:18:00,2023-06-18 00:26:46.962183,Investment_Scam,454729.39,f9a34baab7be9f34@upi,Telangana
31405545247204,2023-04-19 11:47:00,2023-04-20 00:36:55.585949,Sextortion,363482.79,dcf5a7c428ffc3d2@upi,Rajasthan
31406734932312,2023-12-13 13:22:00,2023-12-13 15:03:01.629143,KYC_Fraud,416497.9,bda9d41fa5c88946@upi,Maharashtra
31407808975422,2023-06-24 19:17:00,2023-06-25 05:26:42.299648,KYC_Fraud,334705.61,c945f53dcac18889@upi,Telangana
31406295298926,2023-05-27 14:27:00,2023-05-27 15:47:35.237866,Investment_Scam,451157.42,65d155eaf6c38b64@upi,Kerala
31402501303431,2023-08-31 14:40:00,2023-08-31 19:58:18.093579,Investment_Scam,187340.8,b8fbafa1b8d2fdba@upi,Kerala
31409903876486,2023-07-29 18:53:00,2023-07-30 01:51:20.166888,UPI_Fraud,85617.57,faa390f0cabf520b@upi,Delhi
31406717763822,2023-03-25 05:26:00,2023-03-25 10:57:42.511606,KYC_Fraud,495718.98,460c3af32119dbe0@upi,Karnataka
31403587664349,2023-03-22 08:11:00,2023-03-23 08:23:24.968043,UPI_Fraud,248140.24,945db3dffb7ba17b@upi,Kerala
31401716646265,2023-12-23 20:48:00,2023-12-24 00:33:48.773053,KYC_Fraud,43018.43,05e58b535004d596@upi,Telangana
31409299738798,2023-04-17 17:35:00,2023-04-17 18:35:54.326058,Investment_Scam,144936.78,bf87b95509821633@upi,Telangana
31405347443664,2023-05-02 11:33:00,2023-05-02 13:19:12.258065,Investment_Scam,382082.0,a17d089448d398b5@upi,Gujarat
31408059414799,2023-12-26 10:47:00,2023-12-26 11:18:07.933639,UPI_Fraud,191325.64,bfd8d67e331c6de1@upi,Tamil Nadu
31403708305663,2023-04-10 00:23:00,2023-04-10 01:53:19.304116,Investment_Scam,79871.13,48446ecf394d530e@upi,West Bengal
31402460801664,2023-11-17 00:46:00,2023-11-17 03:44:18.671314,UPI_Fraud,22469.4,c527c012113fa811@upi,Karnataka
31407264672083,2023-05-06 10:48:00,2023-05-07 02:00:45.320051,Investment_Scam,284247.34,0f8ee466d63c1e84@upi,Uttar Pradesh
31407944482430,2023-04-23 12:49:00,2023-04-23 17:49:31.243546,Investment_Scam,23492.99,a2be5453e6de14d6@upi,Delhi
31403549738382,2023-03-16 12:03:00,2023-03-16 16:02:51.617080,Sextortion,212933.61,31454f88f1830f51@upi,Delhi
31401850891312,2023-11-02 05:58:00,2023-11-02 09:47:45.763376,UPI_Fraud,249047.09,c293589cea3b5636@upi,Kerala
31404494827635,2023-05-02 04:41:00,2023-05-02 07:28:15.815053,Investment_Scam,497480.41,6b92513a58c1d9b4@upi,Rajasthan
31407113077259,2023-10-12 12:58:00,2023-10-12 13:25:19.212424,Sextortion,200846.13,488c8c92e7abac83@upi,Tamil Nadu
31409385183353,2023-03-09 04:36:00,2023-03-11 18:57:36.088169,UPI_Fraud,130984.64,eeb7ceafb88813a8@upi,Gujarat
31406953289131,2023-02-11 01:31:00,2023-02-11 02:15:12.037924,KYC_Fraud,96813.75,10d88bee675e95d1@upi,Telangana
31409286148352,2023-01-21 11:10:00,2023-01-21 11:47:09.180513,Investment_Scam,78206.38,59466547af7f83d0@upi,Delhi
31405310311444,2023-04-21 01:10:00,2023-04-21 10:38:04.546562,UPI_Fraud,393370.28,5f622da84139756e@upi,Delhi
31406341508466,2023-09-09 17:39:00,2023-09-10 06:39:18.642705,Investment_Scam,368100.83,9b4705a5a1cd1e5b@upi,West Bengal
31407886729240,2023-10-11 04:16:00,2023-10-11 06:38:35.640214,KYC_Fraud,454401.98,2c55f0286942d24d@upi,Telangana
31405927613380,2023-12-20 10:53:00,2023-12-21 00:09:25.400807,UPI_Fraud,397349.8,3c3f2e8c9b7b4708@upi,Telangana
31407320835721,2023-07-03 19:40:00,2023-07-04 00:36:34.990746,KYC_Fraud,472580.63,e0bc7472ab1f2964@upi,Maharashtra
31403283960482,2023-05-27 15:43:00,2023-05-28 05:32:08.688241,Investment_Scam,193911.65,6c95e9c4a0ba9faa@upi,Tamil Nadu
31407274980728,2023-03-16 00:23:00,2023-03-16 04:38:25.837382,Investment_Scam,306820.1,90eba30e6ce8087e@upi,Rajasthan
31407446049723,2023-08-30 16:50:00,2023-08-30 20:51:42.761572,Investment_Scam,305037.32,f46652f5ee1ad887@upi,Uttar Pradesh
31402675554049,2023-12-31 02:47:00,2023-12-31 14:25:53.622958,Sextortion,39141.07,1a5374909c292cdd@upi,Maharashtra
31403221123179,2023-12-03 16:32:00,2023-12-03 20:26:53.018319,Investment_Scam,317030.33,523725b9cd46e00b@upi,Gujarat
31404620256822,2023-07-27 17:31:00,2023-07-28 05:44:33.676081,Sextortion,24969.23,72d6d07fd7cb18f0@upi,Delhi
31408470148338,2023-02-23 09:41:00,2023-02-24 04:20:06.072107,KYC_Fraud,173369.59,0b2dda7d9fab34a2@upi,Delhi
31402194249197,2023-07-03 14:34:00,2023-07-04 07:08:49.607307,Sextortion,341642.44,253c75bacf995b9c@upi,Maharashtra
31401584939350,2023-11-23 06:02:00,2023-11-23 15:17:15.729150,KYC_Fraud,79996.64,9fd752d9d0ccdbb9@upi,West Bengal
31403725466858,2023-05-16 04:59:00,2023-05-16 12:29:34.454162,Investment_Scam,385396.81,22ee0eda8c709f44@upi,Uttar Pradesh
31401536805792,2023-02-04 01:39:00,2023-02-04 22:32:49.293285,UPI_Fraud,346829.12,a1ad02ba32ffeec8@upi,Tamil Nadu
31406641341238,2023-03-16 02:07:00,2023-03-16 04:21:02.833822,UPI_Fraud,406035.25,9fa7af4628dd9cb3@upi,Karnataka
31408031363514,2023-02-14 18:58:00,2023-02-15 01:35:24.343591,UPI_Fraud,422616.47,f54efba75794b357@upi,Tamil Nadu
31404421059648,2023-07-07 01:01:00,2023-07-07 10:55:14.194080,KYC_Fraud,336758.67,6d100f11d2a14a1a@upi,Karnataka
31407472021916,2023-10-22 02:07:00,2023-10-22 04:09:10.128722,UPI_Fraud,20793.19,8edda279ba9e9ed1@upi,Gujarat
31403760532122,2023-02-22 06:00:00,2023-02-22 08:47:55.481205,Investment_Scam,117444.24,93c4f2afeee071da@upi,Telangana
31408737235280,2023-02-22 18:56:00,2023-02-22 21:09:18.277831,KYC_Fraud,434797.4,062371f93ac5416d@upi,Kerala
31407868063307,2023-01-10 03:07:00,2023-01-10 11:08:59.679515,Investment_Scam,322174.51,2340f46458879cfc@upi,Karnataka
31404875355731,2023-01-14 17:27:00,2023-01-14 19:31:52.835036,UPI_Fraud,286011.58,93a252f15bde845b@upi,Uttar Pradesh
31406518370562,2023-07-24 22:07:00,2023-07-24 23:42:36.404705,UPI_Fraud,253380.76,94fdc6b8e876af4b@upi,Karnataka
31403098350080,2023-12-04 23:33:00,2023-12-05 01:15:31.150920,Investment_Scam,60346.64,0f3e1c23ab2acd64@upi,Maharashtra
31407526368276,2023-12-15 17:31:00,2023-12-16 04:56:33.192614,Investment_Scam,448906.1,4f0d8ce1b58bf64c@upi,West Bengal
31402514195967,2023-11-02 07:40:00,2023-11-02 14:54:28.333151,UPI_Fraud,466134.81,bae8c9e755c32ed4@upi,Rajasthan
31404174766354,2023-03-06 10:18:00,2023-03-06 14:03:58.954854,Investment_Scam,434608.51,f0cab7fa2fa3bdf5@upi,Uttar Pradesh
31402660733456,2023-04-10 17:14:00,2023-04-10 21:14:19.478325,UPI_Fraud,468797.37,d3e3dc428f4f7211@upi,Delhi
31405648957000,2023-07-05 22:25:00,2023-07-06 06:55:36.258898,Investment_Scam,465783.77,fd6124470dc27ee8@upi,Rajasthan
31402809150201,2023-04-30 22:09:00,2023-05-01 01:06:39.758287,KYC_Fraud,99575.55,e09de44b287780d9@upi,West Bengal
31409427825393,2023-12-30 10:16:00,2023-12-30 12:42:18.870542,Investment_Scam,472551.33,40a7839d77ce9523@upi,Rajasthan
31406745929662,2023-01-21 19:18:00,2023-01-21 23:45:57.581584,UPI_Fraud,434251.88,96c80e0c992812b9@upi,Delhi
31401210437186,2023-10-30 15:17:00,2023-10-30 16:58:56.132045,Investment_Scam,387682.5,8cb14c1df286e985@upi,Rajasthan
31403831949976,2023-01-13 17:36:00,2023-01-13 23:48:49.056779,UPI_Fraud,332103.21,b52aeac57b65c3e1@upi,Tamil Nadu
31401526703459,2023-04-10 12:22:00,2023-04-10 18:25:09.064273,Investment_Scam,154697.72,c4c27acc47e6d960@upi,West Bengal
31405124520614,2023-09-21 06:35:00,2023-09-21 08:27:41.675837,Investment_Scam,203614.14,a7582a5b632b9fbb@upi,West Bengal
31408736079988,2023-11-06 21:00:00,2023-11-07 10:48:38.079017,KYC_Fraud,150830.7,a99b1abe35df6c4f@upi,Delhi
31402330103374,2023-01-13 16:53:00,2023-01-13 22:31:23.759249,UPI_Fraud,347141.78,d987bbe07c445fa4@upi,Telangana
31401984503235,2023-04-12 23:01:00,2023-04-13 18:42:08.067582,UPI_Fraud,70940.52,fe37a32105f85e14@upi,Kerala
31404737239411,2023-06-12 02:46:00,2023-06-12 11:25:45.872704,UPI_Fraud,365179.68,3e96103935c76626@upi,Rajasthan
31407996390736,2023-08-16 05:00:00,2023-08-16 08:24:08.745885,UPI_Fraud,389255.78,3fd666dafcab0387@upi,Maharashtra
31401867075789,2023-04-14 11:26:00,2023-04-14 13:31:21.646191,UPI_Fraud,190189.49,e9b823fe47bc426a@upi,Telangana
31409670955800,2023-05-14 06:31:00,2023-05-14 11:38:59.975221,UPI_Fraud,177483.82,865f7c1cd0f9ed15@upi,Gujarat
31405815024941,2023-01-07 19:56:00,2023-01-08 07:58:42.847011,Sextortion,425059.81,40358308186e55a2@upi,Rajasthan
31409688101513,2023-06-09 10:07:00,2023-06-09 11:16:36.560582,KYC_Fraud,392384.3,e01c434b0d177165@upi,West Bengal
31403797648430,2023-02-14 21:58:00,2023-02-15 00:59:00.203629,UPI_Fraud,130835.78,670cc11c904cb688@upi,Gujarat
31408275970273,2023-08-06 03:25:00,2023-08-06 07:09:41.385003,Sextortion,127187.8,9ee7cac59a162040@upi,West Bengal
31403761807522,2023-04-06 19:49:00,2023-04-07 06:11:52.818877,KYC_Fraud,110440.79,fb3613bd645c7d41@upi,Kerala
31409246500126,2023-07-18 09:56:00,2023-07-19 18:26:39.678558,Investment_Scam,392847.71,94886534ba697546@upi,Delhi
31409492378863,2023-09-24 12:52:00,2023-09-24 23:55:40.540875,UPI_Fraud,324981.27,9a9c31abade1e5d9@upi,Maharashtra
31403888023813,2023-02-18 14:51:00,2023-02-18 19:36:42.190083,UPI_Fraud,365240.77,76b7a36222fb4dbf@upi,Rajasthan
31401494616990,2023-02-16 08:45:00,2023-02-16 10:15:29.536273,Sextortion,269533.26,39647341f69d4904@upi,Kerala
31407474693334,2023-10-04 13:04:00,2023-10-04 16:54:06.125509,Investment_Scam,465043.54,82952cb79d3f45d9@upi,Karnataka
31409875122957,2023-03-19 09:45:00,2023-03-19 12:18:01.895551,UPI_Fraud,228315.4,1363f80c2a6ea929@upi,Maharashtra
31406994302014,2023-07-28 15:10:00,2023-07-28 19:17:28.520668,KYC_Fraud,428354.61,78a973ba4ad6b938@upi,Tamil Nadu
31406011108520,2023-06-18 15:03:00,2023-06-18 15:57:23.530202,Investment_Scam,300844.86,2caa43907a3f59bb@upi,Gujarat
31408589065196,2023-12-24 21:17:00,2023-12-25 04:23:53.165882,Sextortion,103152.75,cc1c94c6f9f1c567@upi,Delhi
31401637981077,2023-10-12 01:16:00,2023-10-12 05:52:10.349152,Sextortion,381082.0,bbe623c9da0b733d@upi,Kerala
31408665902947,2023-01-08 03:46:00,2023-01-08 11:42:29.131378,UPI_Fraud,234534.98,d0d470cfc4fc7e7d@upi,Maharashtra
31403133644942,2023-07-06 19:23:00,2023-07-07 03:14:51.001256,Investment_Scam,419349.84,b18f7c8dd40cd2ae@upi,Uttar Pradesh
31402871334917,2023-04-11 09:42:00,2023-04-11 16:30:08.345079,UPI_Fraud,405958.85,fbf4e2a2689a0699@upi,West Bengal
31403880488327,2023-11-18 22:07:00,2023-11-19 00:33:28.178825,UPI_Fraud,207354.56,3690c9c1867520be@upi,Kerala
31407702482263,2023-08-16 08:53:00,2023-08-16 18:28:25.683192,UPI_Fraud,460570.2,2119af9683bba04d@upi,Delhi
31401707286609,2023-05-09 06:48:00,2023-05-09 08:57:26.813757,UPI_Fraud,38274.43,edb30e13f1a3821d@upi,Gujarat
31401298606261,2023-04-01 13:16:00,2023-04-01 18:58:30.190581,KYC_Fraud,132990.68,6e54222dc745323c@upi,Uttar Pradesh
31402076632720,2023-06-30 17:03:00,2023-06-30 19:03:20.768926,Sextortion,82607.18,040c1f611eb42ce9@upi,West Bengal
31405059012035,2023-08-25 08:28:00,2023-08-25 17:55:02.496412,Investment_Scam,362388.35,25e15980a34119d6@upi,West Bengal
31405325668073,2023-05-29 02:11:00,2023-05-29 04:11:12.564723,UPI_Fraud,448106.21,3c8adec20ebc7ecc@upi,Gujarat
31406952968330,2023-06-03 07:04:00,2023-06-03 18:44:48.178737,Investment_Scam,392379.1,ec7e68e5d9782dd2@upi,Kerala
31407334250083,2023-03-25 14:49:00,2023-03-25 21:33:47.502052,UPI_Fraud,172466.7,3da0d543bb6c4c0f@upi,Gujarat
31405599874257,2023-02-15 13:56:00,2023-02-15 15:07:26.300188,UPI_Fraud,154668.48,d3503cdd07a76e2f@upi,Delhi
31409321144207,2023-07-14 14:23:00,2023-07-15 01:24:01.021779,UPI_Fraud,414146.05,67b29c8559f11dce@upi,Karnataka
31403761175025,2023-06-30 23:51:00,2023-07-01 09:17:11.361901,Investment_Scam,28409.83,9ad82182ead0fba7@upi,Telangana
31405493831892,2023-11-14 08:56:00,2023-11-14 11:16:24.232442,UPI_Fraud,364332.85,a7725f1729a11e9a@upi,West Bengal
31404025751021,2023-04-13 05:20:00,2023-04-13 10:27:26.852369,UPI_Fraud,122904.16,02ae516d1d2fd9f9@upi,Delhi
31407061665222,2023-12-08 14:03:00,2023-12-09 05:11:25.816199,KYC_Fraud,217088.31,e500c9e498d732fc@upi,Karnataka
31406504490487,2023-01-30 04:24:00,2023-01-30 14:34:52.779500,UPI_Fraud,143004.9,eceb974fb106da17@upi,Rajasthan
31407511816352,2023-02-16 21:35:00,2023-02-17 16:52:34.073452,Investment_Scam,48443.35,a85dc85b910de8fb@upi,Kerala
31403488671987,2023-07-21 01:08:00,2023-07-21 01:56:08.771411,UPI_Fraud,317932.68,4d3d6e8a9d6c2263@upi,Tamil Nadu
31402149523620,2023-09-30 03:47:00,2023-09-30 16:36:55.457151,KYC_Fraud,60232.82,a34fc46ca7398755@upi,Maharashtra
31407080657173,2023-07-10 18:35:00,2023-07-10 20:14:06.918690,Sextortion,229918.69,a7d3dd3cb0ab4de4@upi,Karnataka
31403392791797,2023-04-14 14:31:00,2023-04-14 17:28:04.408557,UPI_Fraud,35428.7,0f108ded4e10a78b@upi,Rajasthan
31405590169778,2023-05-21 05:05:00,2023-05-21 16:34:55.492453,Investment_Scam,87089.88,30e3b2726849cf25@upi,Maharashtra
31409549267669,2023-03-04 16:11:00,2023-03-04 18:23:17.156899,Investment_Scam,162872.17,30bc88d810aef42b@upi,Kerala
31405952222188,2023-09-28 03:31:00,2023-09-29 08:46:30.945851,UPI_Fraud,454220.38,0766e1d476d3074f@upi,Maharashtra
31404398201604,2023-12-05 10:51:00,2023-12-05 16:38:22.386168,Investment_Scam,423206.26,85325f4fb0095b84@upi,Gujarat
31409970970375,2023-08-04 18:05:00,2023-08-04 21:19:37.873307,Investment_Scam,483847.28,3a7a7ffa6de3098d@upi,Delhi
31407523926100,2023-07-12 04:26:00,2023-07-12 06:01:20.080276,Sextortion,360061.27,6719077e3a6cd655@upi,Delhi
31407470672068,2023-07-23 15:58:00,2023-07-23 20:14:14.768612,KYC_Fraud,406307.09,6da47df28d1aad11@upi,Uttar Pradesh
31405245951636,2023-05-31 01:55:00,2023-05-31 06:25:38.960591,UPI_Fraud,163302.95,801c737176bab764@upi,Gujarat
31403019636718,2023-04-24 15:54:00,2023-04-25 09:14:13.089447,Sextortion,15956.82,394194a39a57bcc6@upi,West Bengal
31403619755202,2023-05-04 00:48:00,2023-05-04 05:02:36.583586,UPI_Fraud,211711.18,25b04eca97925f46@upi,Tamil Nadu
31409048027955,2023-04-07 04:56:00,2023-04-07 08:27:32.800315,KYC_Fraud,306697.34,ce42adff5fb0bcc0@upi,West Bengal
31404013758771,2023-02-28 00:49:00,2023-03-01 04:17:36.671872,UPI_Fraud,37726.97,095c1c65e3981f27@upi,Gujarat
31405144165399,2023-10-16 12:19:00,2023-10-16 14:38:20.361668,Investment_Scam,319818.26,b0c598b744054043@upi,Gujarat
31406888826640,2023-05-08 21:28:00,2023-05-09 00:48:21.166532,UPI_Fraud,221689.27,4b2f70600e0981d6@upi,Rajasthan
31404240953468,2023-08-06 09:16:00,2023-08-06 11:54:35.260209,UPI_Fraud,278414.5,3c0b67ba74cbafec@upi,Rajasthan
31404470872638,2023-03-23 19:40:00,2023-03-24 00:36:04.367442,UPI_Fraud,306686.51,400a95ae23792cbd@upi,Karnataka
31408753195161,2023-12-11 02:15:00,2023-12-11 03:18:27.772102,Investment_Scam,279307.07,98768ceed9627cfa@upi,Tamil Nadu
31404629535085,2023-01-22 10:54:00,2023-01-22 15:01:23.314624,UPI_Fraud,303531.85,2cea95cfb3bfcf81@upi,Uttar Pradesh
31407505579705,2023-11-18 20:33:00,2023-11-19 01:56:46.273136,KYC_Fraud,192897.31,3fdb81fcdd99b495@upi,Kerala
31401067148347,2023-03-14 00:31:00,2023-03-14 01:26:39.945121,UPI_Fraud,302857.46,a77e1110504ea4de@upi,Uttar Pradesh
31406622182172,2023-03-06 18:25:00,2023-03-07 05:43:51.274935,Investment_Scam,310006.49,7fe57d0ff66463b7@upi,Tamil Nadu
31405666774006,2023-02-17 20:58:00,2023-02-18 05:06:51.603532,UPI_Fraud,34739.58,15bc62bab6812a87@upi,Maharashtra
31405204272217,2023-10-28 03:06:00,2023-10-28 19:32:39.191943,UPI_Fraud,230624.58,8b2f80b612ad4abe@upi,Maharashtra
31403505350127,2023-05-18 03:08:00,2023-05-18 06:10:54.237911,Investment_Scam,488733.41,78412091d3702307@upi,Maharashtra
31402671116224,2023-11-26 17:26:00,2023-11-27 00:15:26.563786,Investment_Scam,55386.49,4bda3ec42f7024ac@upi,Telangana
31406728229234,2023-05-07 14:14:00,2023-05-07 18:57:49.626653,Investment_Scam,498168.52,f1768bad6f1e3ce2@upi,Maharashtra
31406060420533,2023-02-12 08:41:00,2023-02-13 01:54:48.854274,KYC_Fraud,109972.09,249a5fdb3aa3e639@upi,Gujarat
31403395490954,2023-09-02 22:46:00,2023-09-03 00:48:48.161220,UPI_Fraud,131304.29,218c5d6d080619a2@upi,West Bengal
31407745283574,2023-07-22 17:02:00,2023-07-22 19:16:48.091487,UPI_Fraud,302576.93,f21c8fbd73df9e0e@upi,Karnataka
31405606664495,2023-04-04 15:54:00,2023-04-04 22:38:19.556636,KYC_Fraud,467028.15,c05a5b6ef117bd25@upi,West Bengal
31409356650985,2023-06-23 02:09:00,2023-06-23 09:11:47.410064,Investment_Scam,134145.01,a40844e151329aea@upi,West Bengal
31401352864351,2023-06-28 13:41:00,2023-06-28 14:48:55.084903,KYC_Fraud,173467.33,96739c6dc7f02b5f@upi,Maharashtra
31402870223801,2023-07-01 04:08:00,2023-07-01 07:19:28.335439,UPI_Fraud,395812.94,0f402318041204af@upi,Karnataka
31405799679296,2023-02-27 10:58:00,2023-02-27 13:24:42.827923,Investment_Scam,328167.94,10e4948592a3bbc6@upi,Telangana
31401989079008,2023-12-01 17:33:00,2023-12-02 18:33:45.198666,Investment_Scam,394697.88,8595d99a4d487472@upi,Kerala
31405279954165,2023-07-04 12:03:00,2023-07-04 12:53:53.608819,Investment_Scam,23872.52,c6add401e808d068@upi,Maharashtra
31402733382243,2023-11-07 02:13:00,2023-11-08 01:00:09.311790,UPI_Fraud,210300.86,562772d2f729f0a9@upi,Tamil Nadu
31406115362141,2023-02-07 20:47:00,2023-02-08 16:37:25.923746,Sextortion,375920.55,99a3e1da6dbb6224@upi,Delhi
31407479045398,2023-04-19 14:19:00,2023-04-19 19:11:50.391134,Investment_Scam,404863.82,2a5119a5778f8fb7@upi,Maharashtra
31405827677864,2023-07-15 11:59:00,2023-07-16 17:03:02.436912,UPI_Fraud,373840.11,b54aa42950315b45@upi,Kerala
31405557536041,2023-02-21 23:24:00,2023-02-22 00:00:55.042718,KYC_Fraud,115869.46,028202be514e6b30@upi,Gujarat
31403163264852,2023-12-18 04:35:00,2023-12-18 05:42:14.070442,UPI_Fraud,123573.96,43e2188fe6ee0e8f@upi,Maharashtra
31402215998965,2023-08-01 08:05:00,2023-08-02 03:10:14.763671,Investment_Scam,256534.91,e3af0705ba5a43fa@upi,Tamil Nadu
31406289792276,2023-04-28 04:41:00,2023-04-28 07:55:26.224063,Investment_Scam,213112.87,186923cec964032c@upi,Tamil Nadu
31407445602090,2023-10-12 14:36:00,2023-10-13 00:36:12.201606,Investment_Scam,363745.32,dd9de6b05ff51602@upi,Uttar Pradesh
31403142084511,2023-04-22 22:44:00,2023-04-23 10:37:29.094349,Investment_Scam,89067.77,9fb71d78ccc4f2b1@upi,Maharashtra
31404738295242,2023-07-28 10:31:00,2023-07-28 21:44:42.569881,KYC_Fraud,128353.05,1b31c8b8b88df13f@upi,Kerala
31407471694042,2023-04-25 03:33:00,2023-04-27 06:17:24.352939,UPI_Fraud,38288.76,3ba14a4de4ea92d7@upi,Tamil Nadu
31402615200713,2023-05-07 18:53:00,2023-05-08 01:47:35.755907,UPI_Fraud,480332.77,91b86f426cd2cf59@upi,West Bengal
31408371733550,2023-12-29 08:46:00,2023-12-29 16:25:46.091045,Investment_Scam,211813.72,2bc3bef98dc93ad5@upi,Kerala
31403875445042,2023-12-20 18:12:00,2023-12-21 00:39:57.788035,KYC_Fraud,319395.27,131a7708363db506@upi,Maharashtra
31403019525983,2023-09-02 06:23:00,2023-09-02 08:02:20.285906,UPI_Fraud,448880.64,cb2c0cd8e1ad8e96@upi,Gujarat
31409420529594,2023-11-10 16:38:00,2023-11-11 01:13:40.626298,Investment_Scam,18880.78,ba7b0c09f0862541@upi,Maharashtra
31408091035143,2023-06-20 02:14:00,2023-06-20 05:40:48.449004,KYC_Fraud,441966.09,2e4345eca1b5a34c@upi,Tamil Nadu
31405138987631,2023-06-05 08:55:00,2023-06-05 15:21:59.695768,KYC_Fraud,237877.07,91ff603347d3f90a@upi,Tamil Nadu
31406210738650,2023-12-02 08:50:00,2023-12-02 11:52:29.082490,Investment_Scam,260175.28,c3f72c30b76aac18@upi,Delhi
31409475127170,2023-09-28 02:10:00,2023-09-28 04:27:07.319992,UPI_Fraud,200034.78,f35ffc0e034418d5@upi,West Bengal
31405206233810,2023-05-26 18:47:00,2023-05-26 19:57:32.423569,KYC_Fraud,425484.66,d95d8cbc786fbe44@upi,Uttar Pradesh
31403590290331,2023-11-09 16:44:00,2023-11-09 20:50:26.804522,Investment_Scam,261550.42,bcb12092e26eaceb@upi,Tamil Nadu
31405171672242,2023-12-01 19:28:00,2023-12-01 20:09:10.402615,UPI_Fraud,181755.06,83a3a20e0d2167a6@upi,West Bengal
31406126063652,2023-02-28 22:03:00,2023-03-01 06:22:43.441864,Investment_Scam,364141.5,5f314f6228b18b11@upi,Kerala
31407216156089,2023-04-17 10:01:00,2023-04-17 13:39:11.716347,UPI_Fraud,404202.37,569e825e4e2fc336@upi,West Bengal
31401969536227,2023-07-26 15:24:00,2023-07-28 04:22:15.834321,Investment_Scam,218774.78,150079c7a6c509ea@upi,Kerala
31408932126721,2023-12-23 15:44:00,2023-12-24 08:49:16.016814,KYC_Fraud,17167.85,72757e65d62df2f2@upi,Delhi
31408935647346,2023-07-11 11:28:00,2023-07-11 12:54:53.667881,UPI_Fraud,334617.13,69ba46e56681a663@upi,Tamil Nadu
31407551456806,2023-08-03 02:20:00,2023-08-03 12:09:01.624597,Investment_Scam,319871.75,ba703db5e0293b48@upi,Kerala
31408167667127,2023-11-28 09:12:00,2023-11-28 15:18:50.620884,KYC_Fraud,199243.88,0f39aa3b13e7e3c0@upi,West Bengal
31405952286803,2023-02-28 07:44:00,2023-02-28 10:49:38.702403,Sextortion,258459.23,2647f966c1839f83@upi,Maharashtra
31405476808046,2023-08-06 01:49:00,2023-08-06 02:54:56.527815,UPI_Fraud,412697.16,aac943362d1a75d3@upi,Karnataka
31402128077136,2023-11-14 16:37:00,2023-11-16 08:35:01.580663,KYC_Fraud,120270.52,02faf74a5df7342a@upi,Telangana
31407449438374,2023-04-20 12:26:00,2023-04-20 20:03:45.329205,Investment_Scam,139671.16,7dfe46ee8d6ea258@upi,Gujarat
31406974106890,2023-07-26 03:31:00,2023-07-26 05:44:57.853155,UPI_Fraud,352484.93,7a10f6d97500d049@upi,Maharashtra
31403537478263,2023-01-28 07:00:00,2023-01-28 15:01:14.545041,Investment_Scam,139362.13,f716e35638c3dd12@upi,Telangana
31406790299255,2023-04-06 02:14:00,2023-04-06 04:51:00.579477,Investment_Scam,168283.4,577744147cf6f197@upi,West Bengal
31405989148945,2023-07-06 23:39:00,2023-07-07 04:26:30.645614,KYC_Fraud,223845.6,6877ffca8e5a30eb@upi,Tamil Nadu
31401888968406,2023-09-15 07:10:00,2023-09-15 15:16:03.517592,Sextortion,415059.51,18d4b8c5d301d3fc@upi,Kerala
31409043772074,2023-12-31 02:30:00,2023-12-31 13:28:05.855277,UPI_Fraud,211483.84,9c39fecd110d5cad@upi,Maharashtra
31407027164987,2023-10-18 19:10:00,2023-10-19 10:16:05.562023,Investment_Scam,163261.21,07e0cebd234c62cb@upi,Telangana
31408573355606,2023-10-18 21:37:00,2023-10-19 00:04:56.126081,UPI_Fraud,459135.62,04e45c79972ecbeb@upi,Maharashtra
31401806590211,2023-12-22 22:14:00,2023-12-23 01:53:08.557992,Sextortion,213259.41,4214d918811a3778@upi,Kerala
31402814328100,2023-12-05 03:28:00,2023-12-05 07:58:11.926139,KYC_Fraud,226723.96,c08d00055da1c6f6@upi,Kerala
31409453903843,2023-03-02 10:24:00,2023-03-02 17:47:16.987811,Sextortion,465278.36,cfaa503a4b7ef3b4@upi,Gujarat
31409666138082,2023-01-28 04:58:00,2023-01-28 06:04:21.376726,Investment_Scam,227099.09,f6b2ba68fde1e997@upi,Karnataka
31409482424166,2023-09-03 16:41:00,2023-09-04 01:38:05.036043,UPI_Fraud,232834.53,76e37cd876827e1a@upi,Karnataka
31403838235948,2023-06-04 22:53:00,2023-06-05 21:01:22.952909,UPI_Fraud,471429.07,8687a4cc583aa0ae@upi,Telangana
31406705373934,2023-05-13 22:40:00,2023-05-14 04:01:13.146777,UPI_Fraud,281796.98,82040f84c6d17a60@upi,Maharashtra
31403317722687,2023-03-05 06:03:00,2023-03-05 10:46:50.581936,Investment_Scam,110041.61,a016bd797b31afda@upi,Tamil Nadu
31408031248579,2023-08-02 17:46:00,2023-08-03 02:14:37.668869,UPI_Fraud,345843.72,87cc051ae08428cf@upi,Maharashtra
31404194546267,2023-02-28 10:14:00,2023-02-28 14:25:30.287229,KYC_Fraud,403377.36,c944a5acdd141b53@upi,Tamil Nadu
31405062774681,2023-05-11 23:25:00,2023-05-12 00:54:13.502867,Investment_Scam,145736.14,09faa805bb9366e1@upi,Uttar Pradesh
31409812428062,2023-01-26 10:07:00,2023-01-26 13:23:43.441109,UPI_Fraud,301100.56,800f97ed69d44439@upi,Uttar Pradesh
31401843122457,2023-01-08 07:25:00,2023-01-08 12:51:48.415366,KYC_Fraud,442628.26,308677e52b368b05@upi,Gujarat
31401711112738,2023-02-14 14:55:00,2023-02-14 17:00:58.341415,UPI_Fraud,371338.78,dbb971a3623d9970@upi,West Bengal
31406033456676,2023-09-13 08:34:00,2023-09-13 11:01:06.212166,Investment_Scam,305489.38,aefb9520732cf5fc@upi,Rajasthan
31408579600810,2023-09-21 14:30:00,2023-09-21 16:52:16.986889,KYC_Fraud,72689.09,c00017baec900020@upi,Gujarat
31402751373252,2023-11-05 22:11:00,2023-11-06 04:29:57.166001,Sextortion,51700.71,3dcd069dfca35470@upi,Karnataka
31408032224566,2023-03-12 11:57:00,2023-03-12 18:03:03.543250,UPI_Fraud,239862.53,e443efdf9bae5f0d@upi,Tamil Nadu
31405212504921,2023-08-04 09:31:00,2023-08-04 12:59:07.824042,Sextortion,382053.33,5e7a22b24305ff3a@upi,West Bengal
31408852557197,2023-03-13 07:43:00,2023-03-13 11:14:12.526717,UPI_Fraud,401163.67,f2096f718ea48500@upi,West Bengal
31405344916148,2023-04-03 23:59:00,2023-04-04 02:50:40.755858,UPI_Fraud,158214.72,6db4b99434e0bedb@upi,Uttar Pradesh
31403661938865,2023-04-11 21:03:00,2023-04-12 10:23:08.025117,UPI_Fraud,177896.12,2a925c837b42a9e9@upi,West Bengal
31406279874658,2023-10-05 01:30:00,2023-10-05 09:26:58.737444,KYC_Fraud,77202.76,2c44e83fabfdabca@upi,Tamil Nadu
31407904357916,2023-09-23 07:45:00,2023-09-23 08:30:04.906520,UPI_Fraud,11539.04,73fce4396c794458@upi,Gujarat
31408690830074,2023-05-25 00:54:00,2023-05-25 05:12:09.741957,KYC_Fraud,148140.33,e1884fc3fe5d9847@upi,Karnataka
31402971115489,2023-09-22 21:12:00,2023-09-23 02:36:55.152119,UPI_Fraud,278146.39,9dbe3525d7d0e203@upi,West Bengal
31406176976974,2023-04-16 14:14:00,2023-04-17 05:28:20.140361,Sextortion,445864.46,022fec248c97806e@upi,Uttar Pradesh
31402935086388,2023-08-06 20:17:00,2023-08-07 01:25:19.721449,Investment_Scam,331466.96,0c5b61c0cc49dd4e@upi,Tamil Nadu
31405343186989,2023-07-30 06:56:00,2023-07-30 10:20:38.030082,UPI_Fraud,232455.06,8763dc761991d7fd@upi,Rajasthan
31408276451319,2023-08-12 07:12:00,2023-08-12 20:03:50.351028,KYC_Fraud,410749.59,3963b6f6f79dd7db@upi,Tamil Nadu
31405848160567,2023-03-18 13:30:00,2023-03-18 20:08:42.547883,Sextortion,373385.28,45c70d67d95dee88@upi,Tamil Nadu
31404906807949,2023-07-10 05:55:00,2023-07-10 10:02:52.220317,UPI_Fraud,146535.1,230e4faa1b38ab5a@upi,Delhi
31402028218381,2023-08-25 21:33:00,2023-08-26 03:05:53.109917,Investment_Scam,283795.31,6db21f4c4eca72d8@upi,Rajasthan
31408446261443,2023-01-06 13:31:00,2023-01-06 23:46:52.868661,KYC_Fraud,190021.46,f8f70366a172abf6@upi,Maharashtra
31406463538963,2023-11-11 04:51:00,2023-11-11 06:20:18.272860,UPI_Fraud,438295.17,d2a18138bda39826@upi,Gujarat
31408703296984,2023-01-13 12:41:00,2023-01-13 21:32:30.027900,KYC_Fraud,317391.18,8b4c144bb4ae4afc@upi,Maharashtra
31408407967445,2023-09-30 23:57:00,2023-10-01 05:06:57.480063,Sextortion,395048.2,870522376f60b02a@upi,Gujarat
31405967365201,2023-08-17 16:27:00,2023-08-18 00:24:43.802997,KYC_Fraud,85701.18,62cfc22d05ce7763@upi,Karnataka
31402912958498,2023-09-03 17:16:00,2023-09-03 23:41:19.365735,UPI_Fraud,356979.7,a2fa3041d552b090@upi,Karnataka
31407089723726,2023-09-26 10:20:00,2023-09-26 15:38:19.078858,KYC_Fraud,32271.73,4d615301bf0f358a@upi,Maharashtra
31407663194935,2023-04-26 14:08:00,2023-04-27 10:55:15.874746,UPI_Fraud,316897.95,e5f265e3ef332cfc@upi,Maharashtra
31409448559268,2023-11-09 19:08:00,2023-11-09 22:53:08.203129,KYC_Fraud,88733.0,793bb65021361c99@upi,Delhi
31404741550934,2023-11-27 01:15:00,2023-11-27 03:47:05.757568,Investment_Scam,147714.38,7cc7eb9a9438c1e2@upi,Maharashtra
31401599699079,2023-04-17 07:41:00,2023-04-17 13:54:50.969726,UPI_Fraud,377877.13,f067cd13d9bb540e@upi,Maharashtra
31402176052819,2023-08-09 20:20:00,2023-08-09 21:24:03.827072,KYC_Fraud,221245.08,efdb8fa983319ec0@upi,West Bengal
31404497317690,2023-08-21 16:34:00,2023-08-21 18:07:24.674761,Investment_Scam,153333.05,f35940835bdb022f@upi,Telangana
31401192944723,2023-04-25 01:39:00,2023-04-25 05:38:23.708787,Investment_Scam,342464.98,294291ddc1b5dcaf@upi,Tamil Nadu
31407147216849,2023-01-28 01:37:00,2023-01-28 07:10:18.295174,Sextortion,443579.01,18054a93ec8f02eb@upi,Uttar Pradesh
31408813785662,2023-08-02 16:42:00,2023-08-02 19:15:34.214262,Investment_Scam,276080.5,1dfa14d724111f5a@upi,Uttar Pradesh
31405363408245,2023-09-04 13:18:00,2023-09-04 13:53:35.011986,UPI_Fraud,176586.21,40b46b1908cf6f3c@upi,West Bengal
31404063506535,2023-07-03 00:41:00,2023-07-03 12:49:26.828831,Sextortion,101009.21,fb68a7d30e7700c4@upi,Karnataka
31403092800283,2023-05-17 14:15:00,2023-05-17 17:03:39.239029,KYC_Fraud,143745.5,90c719afbb7ddcc0@upi,Gujarat
31405788904832,2023-05-22 12:24:00,2023-05-22 18:14:14.899107,UPI_Fraud,96824.33,774f92e6569462f3@upi,West Bengal
31401846896682,2023-01-05 02:57:00,2023-01-05 12:12:19.183698,Sextortion,394261.03,f8e2a6843d0b843b@upi,Delhi
31404908026386,2023-04-15 20:43:00,2023-04-15 21:31:45.745626,KYC_Fraud,448825.8,c1a3db241cc61fca@upi,Gujarat
31402144846470,2023-05-12 22:47:00,2023-05-12 23:43:52.176311,Investment_Scam,143100.26,95602c880bb923a0@upi,Rajasthan
31402512702472,2023-03-07 02:57:00,2023-03-07 15:21:39.158882,KYC_Fraud,94938.1,6e8a7e20f88060bd@upi,Maharashtra
31404893160073,2023-10-21 14:57:00,2023-10-21 20:56:46.716609,UPI_Fraud,302080.16,b81bb0e12f7fe3b4@upi,Rajasthan
31401141941723,2023-10-04 23:56:00,2023-10-05 00:50:08.709045,UPI_Fraud,116775.27,178450fb5c068e0f@upi,Gujarat
31409905173342,2023-04-01 17:20:00,2023-04-01 18:39:44.281465,KYC_Fraud,287636.58,6c5210044e8bd8d5@upi,Gujarat
31404685303058,2023-07-11 02:39:00,2023-07-11 03:30:23.441703,UPI_Fraud,415010.03,7f8ba2c0a09c55cf@upi,Telangana
31408190355073,2023-08-25 20:54:00,2023-08-25 22:36:57.338716,UPI_Fraud,55162.3,02fe7675e52ed832@upi,Tamil Nadu
31401321278874,2023-12-15 04:08:00,2023-12-15 09:33:24.084620,Investment_Scam,312302.57,43b282632be789d4@upi,Gujarat
31404347269395,2023-03-31 12:58:00,2023-03-31 18:48:54.748016,KYC_Fraud,285015.28,e2008e1b14bdb6c8@upi,Tamil Nadu
31407160405051,2023-08-08 08:38:00,2023-08-08 12:49:43.994188,UPI_Fraud,34671.27,eecf10e34e5265e4@upi,Uttar Pradesh
31405131743298,2023-12-11 11:00:00,2023-12-11 18:01:59.868425,Investment_Scam,120995.6,450ed2cd4f37f2a0@upi,Maharashtra
31405975306172,2023-11-17 09:53:00,2023-11-17 15:46:22.795676,UPI_Fraud,448983.25,735d7382bc84f337@upi,West Bengal
31406312606778,2023-07-09 14:16:00,2023-07-09 21:14:51.763027,UPI_Fraud,112439.09,ad5fe18df494f9d9@upi,Maharashtra
31406383841693,2023-06-15 16:47:00,2023-06-16 08:10:29.501017,UPI_Fraud,196685.72,8cd344c9dfe0dd5c@upi,Tamil Nadu
31409199872651,2023-10-10 12:48:00,2023-10-10 17:00:03.749389,UPI_Fraud,110080.91,55b4926e5d4cc375@upi,Tamil Nadu
31406002384282,2023-07-16 21:57:00,2023-07-17 04:13:18.655506,UPI_Fraud,243042.13,f79cd1fb09127f5f@upi,Uttar Pradesh
31404196570895,2023-07-17 17:17:00,2023-07-19 01:00:37.940160,UPI_Fraud,464769.9,7ed13f42d8359663@upi,Gujarat
31406151325644,2023-02-13 22:14:00,2023-02-14 06:29:00.088187,Investment_Scam,47633.49,5fb01e701e601441@upi,Delhi
31407854923177,2023-04-10 02:31:00,2023-04-10 07:45:36.293195,Sextortion,32925.06,febf24426daa34df@upi,West Bengal
31401749837019,2023-11-13 16:06:00,2023-11-13 18:54:52.184877,UPI_Fraud,212454.53,4a013702888d6ac4@upi,Kerala
31408136149440,2023-05-08 13:36:00,2023-05-08 16:57:27.097275,UPI_Fraud,203677.06,026a402f7a19d725@upi,Uttar Pradesh
31407086069008,2023-10-23 15:27:00,2023-10-23 20:23:54.325222,KYC_Fraud,56907.24,0bd8573ba3901c0d@upi,West Bengal
31406333253644,2023-10-07 14:42:00,2023-10-07 15:40:58.233636,UPI_Fraud,163394.57,e3d62aedfb9d3703@upi,Karnataka
31408704095706,2023-09-21 06:55:00,2023-09-21 07:23:10.123390,UPI_Fraud,149992.8,1b753779d07e2b97@upi,Kerala
31401906882105,2023-08-18 17:49:00,2023-08-18 20:07:32.333678,Investment_Scam,219944.37,4d9d93596a6dbe06@upi,Karnataka
31409927297584,2023-06-20 12:22:00,2023-06-20 17:35:00.356472,KYC_Fraud,221337.84,20d1004be5275449@upi,Uttar Pradesh
31405359333345,2023-04-03 22:05:00,2023-04-04 13:48:05.105051,UPI_Fraud,423664.04,31c96105af812635@upi,West Bengal
31406261851552,2023-04-06 08:36:00,2023-04-06 12:28:50.884027,KYC_Fraud,284108.66,56d780b6aabce5d8@upi,Kerala
31401296075851,2023-05-19 10:16:00,2023-05-19 15:45:25.262118,Investment_Scam,168929.45,5a2853871bbc3b2e@upi,Maharashtra
31408383434331,2023-10-24 18:04:00,2023-10-24 23:56:32.887538,Investment_Scam,74878.26,392ff47fb759eb21@upi,Tamil Nadu
31402980207351,2023-09-04 10:12:00,2023-09-04 16:15:40.548302,Sextortion,22627.1,82a072edd58e79aa@upi,Gujarat
31405178166750,2023-09-27 00:17:00,2023-09-27 07:15:59.380631,UPI_Fraud,160536.04,044beed55d80dc2b@upi,Gujarat
31405627423268,2023-01-30 01:44:00,2023-01-30 03:08:59.107176,Investment_Scam,226703.62,1e53c2e9292b4b76@upi,Kerala
31402793148002,2023-07-25 09:56:00,2023-07-25 11:27:51.189409,KYC_Fraud,35671.73,b82c83e33c343e84@upi,Delhi
31405176724578,2023-04-26 15:33:00,2023-04-27 07:42:42.375753,UPI_Fraud,125147.2,7138f04a79804589@upi,Telangana
31402990835257,2023-08-02 12:06:00,2023-08-02 15:11:03.626506,KYC_Fraud,463967.26,51cba92f234ec17c@upi,Kerala
31404519810956,2023-02-23 10:15:00,2023-02-23 12:56:54.915985,Investment_Scam,202518.6,9bbadf1ea0aacb76@upi,Telangana
31407565312196,2023-07-06 15:05:00,2023-07-06 17:19:41.353315,UPI_Fraud,351880.99,2c66670eaef4dee4@upi,Uttar Pradesh
31401427768257,2023-09-03 01:25:00,2023-09-03 14:09:41.794016,UPI_Fraud,357625.04,d3e68396d863f181@upi,West Bengal
31408920469706,2023-09-20 14:54:00,2023-09-20 17:17:11.001277,Investment_Scam,417858.13,81db70f41785c665@upi,Maharashtra
31403619098443,2023-03-04 16:55:00,2023-03-04 21:43:22.709584,UPI_Fraud,52919.74,6942d07ea440a530@upi,Kerala
31402058106413,2023-07-27 03:27:00,2023-07-27 08:36:51.774764,UPI_Fraud,147075.52,79a8772dff7b3fdb@upi,Kerala
31402121266971,2023-03-12 12:51:00,2023-03-12 15:33:27.534430,Investment_Scam,226632.45,45243675010d84fb@upi,Delhi
31406300540428,2023-08-16 14:45:00,2023-08-16 15:47:35.893350,UPI_Fraud,155232.08,90ccc2d3d41485de@upi,Gujarat
31405004093246,2023-10-12 19:24:00,2023-10-13 01:16:37.017480,UPI_Fraud,186926.62,4a2108204892de8a@upi,Tamil Nadu
31404321198036,2023-08-12 15:17:00,2023-08-13 12:46:40.125927,UPI_Fraud,324337.2,9c933ed3540d2b7d@upi,Uttar Pradesh
31402496058421,2023-01-22 19:51:00,2023-01-22 21:44:50.745413,UPI_Fraud,69834.64,e7dabff5801a84c0@upi,Delhi
31407426278112,2023-02-07 05:51:00,2023-02-07 17:44:07.512840,Investment_Scam,413931.72,c171b589b00915b9@upi,Karnataka
31405859031791,2023-01-05 19:22:00,2023-01-06 02:52:19.583932,KYC_Fraud,186632.51,2a1810e23521088f@upi,Kerala
31409290879608,2023-11-20 11:33:00,2023-11-20 15:47:30.955671,Investment_Scam,67467.27,bf83fdd147835180@upi,Kerala
31408167342036,2023-06-08 02:56:00,2023-06-08 05:44:46.054610,Investment_Scam,322571.92,e2f19358960dc1b8@upi,Telangana
31408107744707,2023-10-15 01:58:00,2023-10-15 02:55:56.039594,UPI_Fraud,286473.59,bf37d8c9ea7f02f5@upi,Gujarat
31404117574820,2023-09-02 10:23:00,2023-09-02 11:04:01.876371,KYC_Fraud,282533.44,5056c4fc4739600d@upi,Uttar Pradesh
31409508113048,2023-11-23 14:49:00,2023-11-23 18:30:02.321064,Investment_Scam,105554.4,b15f4e8b57339c3b@upi,Telangana
31405296099346,2023-04-16 06:01:00,2023-04-16 06:51:59.671396,Investment_Scam,260702.91,6a6e914928a94ec7@upi,Delhi
31406869831995,2023-10-23 17:42:00,2023-10-23 19:20:18.301872,UPI_Fraud,237392.68,33522c9bdbaf3bad@upi,Kerala
31401026366182,2023-10-23 00:12:00,2023-10-23 03:22:38.190199,Investment_Scam,329595.32,d1834d35c9ee5ba3@upi,Telangana
31406833309650,2023-09-03 15:44:00,2023-09-04 04:50:12.947800,UPI_Fraud,369734.12,e8c8577ea9141637@upi,Karnataka
31402631433857,2023-06-09 01:11:00,2023-06-09 07:23:19.819298,UPI_Fraud,238015.1,8c8e8c2707466b4c@upi,Rajasthan
31404817192378,2023-01-10 01:47:00,2023-01-10 06:37:05.934920,Investment_Scam,278591.15,8e9be22c03d9e1cb@upi,West Bengal
31401415261062,2023-06-08 13:01:00,2023-06-08 16:25:43.283381,UPI_Fraud,446288.32,18112bd2a6ccbb73@upi,Uttar Pradesh
31406415778654,2023-05-05 06:23:00,2023-05-05 15:33:40.452479,KYC_Fraud,72467.98,ed25b3310f976d9c@upi,Karnataka
31407162950114,2023-05-08 11:21:00,2023-05-08 11:53:42.406947,UPI_Fraud,360212.23,b92b6e9f899d8fd9@upi,Uttar Pradesh
31402748643458,2023-01-22 13:15:00,2023-01-22 23:59:11.806826,Investment_Scam,294785.76,292f6186c375903b@upi,Gujarat
31405266268309,2023-12-31 15:58:00,2023-12-31 18:41:32.625559,Sextortion,169653.5,f11598245b195848@upi,Delhi
31407032907085,2023-08-19 13:05:00,2023-08-19 21:31:07.601860,KYC_Fraud,72411.04,a90e52c63855a5a6@upi,Maharashtra
31407696043703,2023-06-18 21:46:00,2023-06-19 03:45:21.003429,Investment_Scam,165948.4,2e731df693beb9f9@upi,Uttar Pradesh
31407229868876,2023-12-09 07:58:00,2023-12-09 16:26:06.975914,UPI_Fraud,168136.02,5234e2681fb4977e@upi,Delhi
31406840982700,2023-04-20 21:22:00,2023-04-21 00:35:50.298693,KYC_Fraud,448258.15,0ed49487d597b523@upi,Uttar Pradesh
31404659701795,2023-10-18 04:08:00,2023-10-18 21:06:57.349012,UPI_Fraud,336471.25,3a84fdc33508e322@upi,Telangana
31402952105337,2023-08-07 07:54:00,2023-08-07 13:31:17.267633,Investment_Scam,77627.59,38fd75ab3f30c2f6@upi,Gujarat
31407216535456,2023-02-23 23:10:00,2023-02-24 12:13:08.053133,Sextortion,295530.08,e41466061105f4e8@upi,Maharashtra
31406331306708,2023-02-27 20:46:00,2023-02-28 01:40:34.485798,UPI_Fraud,249627.53,cafd7e8e5e09f087@upi,Uttar Pradesh
31405321613681,2023-11-22 07:28:00,2023-11-22 09:08:17.725471,KYC_Fraud,336642.37,087d1b274c895998@upi,Uttar Pradesh
31407943372427,2023-04-19 19:08:00,2023-04-20 13:38:52.365132,KYC_Fraud,218709.48,fed6a0b55d80fbac@upi,Delhi
31408333974485,2023-04-12 12:42:00,2023-04-12 15:31:49.776404,Investment_Scam,426480.07,09eb3419a9745adb@upi,Delhi
31409053744285,2023-07-19 09:25:00,2023-07-19 10:12:17.212925,UPI_Fraud,244460.62,1b6df1573ac24ffc@upi,Rajasthan
31405300074012,2023-01-20 23:18:00,2023-01-21 01:24:55.851649,UPI_Fraud,154875.87,e15635324afef7f6@upi,Tamil Nadu
31406016370020,2023-04-08 10:18:00,2023-04-08 14:35:07.837968,Investment_Scam,133632.84,24e643baebc74702@upi,Tamil Nadu
31403138145433,2023-08-08 00:34:00,2023-08-08 06:53:42.876484,KYC_Fraud,188763.01,36ebcda7e8ca8c5d@upi,Gujarat
31409300230173,2023-11-13 03:24:00,2023-11-13 19:37:27.071191,KYC_Fraud,387519.14,ee953cbc6fe1c738@upi,Delhi
31404603451454,2023-04-27 04:45:00,2023-04-27 10:55:24.854983,Sextortion,418270.13,a34eda124c7becc8@upi,Tamil Nadu
31404379743124,2023-04-26 21:03:00,2023-04-27 02:23:29.178009,UPI_Fraud,380564.36,f88d24bd0a63aea0@upi,Kerala
31407990712779,2023-01-11 21:40:00,2023-01-12 00:19:57.834246,Investment_Scam,484967.69,4bd8066a7ff43612@upi,Kerala
31404828919066,2023-02-23 18:32:00,2023-02-23 21:43:13.338680,Investment_Scam,89342.27,5b56245ce0128a5c@upi,Maharashtra
31404926514301,2023-07-27 13:29:00,2023-07-27 19:34:55.540148,UPI_Fraud,310849.93,a069a748d2be8bed@upi,Telangana
31401650784890,2023-03-05 21:51:00,2023-03-06 02:11:51.211967,UPI_Fraud,233137.74,540d6d34de564912@upi,Rajasthan
31409674450239,2023-01-07 21:16:00,2023-01-10 00:55:17.210848,Investment_Scam,206716.27,3130a23abd9e06eb@upi,Uttar Pradesh
31408680965573,2023-06-10 00:43:00,2023-06-10 03:19:20.672989,UPI_Fraud,89703.8,fbdf11c16c6f1158@upi,Maharashtra
31406332149258,2023-05-12 10:53:00,2023-05-12 15:44:31.682377,Investment_Scam,437237.4,d799d9a9330ffa26@upi,Delhi
31406036467367,2023-01-08 23:18:00,2023-01-09 01:34:05.179293,UPI_Fraud,269685.47,6d15ef43c18a5e44@upi,Rajasthan
31402246237274,2023-05-26 15:34:00,2023-05-26 19:09:26.057891,Investment_Scam,49501.55,2bb65ef4ad770c01@upi,Kerala
31406066953485,2023-02-08 08:03:00,2023-02-08 09:28:11.854403,UPI_Fraud,164355.08,05d9cb0a7966aa7b@upi,Karnataka
31409971548012,2023-04-18 11:29:00,2023-04-18 12:35:50.787495,UPI_Fraud,342460.67,73c1232d5b4b4de7@upi,Kerala
31401515426989,2023-12-12 22:25:00,2023-12-13 00:02:50.219818,UPI_Fraud,363812.37,c4fd7cb5b3b86b81@upi,West Bengal
31409965764946,2023-06-01 21:18:00,2023-06-04 11:41:53.859472,Sextortion,339402.84,94d6f63ab19d86b2@upi,Maharashtra
31405582719929,2023-08-17 11:53:00,2023-08-17 19:30:38.581130,Investment_Scam,177505.17,be8983f366c5d07c@upi,Tamil Nadu
31403972470868,2023-11-28 22:28:00,2023-11-29 00:44:55.312794,Investment_Scam,325538.72,45d630ed37506629@upi,Telangana
31409804494265,2023-06-21 21:17:00,2023-06-22 00:16:41.781983,Investment_Scam,452177.61,8e5fcc4d4d7f23bb@upi,Tamil Nadu
31405397432434,2023-07-05 00:43:00,2023-07-05 06:55:28.846246,UPI_Fraud,401893.85,c44d8338f95263f6@upi,Tamil Nadu
31404861514508,2023-06-21 05:41:00,2023-06-21 20:41:16.073681,KYC_Fraud,303295.87,62a72b46f2d2fdbe@upi,Gujarat
31405710703680,2023-09-08 15:30:00,2023-09-10 10:59:08.922648,UPI_Fraud,316568.89,82d88b69efcf73c2@upi,Rajasthan
31406554188336,2023-05-30 04:22:00,2023-05-30 15:16:10.766305,KYC_Fraud,148848.39,068cb231d039902c@upi,Kerala
31407304451548,2023-09-08 06:57:00,2023-09-08 10:57:31.668862,UPI_Fraud,100384.94,522a65badd42c641@upi,Delhi
31402662995295,2023-01-06 11:46:00,2023-01-06 13:46:13.594456,KYC_Fraud,476683.5,e76a8f42f5a1372b@upi,Delhi
31402458698805,2023-01-08 22:57:00,2023-01-09 03:31:00.583722,UPI_Fraud,44866.28,ba7a465e61a11230@upi,Gujarat
31406970058651,2023-01-16 12:02:00,2023-01-16 13:25:19.207991,KYC_Fraud,283358.1,afb6585a70966e66@upi,Telangana
31402395521524,2023-11-23 14:06:00,2023-11-25 02:49:58.478589,UPI_Fraud,473525.74,83537c7c9fe41c3e@upi,West Bengal
31406908386144,2023-11-02 11:24:00,2023-11-02 19:32:12.482542,UPI_Fraud,70409.05,db4060301879ed71@upi,Rajasthan
31407354783100,2023-10-06 10:05:00,2023-10-06 16:15:00.040996,UPI_Fraud,197248.34,78cfb5c38ee21247@upi,Karnataka
31409734925584,2023-11-11 18:55:00,2023-11-12 00:01:32.713993,Investment_Scam,249925.6,d81d1683ecaac229@upi,West Bengal
31406660405443,2023-08-08 00:03:00,2023-08-08 05:03:17.139235,KYC_Fraud,164528.23,5ab65182c5db6734@upi,Telangana
31404798934693,2023-01-25 19:53:00,2023-01-26 03:19:38.737369,Investment_Scam,111813.88,3409e9d07e07a0ea@upi,Kerala
31409399420917,2023-10-28 17:46:00,2023-10-28 19:35:36.102748,KYC_Fraud,496332.16,a1c22d172367ec5f@upi,Telangana
31408019394169,2023-01-26 13:13:00,2023-01-26 14:25:23.807936,KYC_Fraud,120082.12,f49ea4ce91fb5dd8@upi,Rajasthan
31407846794263,2023-07-12 18:42:00,2023-07-12 21:09:57.415615,KYC_Fraud,215805.39,a51df696101acc29@upi,Maharashtra
31408608835406,2023-01-28 19:48:00,2023-01-29 08:58:10.114163,Sextortion,446167.65,87cad92e65ebcdb6@upi,Delhi
31404570925709,2023-06-17 15:37:00,2023-06-17 23:01:33.715783,Sextortion,76256.48,4033db100a1cc8ba@upi,Delhi
31409021909685,2023-06-22 13:07:00,2023-06-22 13:29:13.307937,UPI_Fraud,475143.82,ea99df697b9c2ca6@upi,Telangana
31407083209176,2023-10-09 07:20:00,2023-10-10 00:56:12.646633,Investment_Scam,215010.87,d036df3044e9deab@upi,Karnataka
31402743679520,2023-12-09 14:32:00,2023-12-09 15:55:33.793514,Investment_Scam,107418.89,f72723c2288b7429@upi,Karnataka
31405090189590,2023-03-29 18:46:00,2023-03-29 23:02:02.116399,KYC_Fraud,286307.53,7419f0963738d159@upi,Tamil Nadu
31402289291531,2023-12-13 08:52:00,2023-12-13 12:41:03.606916,Investment_Scam,400159.37,fad5cbcf2a4d463c@upi,Kerala
31405629245808,2023-10-23 15:44:00,2023-10-23 17:12:28.735100,UPI_Fraud,215358.74,f5ee5bb69c594618@upi,Maharashtra
31408069256928,2023-01-28 08:01:00,2023-01-28 12:20:26.299154,UPI_Fraud,13167.54,61e2d8223e4abb31@upi,Tamil Nadu
31406006297378,2023-11-27 05:05:00,2023-11-27 09:51:43.295617,Sextortion,95460.54,617e20d2bab877e7@upi,Delhi
31409119744820,2023-08-13 23:18:00,2023-08-14 02:25:35.173536,Investment_Scam,279760.52,5590915cce31e2d6@upi,West Bengal
31404863757592,2023-08-25 02:00:00,2023-08-25 07:38:07.573052,KYC_Fraud,302503.16,b964ddc6afc6741d@upi,Delhi
31403981950386,2023-07-30 15:53:00,2023-07-31 05:00:20.513353,Sextortion,290340.25,bbaf3f02a8b0828e@upi,Delhi
31408176173703,2023-12-02 11:39:00,2023-12-02 13:37:58.896533,Investment_Scam,298115.9,6cf7d73eadf5dbda@upi,Kerala
31405028542968,2023-03-11 08:47:00,2023-03-11 10:19:35.002725,UPI_Fraud,364305.1,a1b1b0b2c4e48c3b@upi,Kerala
31403672169163,2023-01-30 19:17:00,2023-01-30 21:28:01.104968,KYC_Fraud,16792.45,4c0944feeeafc246@upi,West Bengal
31404033453900,2023-01-09 12:08:00,2023-01-09 13:04:19.893997,UPI_Fraud,140338.87,d808e7485fc3520a@upi,Delhi
31407463511476,2023-11-04 04:54:00,2023-11-04 17:53:38.168034,KYC_Fraud,409878.73,debdc8be2ef6184e@upi,Uttar Pradesh
31403733513945,2023-04-19 09:30:00,2023-04-19 17:21:52.464152,UPI_Fraud,322859.5,65e22d42090564b9@upi,Rajasthan
31407731751864,2023-04-27 10:34:00,2023-04-27 13:35:33.122741,UPI_Fraud,456745.68,1e8b570b4f4e8db8@upi,Rajasthan
31407845173302,2023-11-04 06:01:00,2023-11-04 07:09:48.947088,Investment_Scam,466532.01,77323791caaf34e8@upi,Gujarat
31408379394375,2023-10-23 06:20:00,2023-10-23 10:04:48.541678,KYC_Fraud,385270.74,1b046e221c756ad8@upi,Rajasthan
31406800987204,2023-10-14 17:19:00,2023-10-14 23:58:28.815387,UPI_Fraud,74051.49,a458a9d0fa6b945c@upi,Karnataka
31405138848516,2023-06-02 12:57:00,2023-06-02 14:05:08.075797,Investment_Scam,162972.97,cab96474e727e59c@upi,Karnataka
31403107588169,2023-03-16 21:19:00,2023-03-17 03:41:09.258202,KYC_Fraud,123790.1,82c9eceffb3a9628@upi,Delhi
31408896365949,2023-11-14 15:23:00,2023-11-14 22:39:25.122659,UPI_Fraud,384944.98,81505285be6f291f@upi,Maharashtra
31409907179255,2023-12-24 03:06:00,2023-12-24 10:44:33.586830,UPI_Fraud,396105.37,3e44a84deba706e5@upi,Tamil Nadu
31405072691464,2023-08-20 18:07:00,2023-08-20 23:29:28.368842,Investment_Scam,277502.53,1b5f2c835b89a1e3@upi,Gujarat
31409344883569,2023-06-04 09:33:00,2023-06-04 11:38:53.635767,UPI_Fraud,456791.13,8608ca6e1438fc4b@upi,Karnataka
31404980358854,2023-08-03 05:28:00,2023-08-03 08:29:16.522272,Investment_Scam,123327.16,9161da7be526b717@upi,Delhi
31402559801400,2023-10-11 02:10:00,2023-10-11 06:01:01.018608,KYC_Fraud,77277.02,d6be50cb8c586fce@upi,Kerala
31409451527428,2023-06-25 20:53:00,2023-06-26 11:48:30.547669,KYC_Fraud,473417.35,294ec3fd70711bd7@upi,Tamil Nadu
31403137826017,2023-02-28 06:08:00,2023-02-28 15:51:55.350938,Sextortion,302941.59,bdb8bd7283b2a364@upi,West Bengal
31408493057110,2023-11-08 21:03:00,2023-11-09 16:37:15.439462,UPI_Fraud,431243.0,3c231657faa5d04d@upi,Maharashtra
31409145392585,2023-08-07 15:37:00,2023-08-08 08:35:20.611722,UPI_Fraud,105322.17,a0f75e9cadde49b3@upi,Kerala
31403258650429,2023-06-27 03:36:00,2023-06-29 09:23:43.818617,Investment_Scam,416067.4,5308e86f6edbf7ed@upi,Delhi
31401500669900,2023-06-24 02:51:00,2023-06-24 08:41:24.935886,Investment_Scam,355761.34,ae35003a1df2f0e2@upi,Maharashtra
31409024999045,2023-01-24 19:22:00,2023-01-24 20:18:55.827760,UPI_Fraud,44748.82,1060b2a279af1d01@upi,Karnataka
31406847876125,2023-10-19 22:07:00,2023-10-20 09:06:54.560360,Investment_Scam,318517.89,6627778c0faccd9e@upi,Rajasthan
31406737842637,2023-12-20 23:39:00,2023-12-21 01:15:42.846048,UPI_Fraud,276686.1,d552f8b748533a3f@upi,Maharashtra
31407940970031,2023-02-03 14:43:00,2023-02-03 18:01:37.077657,Investment_Scam,94082.22,0f1ad65543378e63@upi,Karnataka
31408274182906,2023-07-11 05:13:00,2023-07-11 10:46:20.561568,Investment_Scam,213421.37,9f2c367e9ecb304a@upi,Telangana
31407582555609,2023-09-02 21:34:00,2023-09-03 00:07:19.520385,KYC_Fraud,428088.81,151d8260d0e8560e@upi,Maharashtra
31409200082239,2023-09-30 15:57:00,2023-10-01 07:07:33.355092,UPI_Fraud,424370.23,7b68689a915b1865@upi,Telangana
31407837482650,2023-05-28 15:50:00,2023-05-29 01:46:07.031148,UPI_Fraud,110078.63,d360483171622837@upi,Telangana
31405439468155,2023-07-04 01:08:00,2023-07-04 10:07:04.927060,UPI_Fraud,412891.78,83ba5887d82ddd6a@upi,Tamil Nadu
31402862969587,2023-09-08 13:32:00,2023-09-11 21:42:35.925922,KYC_Fraud,465115.9,a2bbd14a2f29203e@upi,Maharashtra
31409849220064,2023-01-01 23:03:00,2023-01-01 23:33:29.181866,UPI_Fraud,314452.01,3ad37eb5c6e3317d@upi,Kerala
31401650600967,2023-04-15 22:35:00,2023-04-16 03:56:26.599134,Sextortion,62934.19,38172de70c053844@upi,Karnataka
31409590923983,2023-03-28 17:41:00,2023-03-29 03:32:15.249182,UPI_Fraud,231579.21,4c33d093c4bea6f0@upi,Maharashtra
31402905095170,2023-08-17 10:38:00,2023-08-17 11:42:39.749732,KYC_Fraud,439951.54,d00466dba4ffcefe@upi,Karnataka
31405056661220,2023-07-01 18:29:00,2023-07-01 22:06:26.304526,Sextortion,246783.72,a8db324facfdb708@upi,Kerala
31408018705949,2023-09-20 07:05:00,2023-09-21 03:15:13.302008,UPI_Fraud,273813.54,58332689d416f427@upi,Maharashtra
31406338824148,2023-02-21 17:42:00,2023-02-21 23:29:09.446653,KYC_Fraud,169681.86,9f39a0685c6ab47e@upi,Kerala
31405278932800,2023-07-03 18:05:00,2023-07-03 18:53:19.075686,UPI_Fraud,415486.61,384f87a17f6c5ecd@upi,Tamil Nadu
31405910498894,2023-11-24 00:53:00,2023-11-24 02:56:01.156642,UPI_Fraud,101690.89,c5ed1a30cccb44f4@upi,Rajasthan
31402989127292,2023-11-12 02:29:00,2023-11-12 04:34:47.608273,Investment_Scam,488973.17,d327db90c3ad5ef6@upi,Delhi
31406390160430,2023-02-11 01:00:00,2023-02-11 02:33:30.309269,UPI_Fraud,90500.55,294d95c2e507b44d@upi,West Bengal
31404653168905,2023-10-05 02:55:00,2023-10-05 04:28:18.116067,UPI_Fraud,169878.25,cb9fa8bf15d4a4db@upi,Karnataka
31408664908994,2023-10-18 17:00:00,2023-10-18 22:22:16.540349,UPI_Fraud,478169.61,9a60683f9a45ddf7@upi,Telangana
31407585122528,2023-01-16 11:58:00,2023-01-17 04:27:55.108992,KYC_Fraud,16482.12,fc8676e6a3807581@upi,Maharashtra
31407553517237,2023-04-10 09:42:00,2023-04-10 14:25:41.149233,Investment_Scam,440423.77,3d2337c8db88cc60@upi,Uttar Pradesh
31402956108773,2023-07-25 13:15:00,2023-07-25 18:57:50.771312,UPI_Fraud,348710.87,b2e3e791ec389fae@upi,Kerala
31409293109108,2023-05-05 16:36:00,2023-05-05 23:49:40.318739,Investment_Scam,335047.64,4ea91a930097779c@upi,Telangana
31409398913971,2023-02-27 05:18:00,2023-02-27 17:42:49.828490,UPI_Fraud,212623.1,2a17b5795aadef18@upi,Gujarat
31404287210047,2023-01-23 12:06:00,2023-01-23 23:08:25.041931,KYC_Fraud,66753.31,757013409a1de55b@upi,Telangana
31402535410450,2023-11-13 01:54:00,2023-11-13 14:50:15.821319,KYC_Fraud,258989.44,d197d95e274489e7@upi,Tamil Nadu
31401333798089,2023-04-29 15:13:00,2023-04-30 12:45:41.041690,Investment_Scam,320298.97,10391296d265566e@upi,Maharashtra
31403343811168,2023-06-18 08:22:00,2023-06-18 12:18:35.985451,KYC_Fraud,414711.05,e80ae379760509e4@upi,Karnataka
31401408297519,2023-02-12 06:40:00,2023-02-12 07:57:05.288014,Investment_Scam,184419.31,a624ff50d385a48f@upi,Gujarat
31407103456619,2023-03-31 01:29:00,2023-03-31 02:57:47.866110,KYC_Fraud,197240.51,a27b932eb377baae@upi,Maharashtra
31403012471770,2023-04-07 09:50:00,2023-04-07 11:53:06.375382,Investment_Scam,304463.29,ea1049248384ef38@upi,Rajasthan
31401650829939,2023-02-01 14:26:00,2023-02-01 16:02:28.895605,KYC_Fraud,104648.4,5ea4882b1d06781b@upi,Karnataka
31403342761238,2023-05-10 03:49:00,2023-05-10 07:02:43.070105,Investment_Scam,22420.82,3bd42b5cb95fedf9@upi,Kerala
31403392310090,2023-07-22 09:24:00,2023-07-22 19:23:05.892051,Investment_Scam,127993.87,a277552d9784086a@upi,Tamil Nadu
31402202557624,2023-02-10 12:23:00,2023-02-10 15:14:07.509310,UPI_Fraud,456304.87,7878fbab6ddda2f9@upi,Karnataka
31401361073271,2023-12-18 23:08:00,2023-12-19 01:10:07.213838,UPI_Fraud,64628.97,0c7d0bd91be18aaf@upi,Karnataka
31407316728321,2023-04-04 07:57:00,2023-04-04 14:07:08.131736,KYC_Fraud,281456.7,55a08fadaa1a3e1a@upi,Maharashtra
31404383567064,2023-10-01 09:47:00,2023-10-02 09:12:14.268894,UPI_Fraud,303692.77,d9956ae44079537a@upi,Maharashtra
31407650218023,2023-03-14 13:48:00,2023-03-17 07:02:01.571187,Investment_Scam,36710.84,314ff6665437dae9@upi,Telangana
31402476718827,2023-09-04 18:25:00,2023-09-04 23:11:52.369538,Sextortion,217647.36,0cb4fa04eec264fc@upi,Kerala
31401092637757,2023-06-23 16:17:00,2023-06-23 19:11:05.371021,Sextortion,281243.68,53f0e51f458f7500@upi,Maharashtra
31405920004580,2023-03-17 16:55:00,2023-03-18 00:02:00.662408,UPI_Fraud,222510.22,38a341c387bf6b0b@upi,Gujarat
31407541891463,2023-06-03 02:07:00,2023-06-03 20:10:20.071701,KYC_Fraud,424069.43,96ee3133eae53f34@upi,Maharashtra
31401974682190,2023-02-18 09:53:00,2023-02-18 19:00:14.603622,Investment_Scam,230671.69,8c19faaa8bd5ac32@upi,Gujarat
31403287090143,2023-12-14 05:15:00,2023-12-15 17:56:15.076523,UPI_Fraud,65293.16,952daf51a91e8b31@upi,Gujarat
31405287421430,2023-06-10 12:19:00,2023-06-10 15:47:07.451665,UPI_Fraud,483962.88,c7f66b5e1cfdc547@upi,Kerala
31402731573910,2023-01-02 13:43:00,2023-01-03 01:18:01.137926,Investment_Scam,356566.67,f253d605f12974cd@upi,West Bengal
31406240992529,2023-04-08 11:25:00,2023-04-08 15:38:23.393571,Investment_Scam,220094.5,0004a1a3a12705a4@upi,West Bengal
31408638524637,2023-03-07 09:08:00,2023-03-07 10:15:27.093200,UPI_Fraud,77800.42,bb6efc9b42a0c6a5@upi,Karnataka
31408555277041,2023-03-25 19:58:00,2023-03-25 21:20:33.182969,Sextortion,251257.53,2d7f04c671c24245@upi,West Bengal
31401090519346,2023-11-18 03:13:00,2023-11-18 03:54:50.509814,Investment_Scam,43535.95,9b32e2cba3851a8d@upi,Uttar Pradesh
31406294742512,2023-10-05 17:11:00,2023-10-06 03:49:09.567123,KYC_Fraud,310925.26,83b82ffcea8b671a@upi,Telangana
31405371840742,2023-02-20 07:06:00,2023-02-21 20:09:10.342226,UPI_Fraud,427188.82,b6061c939aa88bd7@upi,Telangana
31406084916146,2023-10-31 06:58:00,2023-11-01 01:05:06.431952,Investment_Scam,144318.98,7aced6cb9bbebdd4@upi,Delhi
31403740175660,2023-03-10 22:52:00,2023-03-12 14:40:32.932550,UPI_Fraud,113755.47,1fbd0c1ad65a3618@upi,Telangana
31403586630806,2023-11-24 20:56:00,2023-11-25 04:51:43.837226,Investment_Scam,430388.11,578ffffe9f15f020@upi,West Bengal
31407148456224,2023-02-04 22:13:00,2023-02-05 09:13:09.681325,UPI_Fraud,55430.26,673042d418c5aa70@upi,Karnataka
31402030576829,2023-06-18 09:57:00,2023-06-18 11:28:44.197971,UPI_Fraud,398026.75,22690ccfe81c822e@upi,Delhi
31403758672089,2023-09-14 11:38:00,2023-09-14 13:03:07.764256,UPI_Fraud,312425.17,6ccfba4193d971a0@upi,Uttar Pradesh
31404375533705,2023-12-04 04:18:00,2023-12-04 10:38:18.464211,Sextortion,383483.91,4346536ee04363c3@upi,Karnataka
31406647971071,2023-09-19 07:50:00,2023-09-19 10:41:37.847330,UPI_Fraud,209865.91,2a7ffeb933dabef3@upi,Kerala
31406141479544,2023-05-19 20:35:00,2023-05-20 01:00:40.321380,UPI_Fraud,404535.45,8d23eeefc8b65f56@upi,West Bengal
31407343013993,2023-10-19 09:11:00,2023-10-19 23:33:11.019157,KYC_Fraud,404507.26,04cb4af66bbc9cd7@upi,Karnataka
31403224629654,2023-06-16 19:23:00,2023-06-16 23:57:51.006407,UPI_Fraud,151061.04,708e9a1b3e04ed99@upi,Kerala
31404089557706,2023-10-21 21:43:00,2023-10-22 08:11:53.689380,UPI_Fraud,34334.13,a540604a12e6c5bc@upi,Delhi
31404955669496,2023-08-30 05:23:00,2023-08-30 08:15:30.920935,UPI_Fraud,339650.43,ecc8777fcfc39d17@upi,Telangana
31405219302969,2023-09-05 05:20:00,2023-09-05 08:30:54.203418,Investment_Scam,393670.11,5440d6b39ae55086@upi,Rajasthan
31402576237022,2023-09-01 11:47:00,2023-09-01 12:33:00.332223,UPI_Fraud,135123.14,2f5005f659c6467e@upi,Rajasthan
31402006696395,2023-06-29 09:31:00,2023-06-29 13:52:51.903295,KYC_Fraud,207130.45,8603e60ca1329f36@upi,West Bengal
31405806996650,2023-12-09 06:39:00,2023-12-09 13:11:27.146407,Sextortion,132936.26,9f1975758d203f92@upi,Maharashtra
31406715330906,2023-08-17 01:19:00,2023-08-18 16:33:57.900842,Investment_Scam,172889.08,20c2089f25f299fe@upi,West Bengal
31405446556970,2023-03-13 11:52:00,2023-03-13 12:56:45.498185,UPI_Fraud,385632.01,87dce8f67ca19ad7@upi,Karnataka
31406379021487,2023-07-05 03:32:00,2023-07-06 01:41:55.886664,UPI_Fraud,319077.51,001cc7c523c48f43@upi,Telangana
31408483619298,2023-12-16 18:57:00,2023-12-17 04:56:43.564915,KYC_Fraud,148139.99,a7957ee71b9f947e@upi,Maharashtra
31404853583381,2023-05-20 23:33:00,2023-05-21 03:55:58.268182,Sextortion,309077.87,3df284a919e148a8@upi,Tamil Nadu
31407106312247,2023-01-13 18:28:00,2023-01-13 20:43:01.492491,UPI_Fraud,262499.54,b40cfec92900ce51@upi,Kerala
31408562008181,2023-09-07 11:01:00,2023-09-08 04:39:16.037770,UPI_Fraud,344726.0,6b92aabf992d4df4@upi,Kerala
31407159843426,2023-03-29 11:15:00,2023-03-29 12:07:32.059368,UPI_Fraud,375628.02,15611fa4233e5e09@upi,Rajasthan
31407955220642,2023-02-01 14:36:00,2023-02-01 15:44:14.182146,KYC_Fraud,143059.72,da409597f4ad841c@upi,Karnataka
31406552486118,2023-05-23 09:55:00,2023-05-23 15:12:31.921782,Sextortion,382596.03,cb15db1a9af73b40@upi,Delhi
31409989673900,2023-09-12 14:47:00,2023-09-12 17:50:22.897677,UPI_Fraud,350939.53,e3ca269f60d6d65f@upi,Telangana
31408673475720,2023-05-31 20:47:00,2023-05-31 22:22:01.239335,UPI_Fraud,226986.39,4933000996e6a77b@upi,Gujarat
31408443465375,2023-05-31 15:29:00,2023-05-31 18:27:55.462117,Investment_Scam,20294.49,4efff10329ca6699@upi,Rajasthan
31405028607285,2023-10-27 11:25:00,2023-10-28 06:56:08.765269,KYC_Fraud,443767.05,d9bcc83f674275e1@upi,Rajasthan
31409371892666,2023-01-12 04:53:00,2023-01-12 22:09:06.370889,UPI_Fraud,488713.12,47dbc2f354f604d2@upi,Karnataka
31401775870903,2023-11-29 06:41:00,2023-11-30 02:43:21.708730,Investment_Scam,408400.77,dd3bf42a1dd6c675@upi,Kerala
31401201637201,2023-11-20 20:32:00,2023-11-21 04:23:10.717966,Sextortion,498783.88,0c3bb40dc19d9219@upi,Rajasthan
31408947002670,2023-05-23 05:14:00,2023-05-23 06:30:46.842389,UPI_Fraud,199739.34,7a25be9714d338c3@upi,Delhi
31408140051208,2023-01-10 11:53:00,2023-01-11 02:56:42.314698,Investment_Scam,436071.5,3bebc51f1ef19765@upi,Karnataka
31408862811820,2023-03-04 22:33:00,2023-03-05 01:17:13.128212,KYC_Fraud,202940.02,3595b10f9139f7f5@upi,Rajasthan
31409528644349,2023-09-12 12:49:00,2023-09-12 14:45:01.022803,UPI_Fraud,156965.4,36743817547696c9@upi,Kerala
31404037447045,2023-01-01 06:31:00,2023-01-01 16:00:14.140259,UPI_Fraud,205991.68,5eb59abc9c970d06@upi,West Bengal
31404695314659,2023-06-23 09:53:00,2023-06-23 15:58:46.562007,Investment_Scam,215473.99,89d7b75cd9122aad@upi,Maharashtra
31405420039048,2023-02-28 08:03:00,2023-02-28 09:32:54.686333,Investment_Scam,13602.99,2ac4a8b096d7bd21@upi,West Bengal
31403297778631,2023-08-20 22:30:00,2023-08-21 22:07:10.548537,UPI_Fraud,262099.91,110ff49da0eee279@upi,Gujarat
31403081346033,2023-08-04 16:59:00,2023-08-04 21:42:28.434393,UPI_Fraud,272716.14,6b58ba7092cc6adf@upi,Uttar Pradesh
31407936757258,2023-07-14 21:48:00,2023-07-14 23:53:01.656519,Investment_Scam,214410.5,edd7f754af7e28c4@upi,Kerala
31409062447614,2023-12-09 21:52:00,2023-12-10 02:11:46.607402,UPI_Fraud,413124.43,5740c30c9a2b3355@upi,Telangana
31406842561952,2023-05-25 17:36:00,2023-05-25 20:30:26.293616,UPI_Fraud,73244.91,edaf410540b5230f@upi,Uttar Pradesh
31407063599653,2023-11-04 18:44:00,2023-11-05 04:38:45.780803,UPI_Fraud,14676.24,5388feb4869a504b@upi,Telangana
31408159416547,2023-03-09 01:01:00,2023-03-09 02:12:10.575997,KYC_Fraud,235574.13,8f21d510590ce4b1@upi,Tamil Nadu
31409301702954,2023-05-08 18:20:00,2023-05-08 22:32:56.457943,UPI_Fraud,363023.8,f9a34baab7be9f34@upi,Gujarat
31405631650342,2023-03-19 20:29:00,2023-03-19 23:15:35.902649,Investment_Scam,306889.44,dcf5a7c428ffc3d2@upi,Tamil Nadu
31404780882277,2023-06-20 18:35:00,2023-06-21 01:00:13.333135,Investment_Scam,64847.94,bda9d41fa5c88946@upi,West Bengal
31409381579599,2023-04-07 10:48:00,2023-04-07 21:46:56.243398,KYC_Fraud,248829.09,c945f53dcac18889@upi,West Bengal
31404417760657,2023-08-26 22:51:00,2023-08-27 03:25:39.249607,Investment_Scam,146560.21,65d155eaf6c38b64@upi,Telangana
31402788545002,2023-04-30 20:17:00,2023-05-01 02:29:00.407184,KYC_Fraud,357410.74,b8fbafa1b8d2fdba@upi,Delhi
31405123045541,2023-10-04 02:40:00,2023-10-04 06:37:02.566256,Investment_Scam,367700.84,faa390f0cabf520b@upi,Tamil Nadu
31404883335467,2023-02-24 19:51:00,2023-02-25 23:36:25.540612,UPI_Fraud,136768.36,460c3af32119dbe0@upi,Maharashtra
31407246588641,2023-03-28 08:16:00,2023-03-28 11:47:58.187984,Investment_Scam,469443.49,945db3dffb7ba17b@upi,West Bengal
31404063729846,2023-04-28 09:41:00,2023-04-28 14:18:20.829156,Investment_Scam,376862.25,05e58b535004d596@upi,Telangana
31401356204377,2023-09-03 06:16:00,2023-09-03 09:10:43.336141,KYC_Fraud,57519.59,bf87b95509821633@upi,Uttar Pradesh
31404826049110,2023-07-16 11:03:00,2023-07-16 12:11:05.854787,Investment_Scam,350535.37,a17d089448d398b5@upi,Karnataka
31402779978626,2023-02-26 18:11:00,2023-02-27 01:43:15.314157,UPI_Fraud,427404.5,bfd8d67e331c6de1@upi,Delhi
31406921193309,2023-10-06 16:00:00,2023-10-06 17:54:47.930694,KYC_Fraud,247244.79,48446ecf394d530e@upi,Delhi
31402191145239,2023-08-02 18:44:00,2023-08-02 19:23:48.634626,KYC_Fraud,126761.94,c527c012113fa811@upi,Maharashtra
31405207782895,2023-04-19 00:09:00,2023-04-19 05:25:55.008927,Investment_Scam,483814.57,0f8ee466d63c1e84@upi,Karnataka
31402520203422,2023-06-16 16:28:00,2023-06-18 08:45:41.383542,UPI_Fraud,230553.83,a2be5453e6de14d6@upi,Karnataka
31408356926668,2023-11-23 03:17:00,2023-11-23 06:18:36.178599,Investment_Scam,361902.29,31454f88f1830f51@upi,West Bengal
31406382893381,2023-09-12 18:34:00,2023-09-12 21:00:14.055044,Investment_Scam,261838.17,c293589cea3b5636@upi,Uttar Pradesh
31404603625305,2023-06-16 19:24:00,2023-06-16 22:00:08.386864,UPI_Fraud,122856.42,6b92513a58c1d9b4@upi,Gujarat
31407919587831,2023-03-09 14:23:00,2023-03-09 16:28:29.574708,UPI_Fraud,376175.8,488c8c92e7abac83@upi,Kerala
31409377228147,2023-05-13 11:49:00,2023-05-14 08:21:18.333064,Investment_Scam,324102.18,eeb7ceafb88813a8@upi,Maharashtra
31407951384834,2023-07-15 06:40:00,2023-07-15 11:30:20.855565,KYC_Fraud,307588.96,10d88bee675e95d1@upi,Gujarat
31402797559298,2023-04-29 01:05:00,2023-04-29 07:19:06.451058,UPI_Fraud,203754.95,59466547af7f83d0@upi,Tamil Nadu
31408851195772,2023-06-27 04:49:00,2023-06-27 09:16:27.713415,UPI_Fraud,469534.64,5f622da84139756e@upi,Tamil Nadu
31405389681734,2023-03-15 18:02:00,2023-03-15 22:23:08.192505,UPI_Fraud,134452.53,9b4705a5a1cd1e5b@upi,Karnataka
31402199634603,2023-01-04 09:38:00,2023-01-04 11:42:46.523820,KYC_Fraud,142859.7,2c55f0286942d24d@upi,Delhi
31407556726843,2023-11-21 09:08:00,2023-11-21 11:37:45.993116,UPI_Fraud,488463.7,3c3f2e8c9b7b4708@upi,Delhi
31401813347979,2023-09-16 03:56:00,2023-09-16 05:13:47.294620,UPI_Fraud,361137.09,e0bc7472ab1f2964@upi,Delhi
31402318979303,2023-02-25 11:24:00,2023-02-25 18:45:00.141311,KYC_Fraud,186241.02,6c95e9c4a0ba9faa@upi,Maharashtra
31405106006396,2023-08-20 16:34:00,2023-08-20 23:08:33.798235,Investment_Scam,496542.3,90eba30e6ce8087e@upi,Uttar Pradesh
31404709931040,2023-03-07 19:27:00,2023-03-08 08:12:52.519229,UPI_Fraud,407697.24,f46652f5ee1ad887@upi,Delhi
31409180965634,2023-08-04 04:19:00,2023-08-04 13:54:06.487222,KYC_Fraud,35761.45,1a5374909c292cdd@upi,Rajasthan
31409699932396,2023-06-30 12:11:00,2023-06-30 12:35:19.008730,UPI_Fraud,221293.14,523725b9cd46e00b@upi,Delhi
31406607993196,2023-09-16 23:04:00,2023-09-18 02:10:08.296091,Investment_Scam,363885.89,72d6d07fd7cb18f0@upi,Telangana
31402306615717,2023-07-03 09:41:00,2023-07-03 12:32:15.584305,UPI_Fraud,230141.4,0b2dda7d9fab34a2@upi,Karnataka
31402495836234,2023-03-11 08:31:00,2023-03-12 10:14:21.950502,Investment_Scam,35832.69,253c75bacf995b9c@upi,Rajasthan
31404511556293,2023-07-18 06:16:00,2023-07-18 07:34:18.113306,UPI_Fraud,314342.1,9fd752d9d0ccdbb9@upi,Tamil Nadu
31409014134999,2023-05-10 21:19:00,2023-05-11 01:07:03.529939,UPI_Fraud,325514.9,22ee0eda8c709f44@upi,West Bengal
31401337142354,2023-06-14 16:51:00,2023-06-15 02:54:13.892699,UPI_Fraud,413635.73,a1ad02ba32ffeec8@upi,Tamil Nadu
31407450468153,2023-10-20 18:30:00,2023-10-20 20:55:01.344403,UPI_Fraud,139905.49,9fa7af4628dd9cb3@upi,Karnataka
31403220684586,2023-03-28 00:15:00,2023-03-28 05:05:56.491293,Investment_Scam,62288.79,f54efba75794b357@upi,Gujarat
31408500758612,2023-04-02 20:38:00,2023-04-03 09:29:26.704354,KYC_Fraud,316766.81,6d100f11d2a14a1a@upi,Kerala
31403021243613,2023-05-08 06:41:00,2023-05-08 21:06:23.807458,Sextortion,232423.81,8edda279ba9e9ed1@upi,Delhi
31408341889266,2023-03-05 21:57:00,2023-03-06 00:55:01.886438,UPI_Fraud,498859.41,93c4f2afeee071da@upi,Delhi
31409798591974,2023-03-05 19:10:00,2023-03-06 04:46:54.338246,Sextortion,488044.94,062371f93ac5416d@upi,Uttar Pradesh
31406682582025,2023-04-21 17:58:00,2023-04-22 01:26:23.610303,Investment_Scam,72891.46,2340f46458879cfc@upi,Gujarat
31401292931907,2023-10-08 10:37:00,2023-10-08 11:45:46.343544,UPI_Fraud,41476.9,93a252f15bde845b@upi,Kerala
31408970226468,2023-03-10 08:01:00,2023-03-10 14:49:59.162610,Investment_Scam,394292.94,94fdc6b8e876af4b@upi,Kerala
31403528425866,2023-04-24 11:35:00,2023-04-24 13:42:23.797424,Sextortion,186429.35,0f3e1c23ab2acd64@upi,Kerala
31403300869378,2023-08-06 20:44:00,2023-08-07 01:24:52.844302,Investment_Scam,160396.23,4f0d8ce1b58bf64c@upi,Kerala
31409811267111,2023-03-13 04:14:00,2023-03-13 07:28:52.521846,Investment_Scam,436150.98,bae8c9e755c32ed4@upi,West Bengal
31401366218315,2023-07-27 22:42:00,2023-07-28 03:41:48.587970,UPI_Fraud,338674.86,f0cab7fa2fa3bdf5@upi,Tamil Nadu
31408142653792,2023-03-31 05:45:00,2023-03-31 09:29:34.617283,Investment_Scam,339113.51,d3e3dc428f4f7211@upi,Tamil Nadu
31406712976910,2023-01-21 07:50:00,2023-01-21 15:27:56.886532,Investment_Scam,22242.2,fd6124470dc27ee8@upi,West Bengal
31402760650988,2023-10-03 07:57:00,2023-10-04 06:42:22.435422,Investment_Scam,295441.55,e09de44b287780d9@upi,Kerala
31402098467858,2023-10-12 21:15:00,2023-10-13 13:44:35.419912,KYC_Fraud,102827.28,40a7839d77ce9523@upi,Telangana
31407841405693,2023-12-08 06:22:00,2023-12-08 08:04:24.235565,Investment_Scam,63650.58,96c80e0c992812b9@upi,Telangana
31409456615611,2023-08-13 08:56:00,2023-08-13 12:22:04.178289,Investment_Scam,144364.32,8cb14c1df286e985@upi,Kerala
31405202683774,2023-01-29 18:48:00,2023-01-30 09:30:39.669368,KYC_Fraud,340863.11,b52aeac57b65c3e1@upi,Gujarat
31404058518651,2023-02-11 03:40:00,2023-02-12 08:09:04.411416,UPI_Fraud,73629.94,c4c27acc47e6d960@upi,Rajasthan
31402638746854,2023-03-14 20:26:00,2023-03-15 01:25:24.152058,UPI_Fraud,61768.67,a7582a5b632b9fbb@upi,Delhi
31404997219253,2023-01-06 05:52:00,2023-01-06 12:28:07.172601,KYC_Fraud,354605.84,a99b1abe35df6c4f@upi,Gujarat
31404348297232,2023-01-02 11:21:00,2023-01-02 19:49:48.276200,UPI_Fraud,323819.16,d987bbe07c445fa4@upi,Maharashtra
31401565909115,2023-09-08 00:52:00,2023-09-08 07:53:40.750893,UPI_Fraud,294098.49,fe37a32105f85e14@upi,Delhi
31401925179436,2023-02-15 22:10:00,2023-02-16 05:56:27.568449,UPI_Fraud,246951.55,3e96103935c76626@upi,West Bengal
31406880400405,2023-02-04 23:27:00,2023-02-05 00:41:34.328586,UPI_Fraud,111971.96,3fd666dafcab0387@upi,Maharashtra
31408249843916,2023-08-31 21:14:00,2023-09-01 04:25:02.555357,Investment_Scam,379865.45,e9b823fe47bc426a@upi,Delhi
31406386654162,2023-03-09 10:04:00,2023-03-09 11:55:12.325481,Investment_Scam,492203.84,865f7c1cd0f9ed15@upi,Karnataka
31409256633778,2023-04-13 08:41:00,2023-04-13 09:31:51.474043,KYC_Fraud,106366.94,40358308186e55a2@upi,Karnataka
31401923550074,2023-05-12 19:49:00,2023-05-12 23:09:54.192618,Investment_Scam,103211.69,e01c434b0d177165@upi,Maharashtra
31407600153548,2023-07-07 23:34:00,2023-07-08 02:05:33.810400,UPI_Fraud,61283.62,670cc11c904cb688@upi,Kerala
31407048892179,2023-03-24 00:04:00,2023-03-24 03:27:56.754539,UPI_Fraud,73857.01,9ee7cac59a162040@upi,Uttar Pradesh
31405738404327,2023-12-23 20:35:00,2023-12-23 23:20:06.870165,Investment_Scam,273265.08,fb3613bd645c7d41@upi,Telangana
31408967568168,2023-04-10 11:38:00,2023-04-11 00:45:21.221590,UPI_Fraud,60356.44,94886534ba697546@upi,Kerala
31407074763308,2023-03-26 16:15:00,2023-03-26 17:40:19.199234,Investment_Scam,177456.93,9a9c31abade1e5d9@upi,Karnataka
31405230190473,2023-09-01 15:45:00,2023-09-01 20:23:05.417963,Investment_Scam,345969.36,76b7a36222fb4dbf@upi,Kerala
31406145539951,2023-12-25 14:50:00,2023-12-25 18:34:10.844968,KYC_Fraud,455996.1,39647341f69d4904@upi,Uttar Pradesh
31406016560395,2023-05-20 06:13:00,2023-05-20 11:21:45.061338,Investment_Scam,162081.74,82952cb79d3f45d9@upi,Maharashtra
31405081276203,2023-04-16 09:42:00,2023-04-16 14:48:54.167018,KYC_Fraud,133890.33,1363f80c2a6ea929@upi,Uttar Pradesh
31409028208592,2023-05-26 08:56:00,2023-05-26 12:55:45.441976,UPI_Fraud,89654.99,78a973ba4ad6b938@upi,Rajasthan
31409329064433,2023-05-23 05:55:00,2023-05-23 14:28:42.947366,UPI_Fraud,234294.47,2caa43907a3f59bb@upi,Maharashtra
31409815039849,2023-06-21 06:15:00,2023-06-21 18:59:15.498778,Sextortion,490103.73,cc1c94c6f9f1c567@upi,Karnataka
31406447554723,2023-03-03 09:37:00,2023-03-03 19:30:35.935206,Sextortion,113601.32,bbe623c9da0b733d@upi,Uttar Pradesh
31405227716631,2023-12-19 19:36:00,2023-12-19 22:07:58.391476,UPI_Fraud,387310.4,d0d470cfc4fc7e7d@upi,Telangana
31401454371032,2023-03-10 12:08:00,2023-03-10 16:57:26.626637,Investment_Scam,114469.93,b18f7c8dd40cd2ae@upi,Delhi
31409952358857,2023-07-04 08:25:00,2023-07-04 12:19:19.101998,UPI_Fraud,215275.32,fbf4e2a2689a0699@upi,Uttar Pradesh
31405979333555,2023-01-25 18:12:00,2023-01-26 00:54:53.798091,KYC_Fraud,395387.8,3690c9c1867520be@upi,Karnataka
31405874024418,2023-11-29 13:04:00,2023-11-29 14:51:59.471072,Investment_Scam,357205.94,2119af9683bba04d@upi,West Bengal
31403645160756,2023-06-20 01:36:00,2023-06-20 03:06:42.681458,Investment_Scam,156938.39,edb30e13f1a3821d@upi,Delhi
31407432438861,2023-01-26 23:52:00,2023-01-27 04:20:55.678359,UPI_Fraud,201244.82,6e54222dc745323c@upi,Maharashtra
31402585353469,2023-10-25 11:48:00,2023-10-25 13:29:11.442896,Sextortion,85663.72,040c1f611eb42ce9@upi,Uttar Pradesh
31409753923990,2023-04-14 19:45:00,2023-04-15 06:05:34.496101,Investment_Scam,145800.73,25e15980a34119d6@upi,Karnataka
31402677473399,2023-09-12 07:33:00,2023-09-13 02:30:09.624766,UPI_Fraud,14223.31,3c8adec20ebc7ecc@upi,West Bengal
31406050207226,2023-01-26 18:49:00,2023-01-26 21:30:05.468688,UPI_Fraud,217116.44,ec7e68e5d9782dd2@upi,Rajasthan
31409492152057,2023-10-16 18:36:00,2023-10-16 20:26:43.270495,KYC_Fraud,298331.31,3da0d543bb6c4c0f@upi,West Bengal
31409295918220,2023-05-13 09:27:00,2023-05-13 19:08:48.488485,UPI_Fraud,293327.01,d3503cdd07a76e2f@upi,Telangana
31405592468940,2023-01-22 14:12:00,2023-01-22 18:52:16.083770,UPI_Fraud,353560.67,67b29c8559f11dce@upi,Telangana
31403962814233,2023-10-13 15:12:00,2023-10-13 17:59:36.652070,Sextortion,245289.92,9ad82182ead0fba7@upi,Maharashtra
31401232600878,2023-08-29 05:01:00,2023-08-30 06:46:13.098225,Investment_Scam,251259.85,a7725f1729a11e9a@upi,Kerala
31409452738117,2023-09-30 22:28:00,2023-10-01 01:29:55.697939,UPI_Fraud,417545.07,02ae516d1d2fd9f9@upi,Tamil Nadu
31402224620158,2023-09-19 06:11:00,2023-09-19 15:14:22.011163,UPI_Fraud,194152.4,e500c9e498d732fc@upi,Karnataka
31406794406253,2023-03-30 12:20:00,2023-04-01 02:59:53.148041,Investment_Scam,391212.64,eceb974fb106da17@upi,Rajasthan
31403879751646,2023-03-20 19:01:00,2023-03-20 22:15:34.706054,KYC_Fraud,185790.32,a85dc85b910de8fb@upi,Maharashtra
31401925628789,2023-11-19 17:38:00,2023-11-19 21:46:00.539308,UPI_Fraud,481484.33,4d3d6e8a9d6c2263@upi,Delhi
31405344106495,2023-05-19 03:04:00,2023-05-19 04:55:59.690711,Investment_Scam,22088.28,a34fc46ca7398755@upi,West Bengal
31402847373038,2023-04-09 21:35:00,2023-04-10 01:17:03.160027,Sextortion,402262.69,a7d3dd3cb0ab4de4@upi,Delhi
31404065412654,2023-05-23 09:40:00,2023-05-23 13:47:33.251857,UPI_Fraud,13474.99,0f108ded4e10a78b@upi,Tamil Nadu
31407230503297,2023-01-31 18:39:00,2023-02-01 00:21:53.947133,UPI_Fraud,88236.51,30e3b2726849cf25@upi,Rajasthan
31403957586744,2023-10-31 00:52:00,2023-10-31 01:52:14.376223,UPI_Fraud,387168.39,30bc88d810aef42b@upi,Rajasthan
31401186912218,2023-11-17 20:26:00,2023-11-18 08:07:53.753658,Sextortion,209166.73,0766e1d476d3074f@upi,Uttar Pradesh
31403068050352,2023-01-28 12:16:00,2023-01-28 14:42:20.936640,KYC_Fraud,426565.04,85325f4fb0095b84@upi,Rajasthan
31404887406646,2023-03-26 10:04:00,2023-03-26 18:10:19.434196,UPI_Fraud,83455.53,3a7a7ffa6de3098d@upi,West Bengal
